time,temperature_2m_max,temperature_2m_min,precipitation_sum,et0_fao_evapotranspiration,windspeed_10m_max
2015-01-01,20.8,14.0,5.6,4.83,19.7
2015-01-02,20.7,13.4,0.0,3.57,12.6
2015-01-03,23.7,11.9,0.2,4.7,9.8
2015-01-04,23.0,13.3,0.3,4.5,13.0
2015-01-05,22.4,13.2,0.0,5.06,14.0
2015-01-06,21.9,13.3,0.0,4.68,15.9
2015-01-07,22.4,14.4,0.4,4.06,17.0
2015-01-08,24.0,15.1,0.6,4.52,16.1
2015-01-09,21.1,15.4,5.8,2.84,16.4
2015-01-10,23.7,15.0,0.0,5.0,16.1
2015-01-11,20.7,12.8,0.0,4.55,20.3
2015-01-12,23.0,14.5,0.0,3.6,21.7
2015-01-13,24.2,15.3,0.0,5.26,13.5
2015-01-14,24.0,14.1,0.0,5.07,14.2
2015-01-15,25.2,13.8,0.0,4.88,10.5
2015-01-16,24.2,17.2,0.0,4.11,12.1
2015-01-17,22.8,15.9,3.8,2.74,16.8
2015-01-18,23.6,14.2,0.0,5.08,18.0
2015-01-19,22.8,16.1,0.0,4.5,19.3
2015-01-20,20.8,14.4,0.3,2.38,14.0
2015-01-21,22.6,11.8,0.0,5.75,19.4
2015-01-22,24.1,14.0,0.0,4.56,17.0
2015-01-23,23.2,15.0,0.2,3.69,17.0
2015-01-24,26.6,13.5,0.0,5.81,16.3
2015-01-25,28.0,14.8,0.1,5.51,15.6
2015-01-26,25.3,17.7,0.2,4.31,19.1
2015-01-27,26.2,13.9,0.0,4.76,13.3
2015-01-28,26.4,16.5,2.5,4.39,17.2
2015-01-29,28.2,15.1,0.0,5.31,14.5
2015-01-30,26.1,16.7,0.2,4.4,12.5
2015-01-31,24.5,18.2,1.0,3.17,14.1
2015-02-01,22.4,18.0,8.9,1.85,18.6
2015-02-02,22.4,18.0,13.7,2.23,22.7
2015-02-03,21.8,15.1,0.9,3.71,28.6
2015-02-04,21.1,13.6,1.6,3.01,21.1
2015-02-05,18.5,14.8,0.5,3.59,30.7
2015-02-06,17.8,13.3,4.4,3.34,34.7
2015-02-07,20.1,8.7,0.0,4.83,16.4
2015-02-08,21.4,11.5,0.0,3.82,12.6
2015-02-09,21.9,15.2,1.0,2.94,22.5
2015-02-10,22.6,14.1,1.2,3.97,21.5
2015-02-11,24.5,11.3,0.0,5.26,15.7
2015-02-12,22.8,12.0,0.0,3.43,13.7
2015-02-13,22.3,13.6,0.0,3.76,17.9
2015-02-14,23.4,12.6,0.0,3.78,12.5
2015-02-15,22.1,14.4,0.0,3.66,12.3
2015-02-16,22.6,11.2,0.0,3.97,11.2
2015-02-17,23.4,14.4,0.0,3.98,9.1
2015-02-18,24.3,11.8,0.0,4.8,15.4
2015-02-19,23.5,11.1,0.0,4.55,18.1
2015-02-20,24.9,13.7,0.0,4.57,8.7
2015-02-21,21.1,14.4,1.5,2.36,15.3
2015-02-22,23.5,14.7,3.7,3.35,10.8
2015-02-23,23.3,15.5,2.9,3.41,16.3
2015-02-24,22.6,15.4,0.4,3.17,14.5
2015-02-25,22.4,15.5,0.7,3.47,19.5
2015-02-26,22.9,12.2,0.0,3.73,10.7
2015-02-27,22.4,12.4,1.3,3.35,19.1
2015-02-28,23.4,11.2,0.0,4.24,15.2
2015-03-01,24.9,12.6,0.0,4.55,11.7
2015-03-02,25.5,13.8,0.4,3.81,10.6
2015-03-03,24.8,16.0,0.0,3.34,9.5
2015-03-04,24.1,14.1,0.0,2.81,6.4
2015-03-05,25.0,15.8,0.2,3.89,12.6
2015-03-06,22.6,15.2,10.3,1.63,31.8
2015-03-07,21.4,13.8,15.5,2.25,31.9
2015-03-08,19.9,14.8,1.2,3.15,28.2
2015-03-09,20.1,13.4,0.0,2.51,12.7
2015-03-10,22.3,12.1,0.0,3.35,15.9
2015-03-11,23.0,12.5,0.0,2.85,8.0
2015-03-12,21.0,15.5,12.2,2.06,12.1
2015-03-13,22.2,13.5,1.1,2.94,8.4
2015-03-14,23.8,13.6,0.1,3.43,11.5
2015-03-15,22.7,15.0,4.7,3.05,19.1
2015-03-16,21.3,14.9,18.2,2.04,22.2
2015-03-17,18.8,11.6,0.0,2.71,22.9
2015-03-18,18.2,8.6,0.0,2.81,13.3
2015-03-19,18.5,10.7,0.0,2.87,10.7
2015-03-20,18.8,5.6,0.0,3.47,10.6
2015-03-21,19.7,10.0,0.0,2.42,11.7
2015-03-22,20.2,11.0,0.0,2.47,11.6
2015-03-23,19.7,11.3,0.5,2.27,14.2
2015-03-24,19.3,12.6,3.1,2.1,16.1
2015-03-25,21.2,11.1,0.0,2.49,10.7
2015-03-26,20.1,14.6,3.6,1.68,15.4
2015-03-27,21.5,14.5,0.7,2.03,11.3
2015-03-28,20.0,13.6,2.3,1.2,17.5
2015-03-29,19.9,15.2,6.8,1.69,22.5
2015-03-30,19.4,13.6,2.2,2.13,22.9
2015-03-31,19.5,11.4,0.0,2.5,16.8
2015-04-01,20.9,8.1,0.0,2.62,9.4
2015-04-02,20.0,12.4,0.0,2.4,11.3
2015-04-03,18.8,10.6,0.0,2.16,16.1
2015-04-04,19.7,10.5,0.5,1.87,22.3
2015-04-05,21.1,14.4,0.0,1.77,8.4
2015-04-06,21.0,12.7,0.7,1.82,14.8
2015-04-07,21.6,14.5,2.2,2.37,17.0
2015-04-08,19.8,15.8,7.5,1.0,13.9
2015-04-09,20.0,18.1,16.2,0.6,17.8
2015-04-10,20.1,16.2,8.8,1.3,21.5
2015-04-11,19.7,12.8,2.7,2.06,13.2
2015-04-12,16.5,11.1,0.1,1.64,20.9
2015-04-13,14.8,7.8,20.5,0.92,27.3
2015-04-14,12.4,6.1,0.3,1.93,19.4
2015-04-15,15.3,5.8,2.3,1.73,21.3
2015-04-16,15.5,5.0,0.0,2.28,17.7
2015-04-17,15.7,8.7,1.5,1.58,16.9
2015-04-18,14.5,11.2,32.4,0.44,17.6
2015-04-19,18.5,6.9,0.1,1.79,15.8
2015-04-20,19.3,12.6,1.1,1.77,10.3
2015-04-21,18.9,10.2,0.1,1.56,8.5
2015-04-22,19.8,11.5,0.0,1.74,7.9
2015-04-23,18.6,13.1,0.0,1.79,13.4
2015-04-24,18.7,10.0,0.0,2.11,12.3
2015-04-25,16.9,9.1,0.0,1.52,16.7
2015-04-26,17.8,10.5,0.0,1.85,22.0
2015-04-27,17.2,14.4,44.4,0.38,32.5
2015-04-28,15.8,10.8,16.0,1.14,27.2
2015-04-29,14.5,9.9,6.2,1.19,27.7
2015-04-30,14.8,6.6,0.1,1.88,32.4
2015-05-01,16.1,5.0,0.0,1.87,15.5
2015-05-02,15.6,9.0,0.0,1.49,13.4
2015-05-03,15.0,6.2,0.0,1.31,11.7
2015-05-04,14.1,3.8,0.0,1.38,9.1
2015-05-05,17.6,8.1,0.0,1.33,13.6
2015-05-06,18.3,10.6,0.2,1.48,21.5
2015-05-07,19.1,13.6,10.6,1.15,25.4
2015-05-08,17.2,12.9,19.7,0.45,20.9
2015-05-09,16.1,10.8,0.0,1.53,19.4
2015-05-10,17.1,9.0,0.0,1.35,17.7
2015-05-11,16.1,9.7,2.8,0.89,14.2
2015-05-12,14.3,11.4,19.0,0.56,24.2
2015-05-13,16.7,10.3,0.0,1.73,19.2
2015-05-14,15.2,9.6,35.0,0.38,22.1
2015-05-15,15.2,9.5,21.0,0.75,27.7
2015-05-16,14.1,7.3,0.0,1.68,22.3
2015-05-17,14.8,5.8,0.0,1.23,11.0
2015-05-18,14.8,5.5,0.0,1.4,28.2
2015-05-19,15.6,9.2,0.0,1.23,20.1
2015-05-20,14.5,7.4,0.0,1.31,9.7
2015-05-21,15.7,9.3,10.1,0.75,20.1
2015-05-22,14.1,8.3,1.9,1.37,18.8
2015-05-23,12.0,7.7,47.4,0.3,24.6
2015-05-24,12.5,9.1,2.7,1.11,29.7
2015-05-25,10.6,7.7,1.7,1.66,30.3
2015-05-26,11.6,8.1,0.6,1.26,30.3
2015-05-27,12.3,3.5,0.7,1.32,11.6
2015-05-28,12.3,0.2,0.0,1.29,7.3
2015-05-29,12.0,-0.4,0.0,1.25,8.0
2015-05-30,13.3,4.0,0.0,1.11,16.4
2015-05-31,14.3,7.4,0.2,1.0,14.1
2015-06-01,14.5,11.0,6.5,0.47,24.2
2015-06-02,15.3,12.0,25.1,0.4,24.0
2015-06-03,13.6,10.6,17.2,0.55,31.9
2015-06-04,13.1,9.3,5.1,0.51,18.7
2015-06-05,13.4,6.4,0.0,0.92,5.9
2015-06-06,12.9,7.5,1.3,0.82,10.0
2015-06-07,13.1,6.2,0.0,0.98,21.2
2015-06-08,13.2,3.5,0.0,1.03,6.7
2015-06-09,15.0,8.6,0.3,0.76,16.8
2015-06-10,15.1,11.5,6.0,0.83,26.1
2015-06-11,13.2,8.7,3.6,1.04,26.4
2015-06-12,13.6,8.9,1.9,1.23,36.9
2015-06-13,12.8,9.6,0.0,1.68,37.2
2015-06-14,13.6,11.3,0.0,1.29,36.4
2015-06-15,12.5,7.9,0.1,1.16,23.5
2015-06-16,10.7,3.2,0.0,1.27,19.2
2015-06-17,11.7,0.3,0.0,1.09,8.0
2015-06-18,12.9,6.1,0.5,0.69,20.7
2015-06-19,14.8,10.1,1.8,0.54,23.5
2015-06-20,15.2,13.8,31.7,0.29,29.2
2015-06-21,13.0,10.0,0.0,1.06,21.9
2015-06-22,10.0,2.0,0.2,1.33,18.6
2015-06-23,9.4,-0.5,0.0,1.01,14.1
2015-06-24,9.4,0.9,0.0,0.99,14.8
2015-06-25,8.8,0.6,0.0,0.96,20.5
2015-06-26,12.6,1.3,1.7,0.8,27.0
2015-06-27,11.8,8.5,0.1,1.19,27.9
2015-06-28,13.7,8.7,0.0,1.26,22.4
2015-06-29,12.4,8.5,0.0,1.3,34.9
2015-06-30,13.6,10.0,0.0,0.99,23.1
2015-07-01,13.2,8.0,0.0,1.15,24.3
2015-07-02,12.8,6.1,0.0,0.8,9.5
2015-07-03,13.7,6.9,9.1,0.77,30.1
2015-07-04,13.4,10.7,7.4,0.41,12.8
2015-07-05,13.0,8.6,0.0,1.02,29.0
2015-07-06,13.4,10.5,3.9,0.99,22.6
2015-07-07,12.8,9.0,21.2,0.45,25.6
2015-07-08,8.8,2.5,3.6,0.7,17.6
2015-07-09,6.8,1.9,0.0,1.11,25.4
2015-07-10,9.2,0.5,0.0,1.12,19.8
2015-07-11,9.1,-1.2,0.0,1.1,12.4
2015-07-12,10.5,-2.3,0.0,1.09,8.3
2015-07-13,10.5,-2.2,0.0,1.18,10.6
2015-07-14,11.9,0.8,0.0,1.07,24.2
2015-07-15,12.9,9.3,22.0,0.7,27.4
2015-07-16,14.0,8.1,1.6,0.98,19.2
2015-07-17,12.8,7.0,0.2,0.95,18.0
2015-07-18,12.4,6.8,24.9,0.36,36.2
2015-07-19,9.9,3.5,0.4,1.31,30.2
2015-07-20,11.0,2.6,0.9,1.05,31.2
2015-07-21,11.7,3.9,0.0,1.57,22.2
2015-07-22,12.5,2.8,0.0,1.44,17.0
2015-07-23,11.1,-0.9,0.0,1.3,9.3
2015-07-24,11.3,3.8,0.0,0.85,17.8
2015-07-25,12.1,2.2,0.0,1.09,16.3
2015-07-26,12.3,7.7,1.8,0.57,15.4
2015-07-27,13.9,9.8,3.9,0.41,22.4
2015-07-28,12.2,8.7,21.0,0.74,22.2
2015-07-29,11.9,5.7,3.0,1.13,21.8
2015-07-30,10.2,2.1,0.0,1.39,21.3
2015-07-31,11.1,3.7,0.1,0.89,12.6
2015-08-01,12.7,7.3,0.8,0.9,16.3
2015-08-02,14.2,7.2,1.6,1.15,15.8
2015-08-03,14.9,7.4,0.0,0.88,18.7
2015-08-04,14.6,11.1,13.2,0.91,26.2
2015-08-05,11.9,6.8,17.6,0.35,17.4
2015-08-06,13.3,9.9,16.0,1.05,27.0
2015-08-07,10.8,7.5,8.5,0.93,25.2
2015-08-08,9.0,3.5,10.1,0.94,24.0
2015-08-09,9.1,2.1,4.4,1.03,11.5
2015-08-10,10.0,-1.0,0.8,1.28,14.2
2015-08-11,9.4,-0.8,0.0,1.36,20.8
2015-08-12,9.9,0.6,0.0,1.34,18.9
2015-08-13,11.2,-1.6,0.0,1.59,11.9
2015-08-14,12.1,5.8,8.4,0.75,30.3
2015-08-15,12.3,6.6,3.5,1.16,9.6
2015-08-16,13.3,4.7,0.0,1.43,16.5
2015-08-17,13.5,3.0,0.0,1.71,11.4
2015-08-18,13.0,5.8,2.9,1.05,23.5
2015-08-19,12.0,8.2,10.5,0.59,27.7
2015-08-20,12.8,4.9,0.0,1.52,22.5
2015-08-21,12.9,0.4,0.0,1.86,7.4
2015-08-22,11.9,3.6,0.0,1.17,7.3
2015-08-23,13.1,7.3,0.8,1.1,14.7
2015-08-24,13.9,6.3,1.3,1.42,17.7
2015-08-25,12.1,7.6,21.8,0.37,18.4
2015-08-26,13.9,5.8,0.0,1.85,16.1
2015-08-27,13.8,1.9,0.0,2.0,10.9
2015-08-28,13.4,2.2,0.0,1.5,9.0
2015-08-29,12.6,3.4,1.7,1.28,14.6
2015-08-30,15.7,7.4,10.7,1.14,16.3
2015-08-31,12.5,6.8,18.1,0.54,25.8
2015-09-01,13.8,9.2,23.1,0.48,38.9
2015-09-02,13.9,7.8,13.8,0.88,20.8
2015-09-03,13.3,6.6,3.6,1.17,25.7
2015-09-04,11.4,6.0,1.4,1.01,18.1
2015-09-05,12.7,4.8,0.0,1.88,21.7
2015-09-06,11.2,7.7,2.6,1.88,30.3
2015-09-07,13.1,4.4,0.0,2.34,16.5
2015-09-08,12.5,4.7,0.0,1.72,20.9
2015-09-09,13.1,6.6,0.0,1.43,16.6
2015-09-10,12.8,7.7,13.2,0.75,25.4
2015-09-11,11.3,5.8,4.6,2.06,28.8
2015-09-12,10.9,3.9,1.0,2.31,25.2
2015-09-13,14.5,4.4,0.0,1.67,23.3
2015-09-14,14.2,3.4,0.0,1.87,10.7
2015-09-15,12.4,4.1,0.0,1.25,23.8
2015-09-16,12.6,10.0,0.0,1.59,21.2
2015-09-17,15.4,9.6,1.5,1.37,20.1
2015-09-18,15.7,8.5,10.8,1.44,18.1
2015-09-19,14.2,7.5,3.9,2.1,9.2
2015-09-20,12.3,8.0,23.1,1.2,27.3
2015-09-21,10.5,5.5,8.8,1.2,28.7
2015-09-22,13.5,5.0,9.5,1.71,14.0
2015-09-23,13.5,6.1,5.0,1.46,16.0
2015-09-24,16.5,9.3,6.6,2.19,25.8
2015-09-25,15.4,8.6,0.2,2.69,17.3
2015-09-26,15.9,4.3,0.0,2.84,16.2
2015-09-27,14.4,6.6,0.3,2.77,11.9
2015-09-28,13.8,5.4,3.8,2.29,13.1
2015-09-29,16.0,2.5,0.0,2.85,9.0
2015-09-30,15.7,5.0,0.0,2.56,11.4
2015-10-01,15.5,6.3,3.1,2.25,19.1
2015-10-02,15.3,10.7,22.7,1.34,22.8
2015-10-03,17.6,8.7,0.5,2.64,15.1
2015-10-04,14.9,6.6,0.0,1.9,24.9
2015-10-05,15.9,8.0,0.0,2.97,30.6
2015-10-06,15.2,6.0,0.0,2.86,22.1
2015-10-07,16.3,6.2,0.0,2.52,19.2
2015-10-08,14.6,6.8,0.7,2.27,29.9
2015-10-09,14.3,3.5,0.0,3.08,15.1
2015-10-10,13.2,6.4,0.0,1.87,19.0
2015-10-11,14.7,7.1,0.0,2.18,22.9
2015-10-12,15.6,11.1,0.0,2.33,27.7
2015-10-13,16.4,11.5,10.0,1.85,27.4
2015-10-14,16.7,9.3,2.5,2.62,14.7
2015-10-15,15.8,6.2,0.0,2.75,15.6
2015-10-16,14.0,7.3,0.0,2.2,24.5
2015-10-17,14.4,9.9,0.0,2.34,29.6
2015-10-18,16.1,10.8,1.0,1.76,27.4
2015-10-19,13.5,9.2,0.0,2.6,36.4
2015-10-20,14.1,8.0,0.0,2.39,26.6
2015-10-21,14.8,9.2,0.0,2.03,24.3
2015-10-22,15.4,11.9,3.4,0.92,29.5
2015-10-23,17.9,13.7,2.0,2.64,25.2
2015-10-24,18.5,11.8,13.3,2.15,20.5
2015-10-25,17.2,8.9,0.0,3.72,16.9
2015-10-26,16.4,7.7,1.5,2.68,18.4
2015-10-27,16.6,10.0,0.2,2.95,26.9
2015-10-28,16.7,9.6,0.0,2.58,15.6
2015-10-29,16.8,8.7,2.5,2.5,13.7
2015-10-30,16.6,9.9,0.2,3.12,19.1
2015-10-31,14.8,8.8,0.0,2.63,18.4
2015-11-01,17.6,6.6,0.0,3.97,14.4
2015-11-02,14.1,7.1,0.0,2.22,15.5
2015-11-03,15.3,9.8,4.7,2.34,20.2
2015-11-04,13.4,6.3,30.8,1.2,25.2
2015-11-05,17.1,4.6,0.0,3.65,17.8
2015-11-06,19.9,3.3,0.0,4.82,8.9
2015-11-07,19.9,5.3,0.0,4.62,16.5
2015-11-08,17.6,6.5,0.0,4.0,17.0
2015-11-09,20.2,8.2,0.0,3.44,13.7
2015-11-10,18.5,12.4,0.0,3.18,16.7
2015-11-11,16.5,10.5,0.3,3.15,21.9
2015-11-12,16.1,7.2,4.3,2.43,16.7
2015-11-13,17.4,3.7,0.0,4.12,16.6
2015-11-14,15.7,3.4,0.0,3.98,19.3
2015-11-15,16.6,11.6,10.9,1.11,21.3
2015-11-16,16.2,11.6,22.8,0.85,16.3
2015-11-17,15.9,8.6,0.0,2.77,28.6
2015-11-18,17.8,10.6,0.0,3.54,20.0
2015-11-19,16.0,9.4,0.0,2.76,17.7
2015-11-20,15.7,11.5,7.1,1.6,25.5
2015-11-21,14.6,12.1,22.3,1.29,27.8
2015-11-22,17.2,11.2,6.6,3.18,34.9
2015-11-23,16.9,8.7,0.0,4.3,19.4
2015-11-24,17.1,8.2,0.0,3.74,14.0
2015-11-25,19.9,7.1,0.0,4.6,11.5
2015-11-26,21.8,13.2,0.0,4.09,13.8
2015-11-27,20.9,13.4,7.8,3.35,23.1
2015-11-28,18.2,11.0,6.8,1.57,21.5
2015-11-29,21.3,7.5,0.0,5.15,11.0
2015-11-30,20.4,11.6,3.5,2.63,17.1
2015-12-01,18.7,14.6,1.8,1.79,16.3
2015-12-02,19.6,13.0,0.0,2.46,11.6
2015-12-03,19.7,14.3,0.0,3.19,13.2
2015-12-04,18.9,11.1,2.2,2.56,16.0
2015-12-05,16.1,10.0,0.0,2.84,23.8
2015-12-06,17.4,13.1,2.0,2.26,23.3
2015-12-07,16.1,11.9,2.1,3.22,23.1
2015-12-08,15.6,10.9,0.0,3.2,26.8
2015-12-09,18.7,11.1,0.0,3.77,17.7
2015-12-10,16.4,9.1,0.0,3.18,25.3
2015-12-11,20.8,15.0,1.0,4.21,18.4
2015-12-12,20.7,15.4,7.4,2.41,22.9
2015-12-13,17.8,12.2,16.6,3.71,29.4
2015-12-14,16.0,10.6,0.0,3.1,19.5
2015-12-15,17.1,10.4,0.0,2.91,22.2
2015-12-16,17.9,11.2,3.5,2.94,22.3
2015-12-17,17.2,9.0,2.3,4.08,13.6
2015-12-18,17.8,8.3,0.0,4.2,20.9
2015-12-19,22.1,9.0,0.0,5.06,19.6
2015-12-20,20.9,10.5,0.0,4.87,21.9
2015-12-21,19.4,12.4,0.0,3.53,22.8
2015-12-22,20.6,13.8,0.2,3.59,27.4
2015-12-23,21.1,12.0,2.3,3.59,19.3
2015-12-24,17.9,13.2,0.4,2.56,22.9
2015-12-25,21.0,14.2,0.9,3.45,13.9
2015-12-26,23.2,11.4,0.3,4.73,16.8
2015-12-27,25.4,12.0,0.0,5.64,19.6
2015-12-28,24.8,15.6,0.0,4.6,19.8
2015-12-29,23.2,12.5,0.0,5.31,22.0
2015-12-30,22.7,11.7,1.1,4.39,13.7
2015-12-31,24.5,14.2,1.0,4.54,17.9
2016-01-01,20.7,16.3,2.3,3.08,24.7
2016-01-02,18.4,16.4,13.6,1.15,23.3
2016-01-03,21.5,16.9,19.2,2.09,19.8
2016-01-04,20.8,12.0,0.5,4.37,23.1
2016-01-05,20.2,11.3,0.0,4.45,13.4
2016-01-06,22.5,11.7,0.0,4.92,16.2
2016-01-07,19.3,12.9,0.0,2.79,18.9
2016-01-08,20.2,15.4,27.4,0.82,27.9
2016-01-09,20.7,13.7,1.4,4.56,22.5
2016-01-10,19.6,13.2,0.3,2.72,26.0
2016-01-11,19.8,11.4,0.7,2.17,25.9
2016-01-12,20.5,13.0,1.3,2.71,14.7
2016-01-13,21.7,10.5,0.0,4.44,22.8
2016-01-14,22.6,14.9,0.7,3.52,14.1
2016-01-15,21.3,15.3,0.2,3.38,19.7
2016-01-16,23.3,15.1,0.0,4.28,9.5
2016-01-17,24.6,11.6,2.8,3.85,15.6
2016-01-18,23.5,18.1,11.0,2.58,29.5
2016-01-19,21.8,16.8,11.7,3.66,26.3
2016-01-20,23.1,15.4,0.1,4.2,12.1
2016-01-21,22.6,13.7,0.0,4.63,12.7
2016-01-22,23.0,11.5,0.0,4.92,14.0
2016-01-23,25.0,12.8,0.0,4.9,15.5
2016-01-24,26.4,13.7,0.0,5.5,12.1
2016-01-25,26.1,14.2,0.0,4.56,9.1
2016-01-26,26.5,17.9,0.0,4.1,6.7
2016-01-27,26.0,19.3,24.2,2.84,13.9
2016-01-28,25.1,17.1,0.2,4.27,18.7
2016-01-29,25.1,15.4,0.2,4.5,14.0
2016-01-30,24.6,16.9,0.6,4.5,15.5
2016-01-31,24.7,16.9,11.4,3.46,11.1
2016-02-01,22.5,18.2,6.4,2.73,14.3
2016-02-02,24.2,17.3,1.6,3.51,13.6
2016-02-03,25.8,16.3,0.0,4.73,14.8
2016-02-04,22.8,16.6,0.0,3.69,17.3
2016-02-05,22.2,15.9,5.1,1.84,18.5
2016-02-06,23.1,18.9,17.7,1.49,22.2
2016-02-07,25.1,18.7,0.6,3.76,20.5
2016-02-08,23.3,18.8,4.0,2.95,9.7
2016-02-09,22.5,17.8,1.1,2.61,15.6
2016-02-10,25.6,17.2,0.1,4.04,14.6
2016-02-11,23.9,16.8,0.5,3.09,12.8
2016-02-12,25.5,15.3,0.0,4.8,13.8
2016-02-13,25.2,14.4,0.3,4.05,7.8
2016-02-14,24.3,16.7,0.0,3.81,17.4
2016-02-15,23.3,14.3,0.0,3.55,20.0
2016-02-16,22.2,17.6,0.8,3.15,20.0
2016-02-17,20.1,17.7,18.4,1.2,27.9
2016-02-18,22.0,17.7,47.7,1.38,30.4
2016-02-19,21.6,15.9,3.5,2.9,23.2
2016-02-20,21.3,14.8,0.0,3.16,18.0
2016-02-21,23.1,14.6,0.0,3.09,22.5
2016-02-22,23.6,15.0,0.4,3.42,12.0
2016-02-23,20.8,15.2,3.1,1.84,15.0
2016-02-24,20.7,11.9,0.0,3.84,15.9
2016-02-25,22.0,12.2,0.0,3.58,17.9
2016-02-26,22.7,14.1,0.0,3.7,14.8
2016-02-27,23.1,13.1,3.8,2.24,13.7
2016-02-28,25.5,17.9,1.0,3.22,13.4
2016-02-29,20.7,17.0,23.8,0.6,11.2
2016-03-01,20.1,16.4,2.7,1.83,16.1
2016-03-02,21.6,14.6,1.0,3.05,13.9
2016-03-03,21.7,11.5,0.0,3.37,9.0
2016-03-04,22.7,12.6,0.2,3.06,12.1
2016-03-05,22.1,12.5,0.0,3.36,14.6
2016-03-06,21.3,13.3,0.0,2.5,18.9
2016-03-07,22.4,16.5,0.1,2.44,24.1
2016-03-08,21.7,17.4,0.0,3.28,26.4
2016-03-09,22.4,14.1,0.0,4.01,15.5
2016-03-10,19.0,12.2,0.2,2.79,23.0
2016-03-11,22.9,12.7,0.6,3.73,18.4
2016-03-12,20.1,8.0,0.0,3.99,14.5
2016-03-13,20.8,10.7,0.1,2.67,17.2
2016-03-14,19.9,14.3,0.5,1.59,10.9
2016-03-15,20.5,15.0,1.1,1.82,15.4
2016-03-16,22.6,16.2,7.5,2.53,14.8
2016-03-17,20.4,15.2,1.5,1.86,16.4
2016-03-18,19.5,16.6,1.8,1.51,20.1
2016-03-19,20.7,15.4,0.0,2.38,22.1
2016-03-20,21.4,14.9,0.3,1.99,21.1
2016-03-21,22.6,15.2,0.1,2.38,21.4
2016-03-22,22.3,16.8,0.0,2.91,25.0
2016-03-23,22.0,17.4,0.7,2.33,36.6
2016-03-24,21.9,17.5,33.4,0.98,37.4
2016-03-25,24.0,16.6,3.8,2.43,10.8
2016-03-26,21.6,14.0,2.4,2.32,8.5
2016-03-27,21.3,14.9,1.0,2.43,15.0
2016-03-28,20.8,15.1,0.0,2.45,16.1
2016-03-29,20.5,11.4,0.0,3.11,14.1
2016-03-30,21.7,13.1,0.0,3.34,9.7
2016-03-31,20.5,9.5,0.0,2.83,9.0
2016-04-01,19.5,14.0,1.3,2.21,23.9
2016-04-02,21.0,15.9,9.0,1.19,16.5
2016-04-03,21.3,15.8,1.3,1.8,14.8
2016-04-04,19.8,14.4,0.2,2.17,16.1
2016-04-05,17.5,12.1,2.8,2.19,10.0
2016-04-06,18.2,6.5,0.0,2.8,9.7
2016-04-07,18.9,8.5,0.3,1.84,14.0
2016-04-08,19.7,12.7,1.9,1.54,13.9
2016-04-09,19.5,11.6,0.0,1.76,9.7
2016-04-10,18.0,13.1,1.4,1.13,11.8
2016-04-11,19.8,11.9,0.0,1.86,13.3
2016-04-12,19.2,13.3,8.8,1.12,18.1
2016-04-13,17.8,13.2,2.3,1.72,14.3
2016-04-14,17.9,8.4,0.0,2.68,12.1
2016-04-15,18.0,5.9,0.0,2.19,8.3
2016-04-16,17.6,6.6,0.0,1.64,13.9
2016-04-17,17.2,9.9,5.9,0.99,15.1
2016-04-18,20.7,13.5,0.7,2.16,14.9
2016-04-19,18.8,9.5,0.0,1.88,8.7
2016-04-20,17.6,10.8,0.0,1.89,9.8
2016-04-21,19.2,6.8,0.0,1.9,9.2
2016-04-22,18.0,11.8,0.0,1.61,9.1
2016-04-23,17.9,9.6,1.0,1.52,13.8
2016-04-24,16.7,10.2,9.1,1.17,15.1
2016-04-25,18.3,10.3,0.0,1.92,21.7
2016-04-26,17.8,9.5,0.0,1.85,25.0
2016-04-27,17.2,7.9,0.0,1.57,10.5
2016-04-28,16.3,9.2,0.0,1.5,13.4
2016-04-29,15.0,10.8,0.0,1.27,20.6
2016-04-30,19.1,9.9,0.0,2.03,13.8
2016-05-01,17.8,8.2,0.0,1.36,14.8
2016-05-02,17.7,12.1,1.2,1.18,15.0
2016-05-03,19.2,12.1,0.0,1.37,13.8
2016-05-04,18.7,13.2,0.0,1.46,9.7
2016-05-05,18.2,13.9,8.1,0.6,15.9
2016-05-06,19.0,11.9,0.0,1.4,7.2
2016-05-07,17.8,10.5,0.0,1.6,8.7
2016-05-08,16.6,9.0,0.0,1.05,7.2
2016-05-09,18.1,10.0,0.0,1.5,11.7
2016-05-10,17.2,8.7,0.0,1.11,11.3
2016-05-11,18.2,12.3,6.2,0.53,19.7
2016-05-12,18.2,14.9,2.2,1.55,23.4
2016-05-13,18.0,15.0,2.8,1.05,29.1
2016-05-14,17.7,13.2,0.2,1.5,19.9
2016-05-15,17.9,12.1,0.0,1.15,14.8
2016-05-16,17.4,12.0,10.9,0.88,26.1
2016-05-17,14.9,9.9,2.3,1.59,27.7
2016-05-18,14.7,8.6,12.6,0.91,25.7
2016-05-19,15.7,12.2,0.3,1.52,28.7
2016-05-20,17.1,11.5,11.3,1.13,24.2
2016-05-21,14.5,10.2,14.2,0.92,22.4
2016-05-22,14.6,5.8,0.2,1.3,26.0
2016-05-23,12.3,5.6,5.9,0.82,20.6
2016-05-24,14.7,9.8,21.0,0.74,28.6
2016-05-25,14.3,11.2,19.6,0.71,25.5
2016-05-26,14.6,11.4,7.1,0.87,23.3
2016-05-27,14.5,10.0,2.8,0.6,17.8
2016-05-28,16.5,12.9,22.5,0.77,32.4
2016-05-29,15.1,10.9,13.8,0.79,35.3
2016-05-30,13.8,9.3,2.6,1.03,24.7
2016-05-31,11.9,4.0,2.7,0.83,18.5
2016-06-01,12.6,3.0,0.0,1.19,12.4
2016-06-02,12.9,0.6,0.0,1.22,11.0
2016-06-03,12.6,1.0,0.0,1.13,8.4
2016-06-04,12.5,1.0,0.0,1.05,6.1
2016-06-05,11.7,0.5,0.0,1.11,8.4
2016-06-06,12.7,-0.1,0.0,1.23,11.2
2016-06-07,12.6,3.6,0.0,1.17,16.8
2016-06-08,15.2,7.4,0.0,1.16,24.5
2016-06-09,17.2,11.8,1.3,1.23,31.8
2016-06-10,17.0,13.5,11.7,0.33,23.4
2016-06-11,15.1,9.8,0.1,1.02,15.5
2016-06-12,15.5,9.7,6.9,0.86,21.7
2016-06-13,11.5,5.6,0.0,1.13,22.3
2016-06-14,14.3,6.5,0.0,0.84,13.0
2016-06-15,14.4,9.5,0.0,0.86,20.9
2016-06-16,14.1,9.0,0.0,1.03,13.4
2016-06-17,12.7,5.7,0.0,0.75,6.1
2016-06-18,12.9,8.1,0.0,0.97,17.9
2016-06-19,14.9,8.0,0.0,1.02,22.7
2016-06-20,14.9,6.0,0.0,1.06,9.7
2016-06-21,15.1,10.1,0.4,0.61,22.8
2016-06-22,16.5,13.6,13.9,0.33,21.7
2016-06-23,15.2,12.3,17.2,0.52,24.9
2016-06-24,14.3,10.1,2.5,1.0,24.5
2016-06-25,13.3,7.1,9.2,0.5,22.2
2016-06-26,13.6,9.6,18.7,0.52,23.5
2016-06-27,13.9,9.7,17.2,0.43,27.8
2016-06-28,14.4,9.1,0.5,0.96,21.0
2016-06-29,10.9,8.2,14.5,0.36,24.2
2016-06-30,12.6,6.6,2.0,0.64,18.7
2016-07-01,10.8,1.7,0.0,1.13,15.2
2016-07-02,9.7,-2.1,0.0,1.08,12.6
2016-07-03,9.6,-0.5,0.0,0.92,5.6
2016-07-04,12.2,-0.9,0.0,1.1,8.0
2016-07-05,14.5,6.3,0.0,0.9,16.0
2016-07-06,12.2,5.6,0.0,0.77,6.0
2016-07-07,12.4,6.1,4.7,1.05,29.5
2016-07-08,13.7,10.2,12.6,1.05,29.7
2016-07-09,11.4,6.6,0.4,1.56,26.3
2016-07-10,12.8,4.9,0.0,1.4,22.2
2016-07-11,12.7,3.1,0.0,1.31,13.2
2016-07-12,12.7,1.1,0.0,1.19,11.0
2016-07-13,11.9,1.9,4.9,0.9,23.0
2016-07-14,12.0,9.7,23.2,1.11,32.3
2016-07-15,13.4,8.4,11.4,0.85,32.6
2016-07-16,12.2,8.0,0.1,1.38,28.5
2016-07-17,12.5,9.0,6.2,1.24,30.6
2016-07-18,12.5,4.0,0.0,1.22,23.1
2016-07-19,13.2,4.3,10.0,0.86,36.0
2016-07-20,13.3,8.9,2.8,1.4,33.6
2016-07-21,12.5,5.4,0.0,1.43,27.9
2016-07-22,12.1,2.8,1.6,1.08,17.6
2016-07-23,14.8,9.5,14.5,0.55,26.8
2016-07-24,15.3,9.7,20.2,1.44,37.1
2016-07-25,12.0,8.5,1.8,1.18,28.8
2016-07-26,12.5,6.2,6.3,0.79,9.8
2016-07-27,14.1,5.8,1.1,1.1,21.3
2016-07-28,12.5,8.3,26.8,0.44,32.1
2016-07-29,11.6,8.6,9.9,1.26,40.5
2016-07-30,13.5,7.9,10.3,1.01,30.6
2016-07-31,9.3,6.8,6.8,0.99,28.0
2016-08-01,12.7,7.7,5.2,1.05,22.1
2016-08-02,13.5,5.2,0.4,1.47,15.6
2016-08-03,13.9,7.5,11.9,0.49,27.2
2016-08-04,12.8,9.3,5.9,0.67,16.8
2016-08-05,11.5,6.1,10.0,0.63,15.3
2016-08-06,7.9,4.1,4.6,0.75,24.7
2016-08-07,9.9,2.7,0.0,1.7,22.1
2016-08-08,9.6,-1.1,0.0,1.54,9.0
2016-08-09,11.5,-1.3,0.2,1.6,14.8
2016-08-10,11.7,4.5,0.0,1.45,24.7
2016-08-11,11.9,6.2,3.4,1.05,17.8
2016-08-12,14.4,2.2,0.3,1.46,17.1
2016-08-13,13.1,8.4,7.1,0.93,18.5
2016-08-14,12.7,6.4,0.0,1.38,18.1
2016-08-15,13.4,2.8,0.0,1.52,9.2
2016-08-16,15.5,2.1,0.0,1.89,8.6
2016-08-17,14.0,2.6,0.0,1.77,10.0
2016-08-18,14.0,3.5,0.0,1.66,10.5
2016-08-19,13.4,2.7,0.0,1.55,10.1
2016-08-20,14.2,3.1,0.0,1.64,8.9
2016-08-21,14.0,3.0,0.0,1.89,11.4
2016-08-22,13.7,5.8,2.2,1.41,18.9
2016-08-23,14.4,5.4,0.0,1.59,16.4
2016-08-24,12.1,5.9,14.8,0.93,21.3
2016-08-25,12.2,8.7,20.0,0.38,22.8
2016-08-26,16.1,12.0,9.6,0.82,37.5
2016-08-27,12.9,8.7,1.1,2.02,39.0
2016-08-28,13.7,7.3,0.0,1.65,16.5
2016-08-29,12.5,4.4,0.0,0.96,20.7
2016-08-30,16.2,8.3,0.0,2.07,15.4
2016-08-31,15.8,3.6,0.0,2.1,9.8
2016-09-01,12.5,5.4,0.0,1.19,13.4
2016-09-02,15.2,8.3,6.3,1.39,18.9
2016-09-03,15.4,10.1,1.9,1.44,25.1
2016-09-04,16.1,11.5,13.6,1.12,21.9
2016-09-05,14.5,10.9,3.0,1.49,33.9
2016-09-06,14.5,7.1,0.0,1.8,24.2
2016-09-07,13.1,5.7,2.1,1.33,32.7
2016-09-08,8.6,4.2,1.3,1.63,30.1
2016-09-09,10.6,3.8,0.0,2.22,25.0
2016-09-10,14.0,3.4,0.0,2.32,21.7
2016-09-11,13.6,0.3,0.0,2.4,9.0
2016-09-12,11.9,2.0,0.0,1.45,13.0
2016-09-13,15.0,8.3,0.3,1.98,19.5
2016-09-14,15.6,11.4,8.2,1.04,17.9
2016-09-15,13.7,11.8,15.0,0.54,15.3
2016-09-16,16.4,12.5,3.3,0.85,17.4
2016-09-17,14.9,13.0,20.3,0.4,25.2
2016-09-18,16.4,11.3,5.6,1.26,19.1
2016-09-19,16.3,8.4,0.0,2.42,17.1
2016-09-20,15.7,6.9,1.0,2.21,15.9
2016-09-21,11.2,9.0,17.7,0.49,19.5
2016-09-22,15.5,9.3,2.5,1.63,18.2
2016-09-23,17.0,10.5,4.3,1.87,10.7
2016-09-24,17.2,10.4,7.5,1.8,18.9
2016-09-25,14.2,10.9,9.4,1.2,26.0
2016-09-26,15.8,10.3,3.5,1.91,23.7
2016-09-27,17.0,11.5,1.8,2.38,26.6
2016-09-28,17.5,9.4,10.0,1.92,13.5
2016-09-29,14.3,11.5,9.2,0.89,21.5
2016-09-30,15.8,11.0,1.4,1.65,17.9
2016-10-01,16.9,11.5,7.8,1.41,17.3
2016-10-02,17.7,11.4,8.2,1.66,18.4
2016-10-03,16.8,9.3,6.5,2.3,14.8
2016-10-04,16.3,10.3,3.9,2.05,19.1
2016-10-05,16.1,12.0,12.9,2.23,30.6
2016-10-06,14.0,9.7,28.9,1.35,28.2
2016-10-07,14.1,7.4,7.9,2.29,22.5
2016-10-08,16.0,5.7,0.1,2.4,27.2
2016-10-09,14.8,10.6,3.3,1.8,27.3
2016-10-10,17.3,9.7,0.0,2.96,17.9
2016-10-11,19.0,10.5,0.5,2.31,21.1
2016-10-12,16.9,9.8,2.1,1.76,23.3
2016-10-13,15.6,7.2,0.0,2.9,17.1
2016-10-14,14.4,6.4,8.4,1.57,25.0
2016-10-15,14.5,6.6,3.0,2.64,28.4
2016-10-16,15.1,6.2,0.0,2.38,27.1
2016-10-17,17.3,10.5,0.0,3.14,27.6
2016-10-18,15.8,9.9,0.0,2.75,20.8
2016-10-19,17.0,9.3,0.2,1.19,17.8
2016-10-20,15.8,10.0,3.8,0.68,18.2
2016-10-21,15.8,9.9,2.3,3.14,16.3
2016-10-22,16.2,7.4,2.1,3.25,22.1
2016-10-23,19.0,4.2,0.0,3.44,10.2
2016-10-24,18.2,9.6,0.0,2.75,17.0
2016-10-25,16.5,12.5,9.7,1.33,23.0
2016-10-26,16.8,12.0,14.3,1.99,28.6
2016-10-27,16.4,10.3,0.0,3.0,20.8
2016-10-28,16.7,10.0,3.1,2.65,19.6
2016-10-29,15.4,8.5,0.0,3.33,23.1
2016-10-30,14.9,5.7,0.9,3.65,16.5
2016-10-31,15.0,4.0,0.0,3.4,7.6
2016-11-01,15.3,4.8,2.5,2.96,17.8
2016-11-02,16.1,10.1,5.4,2.57,24.9
2016-11-03,15.9,9.7,0.0,3.31,23.7
2016-11-04,14.3,9.7,0.1,3.03,28.9
2016-11-05,16.5,10.0,4.6,2.35,22.7
2016-11-06,18.8,11.2,10.4,2.62,26.3
2016-11-07,16.6,11.3,45.8,1.37,22.7
2016-11-08,17.6,10.2,1.8,3.48,39.3
2016-11-09,19.7,10.1,0.0,3.78,23.8
2016-11-10,18.8,12.6,0.0,3.13,18.8
2016-11-11,19.0,14.7,2.6,2.63,21.8
2016-11-12,15.6,11.7,11.0,1.41,23.8
2016-11-13,15.9,10.5,0.4,3.22,23.1
2016-11-14,18.4,8.7,3.5,2.56,21.4
2016-11-15,17.3,14.1,27.7,0.56,27.0
2016-11-16,15.9,12.3,7.6,2.87,31.6
2016-11-17,14.4,9.0,19.5,2.48,25.8
2016-11-18,16.6,8.1,0.0,4.08,24.4
2016-11-19,17.7,12.1,3.6,2.16,29.2
2016-11-20,16.7,11.1,0.0,4.02,35.7
2016-11-21,17.4,10.4,0.0,3.81,25.0
2016-11-22,19.4,9.3,0.0,4.44,17.1
2016-11-23,19.3,9.7,0.0,4.25,19.5
2016-11-24,20.1,11.8,0.0,4.25,11.5
2016-11-25,18.6,11.7,16.4,1.24,25.2
2016-11-26,17.4,12.6,1.4,2.92,23.4
2016-11-27,16.3,10.7,7.7,2.08,34.7
2016-11-28,15.5,9.6,1.9,3.35,35.0
2016-11-29,16.4,11.6,0.1,2.61,24.6
2016-11-30,17.6,12.7,0.2,2.74,18.4
2016-12-01,18.3,12.8,1.2,2.49,13.7
2016-12-02,18.5,11.0,0.9,3.4,17.9
2016-12-03,19.1,10.1,0.0,3.73,12.6
2016-12-04,18.6,10.2,0.0,3.41,17.2
2016-12-05,21.1,11.6,0.1,4.4,13.1
2016-12-06,22.1,10.4,0.9,4.26,12.9
2016-12-07,21.4,13.1,0.6,3.44,22.3
2016-12-08,17.9,14.3,6.9,1.01,19.5
2016-12-09,22.5,15.9,2.4,3.54,13.5
2016-12-10,20.5,13.9,4.9,1.63,21.5
2016-12-11,16.8,10.8,3.4,3.52,33.3
2016-12-12,17.5,11.6,1.1,3.51,31.4
2016-12-13,16.6,8.2,0.0,3.75,21.1
2016-12-14,18.6,11.8,3.4,2.1,27.0
2016-12-15,18.0,12.8,4.7,1.45,30.1
2016-12-16,17.0,11.6,0.0,4.17,29.8
2016-12-17,20.4,8.1,0.0,5.06,10.7
2016-12-18,19.5,9.3,0.0,3.82,16.1
2016-12-19,18.1,10.8,7.8,1.81,23.4
2016-12-20,20.0,10.0,0.0,5.01,13.9
2016-12-21,22.8,8.5,0.0,4.74,11.7
2016-12-22,21.7,13.1,1.4,3.9,20.2
2016-12-23,16.7,11.0,7.7,3.88,32.9
2016-12-24,18.7,9.0,0.0,3.86,28.2
2016-12-25,18.6,12.0,0.0,3.38,20.9
2016-12-26,20.3,10.8,0.0,3.61,11.4
2016-12-27,17.6,13.0,0.0,3.0,23.0
2016-12-28,19.6,11.4,0.0,4.91,22.0
2016-12-29,16.1,10.5,0.0,2.58,25.0
2016-12-30,19.8,8.1,0.0,4.08,10.5
2016-12-31,20.0,9.0,0.0,4.13,12.5
2017-01-01,20.2,11.8,1.4,3.09,23.0
2017-01-02,20.5,16.1,3.6,1.54,20.6
2017-01-03,19.0,16.5,18.0,0.87,30.0
2017-01-04,17.0,11.3,0.1,3.65,33.9
2017-01-05,17.2,6.8,0.0,4.45,17.4
2017-01-06,15.9,9.1,0.7,2.81,17.4
2017-01-07,18.6,10.4,0.0,4.72,24.3
2017-01-08,18.1,11.3,0.1,3.63,26.7
2017-01-09,19.5,13.0,0.5,3.35,26.8
2017-01-10,20.4,12.4,0.1,3.83,22.0
2017-01-11,22.5,12.6,0.0,4.28,19.9
2017-01-12,21.8,14.4,0.1,4.07,25.2
2017-01-13,20.2,13.1,7.0,4.85,25.6
2017-01-14,20.5,10.9,0.0,4.64,13.7
2017-01-15,20.2,14.0,4.2,1.25,27.2
2017-01-16,18.8,12.9,0.0,4.86,28.8
2017-01-17,20.7,11.0,0.0,4.99,26.9
2017-01-18,21.5,13.8,0.5,3.34,24.5
2017-01-19,18.2,12.4,9.3,2.65,27.5
2017-01-20,17.0,9.2,2.6,3.78,24.8
2017-01-21,19.5,8.9,2.8,3.82,39.6
2017-01-22,18.3,13.7,12.7,3.27,42.2
2017-01-23,17.2,13.5,0.6,3.62,36.2
2017-01-24,19.1,10.9,0.0,4.01,13.3
2017-01-25,17.6,12.1,0.9,1.78,27.3
2017-01-26,18.3,8.4,0.0,3.9,24.2
2017-01-27,19.3,11.4,0.0,4.1,22.2
2017-01-28,23.5,12.0,0.0,5.3,13.7
2017-01-29,21.4,10.4,0.0,4.73,15.8
2017-01-30,22.4,11.1,0.2,3.45,15.1
2017-01-31,21.8,14.4,0.0,3.35,16.3
2017-02-01,20.8,15.2,0.3,2.92,17.1
2017-02-02,20.9,17.5,5.0,1.94,21.4
2017-02-03,22.4,13.0,2.9,4.22,24.1
2017-02-04,20.0,11.9,0.0,4.4,22.4
2017-02-05,23.4,13.1,0.0,4.75,15.1
2017-02-06,24.8,12.7,0.0,4.91,17.7
2017-02-07,24.2,18.1,0.8,3.2,19.6
2017-02-08,24.1,15.1,2.2,3.88,27.2
2017-02-09,20.5,14.1,0.3,4.41,21.3
2017-02-10,19.5,10.2,0.2,3.71,14.1
2017-02-11,22.2,10.0,0.0,4.58,22.0
2017-02-12,22.1,12.6,0.6,2.5,26.4
2017-02-13,22.6,17.3,0.6,2.36,34.0
2017-02-14,21.5,14.6,9.5,2.0,14.7
2017-02-15,21.1,12.8,0.0,3.85,15.7
2017-02-16,18.6,13.3,22.9,0.93,22.1
2017-02-17,20.9,17.0,28.9,1.54,20.4
2017-02-18,23.5,16.9,16.2,1.99,16.9
2017-02-19,23.4,17.7,6.5,2.39,18.2
2017-02-20,22.9,16.7,1.1,3.29,17.1
2017-02-21,22.0,16.2,0.1,2.21,18.9
2017-02-22,22.9,14.4,0.1,3.23,20.6
2017-02-23,24.0,14.0,0.1,3.74,13.1
2017-02-24,23.6,15.1,0.1,4.03,20.5
2017-02-25,23.0,11.9,0.0,4.25,17.6
2017-02-26,22.1,12.2,0.0,4.34,9.1
2017-02-27,23.9,13.9,0.1,3.77,15.6
2017-02-28,23.0,16.0,2.3,2.76,9.5
2017-03-01,23.8,15.4,0.4,3.46,15.6
2017-03-02,20.8,12.1,0.0,3.9,15.6
2017-03-03,19.9,10.2,0.0,3.29,18.7
2017-03-04,21.3,15.1,0.4,2.8,26.5
2017-03-05,19.5,12.2,0.0,2.6,18.4
2017-03-06,20.2,12.5,0.0,3.49,16.9
2017-03-07,20.9,13.5,17.3,1.71,12.5
2017-03-08,15.0,12.5,78.3,1.15,36.2
2017-03-09,21.2,13.2,3.3,3.43,23.8
2017-03-10,22.5,16.8,22.6,2.62,33.0
2017-03-11,20.6,18.1,70.7,0.95,24.6
2017-03-12,21.3,16.4,34.7,1.32,21.7
2017-03-13,19.7,14.6,0.8,2.63,20.5
2017-03-14,18.0,11.9,0.4,2.5,21.0
2017-03-15,19.0,9.2,0.0,3.61,21.0
2017-03-16,21.5,9.4,0.0,3.5,7.7
2017-03-17,20.9,11.0,0.2,2.81,15.0
2017-03-18,21.1,12.4,0.0,3.01,23.9
2017-03-19,21.3,10.6,0.0,3.34,15.6
2017-03-20,18.5,9.8,0.1,2.2,21.3
2017-03-21,21.8,12.8,0.0,3.29,18.6
2017-03-22,21.1,15.2,0.7,1.68,22.0
2017-03-23,21.5,13.9,0.0,2.85,14.6
2017-03-24,19.6,11.7,0.1,1.63,14.6
2017-03-25,20.1,15.1,1.0,1.34,16.3
2017-03-26,20.5,16.9,2.2,1.97,26.8
2017-03-27,20.5,15.4,15.3,1.55,19.7
2017-03-28,23.0,15.5,12.2,2.52,14.7
2017-03-29,20.0,15.1,13.6,1.33,17.8
2017-03-30,20.5,12.9,5.5,2.01,14.1
2017-03-31,20.4,12.3,0.0,2.63,14.5
2017-04-01,21.4,10.1,0.0,2.73,7.9
2017-04-02,20.1,12.6,0.7,0.94,12.2
2017-04-03,21.5,17.4,1.9,1.43,11.5
2017-04-04,17.3,13.8,69.7,1.02,43.8
2017-04-05,20.4,13.3,44.6,1.04,37.5
2017-04-06,16.9,12.9,0.1,2.3,30.0
2017-04-07,18.1,8.6,0.1,2.11,18.7
2017-04-08,19.0,6.3,0.0,2.83,10.4
2017-04-09,18.2,9.2,0.0,2.26,11.2
2017-04-10,19.5,8.2,0.0,2.24,15.9
2017-04-11,20.1,14.7,0.5,1.25,20.1
2017-04-12,19.0,17.2,41.2,0.5,29.6
2017-04-13,18.1,14.6,49.7,0.79,28.0
2017-04-14,18.6,14.4,3.4,1.67,19.5
2017-04-15,17.2,11.5,8.0,1.4,19.6
2017-04-16,16.4,11.2,10.0,1.07,16.0
2017-04-17,15.9,10.4,2.9,1.26,15.1
2017-04-18,18.0,7.8,0.4,2.1,9.8
2017-04-19,16.9,8.9,0.2,1.99,16.5
2017-04-20,17.2,7.2,0.0,2.11,15.9
2017-04-21,16.0,7.3,0.0,2.03,9.4
2017-04-22,17.1,5.0,0.0,2.16,7.6
2017-04-23,17.5,6.2,0.0,1.99,10.8
2017-04-24,18.4,9.9,0.0,1.85,15.0
2017-04-25,18.4,8.0,0.0,2.15,9.7
2017-04-26,18.1,6.8,0.0,1.79,8.0
2017-04-27,17.1,6.8,0.0,1.35,9.5
2017-04-28,19.0,8.6,0.4,1.63,17.0
2017-04-29,16.9,13.0,6.1,0.58,15.6
2017-04-30,16.2,8.9,9.0,1.4,31.2
2017-05-01,12.6,5.1,0.0,1.9,27.0
2017-05-02,13.9,2.3,0.0,1.77,11.0
2017-05-03,15.1,7.5,0.3,1.23,17.3
2017-05-04,14.1,9.1,9.2,1.93,30.9
2017-05-05,14.4,5.6,0.0,1.83,25.4
2017-05-06,15.4,3.5,0.0,1.59,8.9
2017-05-07,14.2,4.0,0.3,0.95,8.8
2017-05-08,15.9,6.4,0.0,1.31,10.4
2017-05-09,16.6,6.8,0.5,1.25,9.3
2017-05-10,17.6,9.1,0.1,1.44,16.8
2017-05-11,15.5,13.4,13.0,0.39,23.9
2017-05-12,14.6,10.5,61.8,0.6,26.8
2017-05-13,12.9,5.5,0.0,2.0,32.8
2017-05-14,14.2,2.9,0.0,1.37,19.8
2017-05-15,14.3,6.6,0.2,0.94,6.6
2017-05-16,13.5,6.4,1.7,1.08,19.3
2017-05-17,16.0,10.9,17.2,0.45,30.1
2017-05-18,15.6,12.1,10.7,0.88,33.6
2017-05-19,13.1,11.0,0.0,2.05,30.2
2017-05-20,11.6,3.0,3.7,1.4,35.5
2017-05-21,10.4,0.6,0.0,1.4,22.8
2017-05-22,10.7,-0.9,0.0,1.27,8.4
2017-05-23,11.8,1.1,0.2,0.74,10.5
2017-05-24,14.9,6.6,5.7,0.5,13.0
2017-05-25,13.1,4.6,0.0,1.2,10.2
2017-05-26,14.8,3.4,0.0,1.09,21.8
2017-05-27,14.8,11.1,12.9,0.37,17.6
2017-05-28,15.4,9.8,3.7,0.85,12.2
2017-05-29,15.6,6.6,1.2,1.12,10.1
2017-05-30,14.6,6.8,0.7,0.84,12.0
2017-05-31,15.1,6.9,2.5,1.01,13.4
2017-06-01,14.4,6.8,0.0,1.15,10.5
2017-06-02,14.6,6.9,0.2,1.17,13.7
2017-06-03,14.8,6.1,0.1,1.35,16.8
2017-06-04,11.7,1.8,0.0,1.06,11.9
2017-06-05,11.4,6.3,4.2,0.62,15.2
2017-06-06,11.9,3.9,1.2,0.98,8.1
2017-06-07,12.6,2.8,0.0,1.01,15.6
2017-06-08,11.9,3.2,0.0,1.15,19.3
2017-06-09,12.2,2.3,0.0,1.03,14.2
2017-06-10,14.3,5.6,0.0,1.14,30.8
2017-06-11,12.1,2.9,0.0,1.08,12.9
2017-06-12,14.2,6.3,0.1,0.86,14.9
2017-06-13,14.0,9.4,2.9,0.94,28.8
2017-06-14,12.1,4.9,1.1,1.8,35.4
2017-06-15,11.9,2.0,0.0,1.21,18.1
2017-06-16,14.7,6.3,0.0,1.19,19.0
2017-06-17,12.6,3.1,0.0,1.06,10.2
2017-06-18,12.8,7.0,0.2,0.65,14.0
2017-06-19,13.4,5.8,0.2,0.7,8.3
2017-06-20,14.3,5.8,0.0,1.19,10.7
2017-06-21,12.8,7.7,0.0,1.25,26.1
2017-06-22,13.6,10.9,6.9,0.82,25.5
2017-06-23,14.9,12.0,14.3,0.42,19.4
2017-06-24,13.1,9.6,0.6,0.65,26.8
2017-06-25,13.4,5.2,1.1,0.92,15.0
2017-06-26,11.8,3.8,0.0,0.97,17.6
2017-06-27,11.2,1.1,0.0,0.96,11.8
2017-06-28,11.8,0.6,0.0,1.09,9.3
2017-06-29,11.8,0.2,0.0,1.08,9.0
2017-06-30,11.0,1.4,0.0,0.8,15.5
2017-07-01,12.8,6.6,14.8,0.67,35.4
2017-07-02,12.6,7.4,16.9,0.59,23.1
2017-07-03,12.9,5.6,2.3,0.71,15.1
2017-07-04,13.0,3.5,0.1,0.93,21.5
2017-07-05,11.1,5.6,0.2,0.65,8.9
2017-07-06,11.2,5.6,5.2,0.57,22.7
2017-07-07,12.5,7.2,3.9,0.93,15.9
2017-07-08,11.4,3.5,2.6,0.73,16.1
2017-07-09,12.1,7.8,11.9,0.68,15.8
2017-07-10,12.8,6.5,0.5,1.1,17.8
2017-07-11,12.3,4.8,0.2,1.0,16.1
2017-07-12,6.9,3.2,3.8,0.73,26.5
2017-07-13,5.9,2.7,2.8,0.59,36.4
2017-07-14,8.1,2.0,3.8,0.87,36.6
2017-07-15,11.0,3.2,0.0,1.15,17.0
2017-07-16,11.4,0.9,0.0,0.86,9.3
2017-07-17,13.1,6.1,0.8,0.79,22.7
2017-07-18,13.2,7.4,23.7,0.51,21.1
2017-07-19,13.1,6.2,0.5,0.65,17.3
2017-07-20,15.4,8.4,16.5,0.67,34.9
2017-07-21,11.8,9.1,17.1,0.73,27.2
2017-07-22,12.3,7.8,9.8,0.58,23.9
2017-07-23,12.6,5.4,0.0,0.95,16.1
2017-07-24,12.9,7.4,2.7,1.15,17.3
2017-07-25,12.6,7.6,2.2,1.19,21.2
2017-07-26,12.6,5.4,0.5,1.14,22.5
2017-07-27,11.8,5.1,11.8,0.5,22.1
2017-07-28,11.0,3.8,0.7,1.25,22.8
2017-07-29,8.8,1.1,0.0,1.26,24.6
2017-07-30,10.1,-1.4,0.0,1.31,11.4
2017-07-31,10.4,-0.6,0.0,0.99,10.8
2017-08-01,13.1,4.2,2.0,0.54,15.3
2017-08-02,13.2,7.8,0.8,0.93,17.7
2017-08-03,12.8,4.2,0.0,1.75,20.3
2017-08-04,11.2,0.9,0.0,1.4,9.7
2017-08-05,12.1,1.9,0.0,1.42,13.9
2017-08-06,11.8,4.0,3.7,0.71,20.1
2017-08-07,15.3,7.9,1.8,1.16,14.3
2017-08-08,15.1,8.1,11.5,0.63,21.9
2017-08-09,13.1,10.1,35.7,0.29,29.7
2017-08-10,13.3,8.1,8.2,0.97,19.0
2017-08-11,13.1,7.7,1.1,1.27,28.5
2017-08-12,14.8,9.1,0.7,1.02,29.4
2017-08-13,14.6,7.8,6.8,1.42,20.4
2017-08-14,11.4,7.3,11.9,0.81,20.3
2017-08-15,11.9,6.8,3.5,1.1,18.6
2017-08-16,12.6,6.8,4.7,0.68,19.7
2017-08-17,12.9,8.5,10.4,0.48,24.6
2017-08-18,14.1,6.8,1.8,1.52,15.7
2017-08-19,12.4,8.8,16.8,0.83,19.8
2017-08-20,12.4,7.9,16.4,0.72,14.5
2017-08-21,13.1,3.7,0.1,1.87,23.0
2017-08-22,10.6,1.8,0.1,1.66,14.7
2017-08-23,11.9,3.8,0.0,1.82,10.2
2017-08-24,12.6,2.5,0.0,1.42,10.1
2017-08-25,13.6,3.2,0.0,1.69,14.3
2017-08-26,13.9,5.4,0.1,1.38,17.4
2017-08-27,14.1,8.9,1.0,1.73,34.6
2017-08-28,16.4,11.9,25.0,0.95,36.5
2017-08-29,15.4,5.9,0.9,1.46,12.4
2017-08-30,13.9,5.4,5.1,1.02,17.3
2017-08-31,14.7,7.3,3.9,1.64,10.9
2017-09-01,14.2,7.2,2.9,1.3,12.8
2017-09-02,12.2,8.6,11.2,0.92,25.6
2017-09-03,14.2,7.1,1.0,1.81,21.2
2017-09-04,14.1,4.1,0.0,2.01,16.8
2017-09-05,13.8,6.0,9.8,1.43,17.0
2017-09-06,16.0,11.1,12.6,1.63,25.7
2017-09-07,13.1,8.7,7.1,1.8,36.6
2017-09-08,13.4,8.1,2.5,2.26,24.4
2017-09-09,10.6,5.8,12.6,0.93,28.9
2017-09-10,8.9,4.8,5.1,1.19,28.4
2017-09-11,10.5,2.7,1.9,1.62,21.7
2017-09-12,11.6,3.4,0.9,1.83,34.7
2017-09-13,14.1,8.7,2.4,1.8,23.2
2017-09-14,17.2,12.1,4.0,1.55,27.4
2017-09-15,18.0,12.4,3.9,2.34,26.6
2017-09-16,13.4,9.4,15.6,1.71,31.7
2017-09-17,14.6,6.7,13.3,1.91,24.9
2017-09-18,11.4,6.7,6.1,1.59,21.3
2017-09-19,15.0,3.9,1.1,2.58,18.4
2017-09-20,14.9,2.8,0.5,2.38,9.1
2017-09-21,13.2,5.8,9.4,1.2,16.6
2017-09-22,13.9,4.8,0.8,2.26,23.1
2017-09-23,15.6,5.4,0.0,2.36,20.8
2017-09-24,15.9,7.8,1.1,1.68,18.2
2017-09-25,15.9,10.4,2.1,1.68,24.3
2017-09-26,15.2,12.1,24.5,0.76,34.7
2017-09-27,15.8,9.3,8.0,2.17,12.2
2017-09-28,15.8,6.2,4.1,2.24,12.4
2017-09-29,13.6,6.9,0.8,1.16,14.8
2017-09-30,15.2,6.7,0.7,2.02,21.6
2017-10-01,12.1,7.4,11.4,1.21,27.4
2017-10-02,14.6,8.0,0.6,2.08,43.1
2017-10-03,15.7,10.1,0.0,2.35,25.1
2017-10-04,15.1,9.1,0.0,2.53,26.1
2017-10-05,17.7,10.5,0.7,2.34,21.5
2017-10-06,15.1,9.7,1.6,1.4,15.8
2017-10-07,15.2,8.4,8.0,1.32,26.3
2017-10-08,13.9,11.8,13.2,0.77,30.4
2017-10-09,16.4,11.4,4.1,1.99,23.7
2017-10-10,16.8,9.6,0.9,2.26,17.4
2017-10-11,13.6,10.2,2.7,2.5,38.4
2017-10-12,15.1,7.6,0.3,2.76,22.9
2017-10-13,14.7,7.0,0.7,1.42,17.8
2017-10-14,16.9,7.9,0.0,3.41,17.1
2017-10-15,13.3,7.5,0.6,2.94,31.8
2017-10-16,15.1,9.5,0.1,2.22,29.0
2017-10-17,14.9,8.3,0.0,2.46,30.7
2017-10-18,16.4,5.9,0.1,2.95,28.1
2017-10-19,16.6,3.3,0.0,3.62,19.7
2017-10-20,19.2,7.8,0.0,3.42,20.4
2017-10-21,14.6,10.9,0.0,2.46,26.9
2017-10-22,14.9,10.2,2.5,1.37,20.2
2017-10-23,15.1,8.6,7.0,1.45,14.0
2017-10-24,15.9,9.1,1.8,2.77,25.5
2017-10-25,15.8,9.0,0.2,2.53,25.7
2017-10-26,16.7,11.6,0.5,3.45,22.9
2017-10-27,18.2,10.8,1.0,2.94,15.6
2017-10-28,15.1,12.1,7.2,1.61,22.6
2017-10-29,17.8,12.6,5.3,1.76,19.5
2017-10-30,17.9,10.9,0.2,2.79,20.9
2017-10-31,18.1,10.4,0.1,3.09,18.6
2017-11-01,17.0,11.2,0.3,2.71,24.4
2017-11-02,17.7,11.1,0.8,2.63,26.0
2017-11-03,16.8,11.6,10.2,1.18,25.3
2017-11-04,19.4,13.6,5.8,1.78,20.9
2017-11-05,16.4,11.8,1.2,1.7,13.4
2017-11-06,14.3,6.8,0.0,3.25,25.1
2017-11-07,16.4,6.2,0.0,3.53,26.7
2017-11-08,15.6,9.0,14.2,3.1,30.1
2017-11-09,16.9,6.2,0.0,3.81,18.0
2017-11-10,18.4,10.2,0.7,3.07,17.1
2017-11-11,17.6,9.4,0.0,4.2,24.1
2017-11-12,15.4,7.8,0.0,3.32,19.3
2017-11-13,17.6,5.8,0.0,3.85,20.0
2017-11-14,17.0,7.4,0.7,3.48,19.4
2017-11-15,17.5,8.6,2.2,3.23,12.0
2017-11-16,18.0,9.6,3.6,3.09,12.6
2017-11-17,19.3,7.8,0.0,4.37,19.9
2017-11-18,19.2,11.6,0.7,4.98,22.9
2017-11-19,17.1,11.2,0.7,3.72,22.0
2017-11-20,21.8,9.6,0.0,4.8,14.8
2017-11-21,21.8,10.0,0.2,4.56,19.4
2017-11-22,22.0,9.9,0.0,4.13,11.0
2017-11-23,22.5,9.6,0.0,4.63,18.2
2017-11-24,23.6,11.9,0.0,5.02,18.5
2017-11-25,22.0,14.0,0.2,2.97,10.0
2017-11-26,20.3,15.1,0.0,2.21,14.4
2017-11-27,21.5,14.2,2.3,3.34,12.5
2017-11-28,20.8,13.3,7.8,2.61,10.5
2017-11-29,19.9,13.9,7.4,2.39,11.2
2017-11-30,21.2,11.8,5.2,3.72,7.4
2017-12-01,20.9,12.9,4.2,3.71,15.6
2017-12-02,20.6,12.8,5.8,3.74,12.6
2017-12-03,22.0,11.4,0.1,4.48,18.4
2017-12-04,24.5,11.6,0.0,5.44,14.9
2017-12-05,24.3,14.2,0.0,5.29,16.6
2017-12-06,26.1,12.5,0.3,5.23,13.8
2017-12-07,25.9,15.0,1.3,4.38,17.6
2017-12-08,22.9,17.2,1.7,2.78,19.2
2017-12-09,21.1,14.7,2.2,3.29,15.9
2017-12-10,21.5,15.1,1.1,2.83,14.8
2017-12-11,21.4,13.4,4.2,3.09,14.7
2017-12-12,22.5,12.9,0.0,5.0,22.9
2017-12-13,21.0,13.2,0.3,4.95,26.9
2017-12-14,22.2,12.9,2.2,4.92,18.3
2017-12-15,21.1,11.1,0.3,4.18,17.1
2017-12-16,21.8,12.1,0.7,3.03,19.2
2017-12-17,23.5,12.9,0.5,3.91,17.3
2017-12-18,21.8,15.8,11.8,2.34,15.7
2017-12-19,20.6,15.1,1.0,4.62,25.9
2017-12-20,20.5,12.9,0.9,5.61,30.1
2017-12-21,21.5,11.2,0.0,5.77,21.2
2017-12-22,23.9,16.3,4.8,3.3,18.7
2017-12-23,20.2,16.0,2.2,2.21,18.6
2017-12-24,21.2,15.4,0.3,2.74,15.9
2017-12-25,22.3,16.0,0.0,4.24,19.0
2017-12-26,20.0,13.4,4.4,2.98,21.2
2017-12-27,19.0,10.5,0.3,4.94,25.7
2017-12-28,16.5,10.4,0.0,4.83,31.7
2017-12-29,22.5,11.3,0.0,5.19,27.7
2017-12-30,22.5,12.2,0.1,4.7,18.8
2017-12-31,21.5,11.7,0.9,3.54,19.2
2018-01-01,20.7,15.6,4.6,1.67,17.0
2018-01-02,23.6,16.5,10.6,2.96,13.7
2018-01-03,22.0,16.0,6.0,3.23,25.3
2018-01-04,20.4,17.4,33.7,1.19,42.4
2018-01-05,20.8,17.5,33.5,1.5,44.6
2018-01-06,22.0,14.9,1.9,3.71,23.1
2018-01-07,20.1,13.8,1.6,3.21,18.7
2018-01-08,24.2,12.8,0.0,5.33,14.8
2018-01-09,23.5,13.1,0.0,4.97,16.1
2018-01-10,23.0,16.0,0.5,3.86,16.2
2018-01-11,24.2,15.8,0.0,4.19,13.9
2018-01-12,24.6,14.8,0.8,4.86,17.8
2018-01-13,23.1,17.0,5.6,3.3,18.1
2018-01-14,24.1,15.9,0.1,3.91,14.8
2018-01-15,23.6,16.5,0.1,3.9,22.1
2018-01-16,22.5,16.6,0.3,3.84,32.1
2018-01-17,21.1,16.2,3.3,3.34,37.4
2018-01-18,19.6,17.5,14.8,1.19,30.0
2018-01-19,22.3,18.0,10.1,1.5,24.1
2018-01-20,24.8,17.1,0.8,3.73,13.3
2018-01-21,23.6,16.8,0.9,2.95,11.6
2018-01-22,22.2,18.5,18.5,1.73,15.6
2018-01-23,24.4,16.8,4.8,3.78,16.3
2018-01-24,24.5,16.1,0.0,4.2,19.8
2018-01-25,24.6,17.0,0.2,3.25,16.9
2018-01-26,26.8,18.4,13.1,4.43,12.0
2018-01-27,25.8,18.4,2.7,3.96,14.8
2018-01-28,26.5,17.5,2.9,4.39,12.7
2018-01-29,26.0,16.4,0.8,4.8,8.4
2018-01-30,26.4,18.1,0.3,3.9,21.7
2018-01-31,24.4,16.2,0.0,4.94,29.1
2018-02-01,21.0,18.3,53.6,1.35,34.3
2018-02-02,20.0,12.4,1.2,3.66,21.5
2018-02-03,20.8,11.9,0.0,3.55,12.4
2018-02-04,22.3,10.8,0.0,4.87,10.2
2018-02-05,21.4,12.8,2.2,3.51,13.4
2018-02-06,20.8,13.1,0.1,3.76,21.3
2018-02-07,21.9,13.4,0.8,3.35,17.0
2018-02-08,22.4,12.9,0.2,4.13,16.2
2018-02-09,19.9,14.9,5.1,1.86,15.5
2018-02-10,21.0,17.9,25.6,0.68,22.4
2018-02-11,23.0,20.2,32.5,0.96,28.7
2018-02-12,27.0,20.2,3.0,3.99,16.8
2018-02-13,22.0,19.2,23.7,1.08,14.8
2018-02-14,21.8,14.1,6.5,1.67,11.9
2018-02-15,23.3,13.6,0.0,4.62,14.5
2018-02-16,25.9,12.6,0.0,4.73,11.2
2018-02-17,24.5,15.1,0.2,3.42,15.0
2018-02-18,25.1,16.2,0.7,3.65,8.2
2018-02-19,24.5,16.6,4.0,2.21,13.3
2018-02-20,24.5,19.1,5.9,2.52,43.2
2018-02-21,20.0,15.1,1.7,3.17,20.0
2018-02-22,19.8,14.1,5.6,2.75,15.8
2018-02-23,21.0,13.2,0.0,3.98,20.1
2018-02-24,21.4,10.2,0.4,3.27,12.5
2018-02-25,21.1,9.9,0.1,3.77,14.6
2018-02-26,20.6,12.6,6.6,2.31,18.8
2018-02-27,17.8,14.6,4.7,1.23,17.2
2018-02-28,20.5,15.9,0.2,2.88,29.8
2018-03-01,22.1,15.8,0.2,2.69,25.0
2018-03-02,21.5,16.5,1.9,2.08,24.0
2018-03-03,22.4,16.3,0.6,2.77,24.3
2018-03-04,23.0,14.6,0.3,3.11,21.1
2018-03-05,25.4,14.8,0.4,3.64,18.8
2018-03-06,23.0,17.1,0.3,2.96,11.0
2018-03-07,22.1,17.0,45.8,1.74,24.5
2018-03-08,22.2,14.7,10.2,2.84,13.6
2018-03-09,20.8,13.4,0.6,3.3,21.5
2018-03-10,21.5,9.5,0.0,3.92,12.8
2018-03-11,20.5,11.1,0.0,3.64,13.7
2018-03-12,20.2,9.1,6.0,2.06,20.7
2018-03-13,19.7,13.4,0.8,2.38,30.2
2018-03-14,19.2,12.6,0.3,3.32,21.3
2018-03-15,19.7,11.9,0.6,2.23,16.6
2018-03-16,20.3,12.4,1.2,2.13,22.7
2018-03-17,21.2,13.6,0.0,2.36,18.0
2018-03-18,20.1,11.2,0.0,3.53,19.2
2018-03-19,21.2,12.8,0.0,3.23,19.1
2018-03-20,21.8,12.3,0.1,3.01,11.5
2018-03-21,20.9,13.4,0.8,2.19,9.7
2018-03-22,21.0,13.9,8.0,2.07,9.8
2018-03-23,19.0,13.9,1.4,2.14,20.8
2018-03-24,18.9,14.4,8.4,1.85,22.3
2018-03-25,20.0,10.9,2.5,2.56,11.8
2018-03-26,22.0,9.8,0.0,2.88,9.6
2018-03-27,21.8,14.5,0.7,2.34,14.2
2018-03-28,20.0,14.2,0.8,1.52,13.5
2018-03-29,21.1,13.9,6.8,1.35,11.6
2018-03-30,20.8,11.6,1.8,2.76,9.7
2018-03-31,20.1,12.1,0.8,2.21,19.5
2018-04-01,19.1,10.9,0.0,2.68,18.9
2018-04-02,18.0,9.9,0.2,2.15,12.9
2018-04-03,21.0,10.1,0.2,2.09,18.2
2018-04-04,20.7,12.3,1.2,2.1,20.0
2018-04-05,21.0,11.3,0.0,2.67,16.3
2018-04-06,19.0,10.2,0.8,1.88,13.0
2018-04-07,20.1,10.1,0.1,2.02,24.9
2018-04-08,18.5,8.7,0.3,2.11,14.2
2018-04-09,18.8,8.9,0.9,1.82,18.5
2018-04-10,17.6,12.2,15.2,1.53,33.0
2018-04-11,11.5,5.5,6.3,2.02,45.4
2018-04-12,14.6,6.7,3.6,1.91,28.7
2018-04-13,15.1,11.4,4.9,2.16,39.7
2018-04-14,17.0,10.8,6.5,0.97,14.1
2018-04-15,17.1,12.6,1.4,1.18,15.8
2018-04-16,19.2,13.3,30.8,1.14,27.8
2018-04-17,19.5,11.9,2.4,1.43,25.5
2018-04-18,13.8,9.4,1.2,1.91,33.2
2018-04-19,16.4,8.7,0.0,1.71,24.4
2018-04-20,17.0,11.9,0.1,1.74,22.8
2018-04-21,17.4,11.8,0.7,1.84,25.6
2018-04-22,16.2,7.2,0.1,2.14,22.7
2018-04-23,15.4,5.6,0.4,1.2,15.2
2018-04-24,15.9,8.2,0.5,1.41,18.5
2018-04-25,16.6,7.5,0.0,1.9,13.9
2018-04-26,17.3,7.6,0.0,1.56,10.5
2018-04-27,16.9,6.8,0.4,1.68,20.2
2018-04-28,16.3,14.1,29.8,0.78,44.0
2018-04-29,17.9,14.3,24.6,0.53,30.8
2018-04-30,19.8,13.2,0.5,1.72,17.4
2018-05-01,19.4,11.8,1.3,1.66,16.5
2018-05-02,18.4,8.2,0.0,1.88,14.7
2018-05-03,15.9,4.3,0.0,1.79,8.3
2018-05-04,15.8,8.6,0.0,1.61,7.4
2018-05-05,13.8,7.2,0.0,0.68,14.1
2018-05-06,17.0,9.9,4.3,1.29,17.8
2018-05-07,15.6,10.8,0.2,2.05,29.3
2018-05-08,17.0,9.4,0.0,1.64,22.4
2018-05-09,18.2,9.8,0.2,1.43,19.9
2018-05-10,16.6,8.5,0.2,1.16,13.2
2018-05-11,16.0,10.9,8.4,0.47,20.5
2018-05-12,17.0,12.9,9.1,0.51,19.0
2018-05-13,19.0,13.1,15.3,1.0,22.1
2018-05-14,19.4,13.6,0.0,1.4,10.5
2018-05-15,16.5,13.1,18.7,0.86,19.6
2018-05-16,15.8,12.8,17.6,0.5,22.3
2018-05-17,13.2,9.8,3.3,1.16,21.6
2018-05-18,15.2,8.7,0.2,1.31,22.7
2018-05-19,14.3,9.2,10.2,0.65,23.5
2018-05-20,15.6,7.7,0.2,1.38,17.9
2018-05-21,15.1,10.6,4.4,1.01,19.8
2018-05-22,15.6,8.9,2.7,0.95,24.8
2018-05-23,13.4,6.7,12.4,0.88,30.1
2018-05-24,13.2,6.2,2.9,1.13,25.6
2018-05-25,11.4,5.7,8.1,0.97,24.4
2018-05-26,11.3,4.4,0.0,1.33,28.2
2018-05-27,12.2,6.8,1.7,1.19,26.6
2018-05-28,9.2,5.1,0.0,1.61,27.0
2018-05-29,10.6,4.1,0.0,1.44,23.1
2018-05-30,10.4,1.1,0.0,1.18,12.9
2018-05-31,11.2,0.2,0.0,1.14,11.4
2018-06-01,12.7,1.4,0.0,1.09,14.1
2018-06-02,14.1,8.3,0.2,1.51,21.2
2018-06-03,12.2,9.6,33.4,0.75,28.0
2018-06-04,15.4,11.8,1.4,1.0,23.8
2018-06-05,14.4,8.4,6.2,0.97,30.7
2018-06-06,10.4,4.8,2.6,1.0,22.8
2018-06-07,9.5,3.0,0.6,1.26,31.2
2018-06-08,13.9,4.5,0.0,1.34,29.1
2018-06-09,11.9,4.9,0.0,0.94,9.4
2018-06-10,11.5,4.6,0.0,0.69,8.7
2018-06-11,13.1,4.8,3.0,0.73,17.4
2018-06-12,14.2,9.5,27.0,0.88,28.7
2018-06-13,13.1,10.6,5.6,0.52,19.8
2018-06-14,14.0,8.1,0.0,0.92,18.8
2018-06-15,14.8,6.3,1.4,0.86,11.6
2018-06-16,14.6,9.5,11.8,0.71,11.2
2018-06-17,14.7,8.1,4.9,1.08,18.2
2018-06-18,12.9,8.2,23.2,0.37,26.9
2018-06-19,14.1,9.2,8.5,1.01,17.3
2018-06-20,13.2,7.8,0.0,1.57,22.4
2018-06-21,12.6,3.2,0.0,1.26,22.5
2018-06-22,10.2,0.5,0.0,0.93,9.3
2018-06-23,11.4,0.2,0.5,0.72,8.4
2018-06-24,12.9,3.6,5.9,0.77,20.2
2018-06-25,10.8,6.4,9.6,0.82,29.1
2018-06-26,9.0,2.4,3.2,0.73,30.1
2018-06-27,10.2,-0.5,0.0,1.08,14.3
2018-06-28,8.1,0.1,0.5,0.53,8.2
2018-06-29,10.5,0.4,0.0,1.0,13.0
2018-06-30,11.4,-1.6,0.0,1.04,8.0
2018-07-01,11.4,5.9,21.3,0.51,19.2
2018-07-02,12.9,7.1,1.8,0.99,22.0
2018-07-03,10.4,2.5,0.0,1.13,19.8
2018-07-04,11.1,-0.9,0.0,0.91,24.5
2018-07-05,10.3,0.9,0.0,0.92,8.0
2018-07-06,11.2,2.3,0.0,1.05,9.0
2018-07-07,13.1,2.3,0.7,0.57,20.5
2018-07-08,14.6,8.6,9.2,0.88,33.4
2018-07-09,12.1,7.9,10.2,1.02,36.8
2018-07-10,10.3,4.0,4.8,0.76,31.4
2018-07-11,12.2,3.8,0.3,1.0,16.2
2018-07-12,12.6,3.5,0.6,0.9,11.1
2018-07-13,11.8,4.1,0.0,0.93,11.5
2018-07-14,13.1,8.1,0.8,1.14,27.5
2018-07-15,12.6,10.9,22.1,1.12,36.2
2018-07-16,12.6,6.6,5.4,0.63,12.0
2018-07-17,12.9,6.2,1.2,0.94,16.8
2018-07-18,13.5,5.5,0.3,1.05,10.9
2018-07-19,12.4,4.1,5.0,0.47,14.0
2018-07-20,12.5,4.0,0.5,0.87,10.3
2018-07-21,12.0,2.3,3.6,0.87,18.0
2018-07-22,12.9,6.1,21.9,0.72,21.5
2018-07-23,11.5,4.5,0.9,1.19,17.0
2018-07-24,11.6,2.1,0.1,1.14,8.9
2018-07-25,11.9,1.8,2.7,1.03,13.9
2018-07-26,12.8,7.2,1.6,1.01,27.5
2018-07-27,12.1,5.3,5.6,0.96,16.9
2018-07-28,13.4,8.6,1.4,1.24,25.0
2018-07-29,12.6,7.3,6.2,0.76,22.0
2018-07-30,11.5,4.1,0.0,1.37,18.3
2018-07-31,11.7,2.2,0.6,0.87,16.3
2018-08-01,14.3,7.6,1.5,1.1,12.3
2018-08-02,11.7,5.6,2.7,0.76,15.8
2018-08-03,12.6,5.3,12.0,1.0,13.4
2018-08-04,12.5,2.0,1.1,0.94,11.9
2018-08-05,13.9,7.9,22.7,0.65,22.7
2018-08-06,13.4,6.8,6.0,1.18,16.2
2018-08-07,14.6,6.5,0.3,1.22,13.5
2018-08-08,13.4,8.9,7.9,0.59,22.4
2018-08-09,13.6,6.3,0.9,1.33,24.9
2018-08-10,14.4,5.8,0.0,1.41,17.0
2018-08-11,14.3,5.2,0.1,1.56,10.9
2018-08-12,14.0,4.5,0.0,1.67,7.7
2018-08-13,12.6,2.8,2.0,1.21,23.7
2018-08-14,11.4,8.8,26.6,0.56,31.8
2018-08-15,12.8,6.6,0.7,1.63,29.6
2018-08-16,14.5,6.3,0.3,1.36,19.8
2018-08-17,12.9,7.8,11.2,0.89,20.3
2018-08-18,12.2,3.7,1.3,1.47,21.7
2018-08-19,11.7,0.3,0.5,1.43,11.8
2018-08-20,13.4,5.7,16.7,0.7,22.0
2018-08-21,12.0,8.1,11.3,1.08,21.3
2018-08-22,11.3,8.2,9.0,1.16,27.2
2018-08-23,11.2,4.3,8.9,1.52,23.2
2018-08-24,11.6,1.5,0.0,1.61,21.1
2018-08-25,12.6,4.8,0.6,1.46,32.8
2018-08-26,13.6,2.1,0.0,1.85,13.8
2018-08-27,12.8,5.1,0.0,1.01,10.0
2018-08-28,13.9,4.8,0.0,1.62,18.1
2018-08-29,13.4,8.8,15.7,0.72,29.8
2018-08-30,15.1,6.2,0.6,1.71,13.5
2018-08-31,14.6,5.3,3.5,1.66,12.0
2018-09-01,14.3,3.7,0.7,1.75,15.6
2018-09-02,13.8,9.3,14.0,1.05,30.6
2018-09-03,11.6,5.3,5.4,1.48,20.6
2018-09-04,12.2,5.1,5.8,1.07,30.5
2018-09-05,13.2,5.8,1.4,1.69,24.7
2018-09-06,12.4,6.1,3.1,1.58,23.0
2018-09-07,13.1,5.1,0.0,1.96,35.7
2018-09-08,14.0,6.0,0.0,2.27,27.8
2018-09-09,11.4,4.1,0.0,2.15,28.3
2018-09-10,12.9,1.9,0.0,1.35,8.3
2018-09-11,15.4,3.8,0.0,2.47,16.6
2018-09-12,14.8,2.5,0.0,2.56,17.1
2018-09-13,13.0,5.8,0.0,1.88,20.2
2018-09-14,13.9,8.1,0.0,1.58,25.9
2018-09-15,16.9,6.4,0.0,2.27,13.5
2018-09-16,15.6,8.1,0.2,1.94,21.0
2018-09-17,16.5,8.6,4.5,1.73,17.9
2018-09-18,17.3,11.4,2.8,1.47,20.2
2018-09-19,17.6,11.9,0.2,1.82,14.1
2018-09-20,20.3,10.2,0.1,2.71,20.5
2018-09-21,15.9,8.3,1.6,2.09,13.0
2018-09-22,17.8,7.5,0.7,2.65,12.2
2018-09-23,16.3,4.8,0.0,2.9,19.1
2018-09-24,14.6,8.1,9.3,1.65,22.2
2018-09-25,10.6,6.8,2.8,1.94,39.9
2018-09-26,12.9,8.8,0.4,2.6,36.7
2018-09-27,12.9,6.5,0.5,2.39,19.8
2018-09-28,13.3,3.0,0.8,2.36,19.1
2018-09-29,13.9,4.8,0.4,2.38,19.4
2018-09-30,15.2,4.8,0.0,2.54,17.8
2018-10-01,14.9,5.7,7.2,1.37,22.2
2018-10-02,14.5,7.8,3.0,2.25,20.1
2018-10-03,15.4,5.9,0.9,1.84,9.2
2018-10-04,15.9,6.1,0.0,1.82,11.1
2018-10-05,16.4,5.6,0.0,2.87,15.6
2018-10-06,17.9,8.2,0.2,2.68,16.9
2018-10-07,14.8,6.9,1.8,1.44,16.1
2018-10-08,16.9,6.9,0.0,2.9,10.3
2018-10-09,14.4,6.1,0.0,2.39,19.8
2018-10-10,14.4,6.3,0.7,2.04,19.4
2018-10-11,17.4,6.8,14.4,1.76,22.6
2018-10-12,13.8,8.3,18.4,1.82,30.1
2018-10-13,12.2,4.7,1.8,3.08,31.0
2018-10-14,14.9,1.4,0.1,3.25,18.6
2018-10-15,15.9,2.3,0.0,3.45,19.5
2018-10-16,14.0,5.0,0.0,2.55,18.2
2018-10-17,13.9,6.7,0.0,2.66,30.8
2018-10-18,17.7,9.9,0.0,2.99,23.9
2018-10-19,19.5,6.2,0.0,4.32,13.1
2018-10-20,19.2,6.7,0.0,3.49,14.3
2018-10-21,17.6,6.8,0.2,2.76,17.1
2018-10-22,20.1,9.0,0.0,3.33,14.4
2018-10-23,20.7,9.1,0.0,3.42,15.0
2018-10-24,19.2,7.6,0.0,3.6,15.2
2018-10-25,17.5,8.5,1.0,2.88,19.5
2018-10-26,16.8,7.6,1.9,3.83,17.6
2018-10-27,17.2,6.9,8.5,1.98,21.5
2018-10-28,17.6,10.2,2.5,2.91,15.6
2018-10-29,15.4,9.1,7.9,1.93,19.3
2018-10-30,14.9,9.1,12.8,2.38,20.6
2018-10-31,17.0,7.3,0.1,3.5,23.2
2018-11-01,13.8,7.8,8.2,2.73,41.4
2018-11-02,16.1,6.6,0.0,3.98,24.3
2018-11-03,15.9,8.8,5.3,1.4,26.2
2018-11-04,15.2,11.3,5.2,3.43,34.3
2018-11-05,15.4,9.9,0.2,2.97,30.4
2018-11-06,18.9,8.8,0.0,4.08,14.1
2018-11-07,20.0,8.2,0.0,3.77,17.1
2018-11-08,20.1,14.4,2.1,2.47,23.6
2018-11-09,19.4,11.5,7.8,2.51,25.4
2018-11-10,18.0,9.1,0.4,4.13,18.9
2018-11-11,17.3,10.9,1.7,2.37,14.3
2018-11-12,16.7,9.5,0.8,2.32,14.1
2018-11-13,20.6,8.6,0.1,4.6,15.6
2018-11-14,20.6,11.2,1.6,3.72,17.9
2018-11-15,20.5,11.5,0.4,3.71,12.7
2018-11-16,19.3,9.8,0.7,3.62,14.5
2018-11-17,19.5,8.1,0.0,4.22,12.4
2018-11-18,16.5,9.1,2.1,1.89,17.7
2018-11-19,13.6,5.8,0.2,2.73,20.8
2018-11-20,14.4,4.5,5.4,3.24,14.6
2018-11-21,13.1,5.7,9.5,1.79,19.2
2018-11-22,17.4,7.3,1.1,3.62,22.6
2018-11-23,21.0,6.3,0.0,4.77,13.9
2018-11-24,16.4,12.6,6.8,1.92,30.9
2018-11-25,18.5,13.8,16.5,1.59,24.5
2018-11-26,18.9,10.1,2.4,3.3,15.9
2018-11-27,20.0,9.7,0.7,3.75,17.2
2018-11-28,22.4,11.3,8.8,3.57,12.7
2018-11-29,21.8,11.6,0.0,4.22,17.1
2018-11-30,19.4,14.4,0.5,3.4,28.8
2018-12-01,17.7,15.2,10.2,2.15,34.6
2018-12-02,20.2,14.8,8.1,2.96,23.9
2018-12-03,19.1,14.7,28.8,1.84,20.7
2018-12-04,19.5,14.1,11.0,2.8,24.5
2018-12-05,17.3,11.9,2.7,4.16,29.7
2018-12-06,15.6,9.3,7.4,3.3,21.7
2018-12-07,17.7,7.8,0.0,4.38,28.2
2018-12-08,20.6,7.7,0.0,4.89,17.3
2018-12-09,23.6,10.7,0.0,5.34,16.1
2018-12-10,25.2,12.9,0.2,5.09,16.3
2018-12-11,20.1,15.5,2.4,2.35,17.1
2018-12-12,20.9,12.1,1.2,3.85,14.7
2018-12-13,21.0,12.1,16.1,3.1,13.0
2018-12-14,21.1,14.0,8.2,3.45,19.3
2018-12-15,20.7,13.3,10.3,3.28,16.8
2018-12-16,24.1,12.6,0.6,4.59,12.7
2018-12-17,23.6,13.8,0.2,4.16,12.7
2018-12-18,22.0,12.4,0.0,4.93,20.0
2018-12-19,20.9,13.7,9.2,3.39,18.8
2018-12-20,19.6,13.2,6.6,3.39,18.4
2018-12-21,19.7,11.4,2.1,3.46,24.1
2018-12-22,19.5,12.8,0.7,3.85,17.6
2018-12-23,21.6,12.8,9.2,2.5,18.2
2018-12-24,20.9,14.9,48.4,1.99,24.6
2018-12-25,21.3,14.9,25.2,3.27,35.9
2018-12-26,23.2,15.4,0.0,4.1,24.4
2018-12-27,21.5,13.1,0.0,4.72,20.2
2018-12-28,22.1,10.6,0.3,4.4,13.9
2018-12-29,21.0,12.8,0.1,3.33,13.4
2018-12-30,21.0,12.2,0.0,4.06,16.3
2018-12-31,21.6,12.7,0.3,2.97,20.4
2019-01-01,24.0,15.6,0.2,4.35,18.0
2019-01-02,22.1,15.7,0.0,4.18,19.7
2019-01-03,22.8,15.4,0.3,3.72,28.2
2019-01-04,21.5,15.4,0.0,4.74,28.2
2019-01-05,23.5,13.0,0.0,4.88,18.6
2019-01-06,22.3,14.3,0.0,4.47,23.8
2019-01-07,23.6,14.6,0.2,4.16,20.8
2019-01-08,22.2,12.8,0.0,5.25,20.0
2019-01-09,25.0,10.9,0.1,4.2,19.1
2019-01-10,25.2,14.8,0.0,4.88,16.1
2019-01-11,23.8,15.2,0.9,4.69,22.0
2019-01-12,23.9,12.1,0.0,4.97,16.7
2019-01-13,23.2,15.6,2.2,3.71,21.6
2019-01-14,19.2,13.0,21.1,3.25,16.6
2019-01-15,18.8,12.1,15.6,2.11,20.2
2019-01-16,22.2,12.9,0.3,3.88,22.5
2019-01-17,22.8,15.0,0.0,4.85,21.2
2019-01-18,22.5,14.1,0.8,3.15,22.6
2019-01-19,23.5,16.2,0.0,4.76,16.3
2019-01-20,20.8,14.6,1.6,4.73,27.9
2019-01-21,20.2,14.4,0.2,3.8,33.7
2019-01-22,21.5,14.1,0.0,4.52,31.8
2019-01-23,22.0,15.1,0.1,4.08,26.8
2019-01-24,23.0,15.8,1.6,5.22,23.0
2019-01-25,21.5,11.4,0.1,3.62,14.3
2019-01-26,20.4,11.1,0.2,3.24,18.2
2019-01-27,22.2,12.6,0.2,2.57,26.5
2019-01-28,23.0,18.6,0.1,3.47,25.0
2019-01-29,29.1,17.9,0.6,5.16,19.3
2019-01-30,27.9,18.6,0.4,4.8,15.5
2019-01-31,27.4,16.9,0.4,4.51,13.9
2019-02-01,24.0,17.4,1.9,3.54,15.8
2019-02-02,24.2,15.7,1.1,4.08,18.4
2019-02-03,24.6,15.9,1.8,4.65,14.0
2019-02-04,25.2,14.2,0.1,4.47,15.7
2019-02-05,25.4,12.6,0.0,5.03,19.8
2019-02-06,25.4,16.3,0.1,4.45,20.5
2019-02-07,20.1,14.8,1.5,2.76,16.1
2019-02-08,22.0,14.4,0.0,4.75,16.3
2019-02-09,24.0,12.1,0.0,4.95,13.7
2019-02-10,26.8,14.0,0.0,5.45,18.3
2019-02-11,26.9,13.9,0.0,5.58,21.0
2019-02-12,24.2,13.1,0.4,4.06,21.4
2019-02-13,25.6,15.9,0.0,4.93,17.5
2019-02-14,27.0,14.9,0.0,5.03,15.2
2019-02-15,24.4,13.9,0.1,3.97,21.5
2019-02-16,24.6,12.4,0.0,5.27,26.4
2019-02-17,22.6,13.1,0.6,3.41,19.2
2019-02-18,22.0,14.0,0.0,4.53,19.1
2019-02-19,24.6,11.6,0.0,4.35,15.6
2019-02-20,25.3,14.1,0.0,4.8,10.5
2019-02-21,24.9,17.4,6.8,2.78,20.2
2019-02-22,20.4,16.4,10.1,1.31,17.4
2019-02-23,20.2,13.1,5.0,2.28,20.7
2019-02-24,18.7,12.4,4.0,3.64,21.7
2019-02-25,20.6,10.8,0.8,4.15,26.1
2019-02-26,20.5,7.0,0.0,4.4,12.3
2019-02-27,20.5,9.5,0.0,3.28,19.7
2019-02-28,21.2,10.8,0.1,4.64,23.1
2019-03-01,20.4,9.1,0.0,3.44,15.6
2019-03-02,22.5,8.6,0.0,4.47,14.9
2019-03-03,24.8,8.9,0.0,4.77,22.2
2019-03-04,24.0,11.1,0.0,4.42,18.2
2019-03-05,22.0,11.2,0.0,4.09,22.7
2019-03-06,22.4,13.2,0.7,2.93,12.9
2019-03-07,24.5,12.6,0.8,4.03,21.4
2019-03-08,20.5,12.9,17.5,1.17,20.6
2019-03-09,19.9,11.9,0.7,2.92,13.4
2019-03-10,22.0,11.9,0.1,3.2,20.5
2019-03-11,22.2,12.4,0.1,3.12,13.4
2019-03-12,21.7,12.4,0.7,2.52,12.3
2019-03-13,22.4,14.9,4.1,1.94,18.8
2019-03-14,23.6,17.6,3.1,2.71,9.7
2019-03-15,24.5,17.0,0.1,3.14,14.7
2019-03-16,23.8,15.4,1.2,3.12,10.8
2019-03-17,26.2,14.0,0.9,3.51,12.2
2019-03-18,22.1,17.0,5.3,1.93,15.4
2019-03-19,22.0,16.9,1.1,2.51,15.9
2019-03-20,23.3,16.1,2.6,2.4,12.5
2019-03-21,23.5,14.9,0.0,2.98,17.2
2019-03-22,22.8,14.2,0.6,2.84,15.0
2019-03-23,22.2,13.0,0.0,2.85,10.5
2019-03-24,22.1,14.1,0.3,2.63,11.2
2019-03-25,22.8,14.4,0.5,2.79,11.5
2019-03-26,22.9,13.8,0.1,2.81,19.5
2019-03-27,21.6,14.9,8.4,2.78,27.5
2019-03-28,21.1,15.4,7.9,2.12,20.5
2019-03-29,21.0,15.4,4.3,2.36,16.9
2019-03-30,21.8,14.8,0.2,2.56,16.8
2019-03-31,21.2,13.7,1.8,2.28,27.9
2019-04-01,20.3,13.9,28.5,0.78,24.3
2019-04-02,18.4,12.7,0.0,2.88,20.7
2019-04-03,18.6,9.6,0.0,2.38,9.7
2019-04-04,18.5,9.6,0.0,2.3,12.4
2019-04-05,17.2,8.0,0.2,1.99,11.2
2019-04-06,17.5,9.2,7.4,1.91,17.7
2019-04-07,15.6,7.7,0.6,2.14,15.4
2019-04-08,17.4,6.4,0.4,2.07,21.3
2019-04-09,18.4,7.6,0.0,2.41,19.7
2019-04-10,19.5,10.6,0.4,1.82,16.8
2019-04-11,15.4,10.9,16.8,0.72,22.1
2019-04-12,16.2,9.6,1.5,2.26,25.7
2019-04-13,14.6,6.4,0.0,2.67,23.3
2019-04-14,17.4,4.8,0.0,2.35,18.2
2019-04-15,16.5,5.1,0.0,2.44,14.1
2019-04-16,16.4,5.1,0.0,2.26,12.5
2019-04-17,16.6,5.9,0.0,2.2,9.1
2019-04-18,17.5,8.1,0.0,2.36,9.4
2019-04-19,18.1,8.1,0.0,2.19,10.4
2019-04-20,17.8,6.6,0.0,2.16,8.6
2019-04-21,17.6,6.8,2.9,1.77,17.1
2019-04-22,13.9,10.5,39.7,0.47,20.9
2019-04-23,17.3,6.9,0.0,2.06,12.3
2019-04-24,18.6,9.6,0.0,1.87,16.7
2019-04-25,19.5,10.1,0.0,1.97,15.9
2019-04-26,18.8,11.5,0.1,1.63,25.6
2019-04-27,18.6,11.9,1.2,1.43,17.8
2019-04-28,17.1,10.9,9.3,1.11,16.2
2019-04-29,15.6,10.2,11.5,0.95,24.1
2019-04-30,14.1,6.7,0.0,2.12,24.9
2019-05-01,15.3,4.6,0.0,1.8,15.2
2019-05-02,16.1,4.8,0.0,1.54,23.0
2019-05-03,18.0,6.9,0.0,1.78,8.8
2019-05-04,16.9,8.9,0.0,1.37,9.8
2019-05-05,17.9,7.6,0.2,1.37,9.3
2019-05-06,16.6,9.4,0.0,1.44,7.5
2019-05-07,17.3,8.4,0.2,1.34,9.8
2019-05-08,16.6,11.1,0.2,1.16,17.5
2019-05-09,17.5,9.9,0.4,1.41,18.2
2019-05-10,18.6,12.0,11.3,1.43,16.6
2019-05-11,16.5,10.2,0.2,1.14,8.7
2019-05-12,17.5,10.3,17.6,0.74,37.8
2019-05-13,15.9,7.2,4.7,1.56,32.2
2019-05-14,14.6,6.2,0.5,1.28,11.2
2019-05-15,16.4,10.4,3.3,1.19,22.9
2019-05-16,15.4,12.4,0.1,1.96,35.1
2019-05-17,13.1,4.6,0.0,1.6,31.8
2019-05-18,15.1,3.2,0.7,1.16,19.3
2019-05-19,15.2,9.1,1.3,1.35,31.7
2019-05-20,14.9,8.6,0.0,1.33,25.0
2019-05-21,14.8,8.6,0.3,0.87,11.9
2019-05-22,14.9,8.1,0.1,1.02,15.7
2019-05-23,15.6,7.8,0.0,0.99,14.4
2019-05-24,14.9,7.1,0.0,1.18,8.4
2019-05-25,15.1,5.8,0.6,1.18,7.8
2019-05-26,15.7,6.9,0.0,1.21,10.7
2019-05-27,15.2,7.1,3.1,0.71,18.8
2019-05-28,16.8,12.0,15.6,0.52,32.3
2019-05-29,16.0,8.3,0.8,1.59,32.7
2019-05-30,15.6,8.1,8.2,0.6,25.1
2019-05-31,14.0,10.4,29.2,0.68,26.6
2019-06-01,11.1,7.2,6.6,0.97,29.0
2019-06-02,10.6,4.8,0.1,1.27,27.5
2019-06-03,11.7,2.4,0.0,1.15,15.8
2019-06-04,13.1,5.3,1.3,0.8,18.0
2019-06-05,13.7,8.8,19.5,0.49,29.7
2019-06-06,12.2,5.1,2.6,1.19,25.3
2019-06-07,11.1,4.2,8.2,1.15,33.5
2019-06-08,14.1,7.1,0.5,1.66,43.1
2019-06-09,13.1,4.2,0.0,1.19,12.4
2019-06-10,14.2,9.1,0.4,0.84,14.4
2019-06-11,13.1,8.9,1.0,0.55,13.1
2019-06-12,12.2,8.6,2.8,0.49,12.0
2019-06-13,14.3,7.2,4.0,0.98,9.1
2019-06-14,15.8,7.8,0.0,0.98,14.1
2019-06-15,14.5,10.6,0.4,0.97,21.6
2019-06-16,13.8,9.3,0.3,1.24,21.9
2019-06-17,12.4,8.3,0.2,1.44,27.5
2019-06-18,11.4,2.0,0.0,1.15,12.7
2019-06-19,11.4,0.6,0.0,1.13,10.9
2019-06-20,12.1,2.2,4.5,1.11,25.2
2019-06-21,14.4,7.4,9.9,0.85,24.2
2019-06-22,11.6,4.0,0.0,0.77,10.7
2019-06-23,11.6,4.3,8.6,0.47,20.2
2019-06-24,12.9,4.8,4.6,1.12,14.5
2019-06-25,12.9,2.7,0.0,1.12,11.1
2019-06-26,11.6,2.6,0.0,1.07,5.8
2019-06-27,11.1,-0.6,0.0,1.0,7.6
2019-06-28,12.2,0.6,0.0,0.94,10.0
2019-06-29,11.9,1.4,0.0,1.12,9.4
2019-06-30,11.4,-0.8,0.0,1.1,9.9
2019-07-01,14.1,3.4,1.4,0.96,14.4
2019-07-02,14.2,9.3,0.3,0.94,24.8
2019-07-03,15.1,11.3,8.2,0.36,22.1
2019-07-04,14.1,9.0,62.2,0.35,28.7
2019-07-05,8.9,4.3,2.0,0.73,23.1
2019-07-06,11.5,2.7,0.0,1.15,33.4
2019-07-07,11.4,2.4,0.0,1.11,14.6
2019-07-08,12.6,6.0,0.0,1.24,29.8
2019-07-09,12.6,4.2,0.4,0.81,18.7
2019-07-10,12.4,5.8,4.7,0.66,12.5
2019-07-11,13.9,7.4,3.1,0.97,14.4
2019-07-12,12.2,7.8,6.0,0.44,20.5
2019-07-13,14.6,9.6,1.0,1.0,16.9
2019-07-14,13.0,8.5,21.6,0.41,31.9
2019-07-15,12.9,7.8,2.1,1.28,26.6
2019-07-16,12.8,7.2,24.5,0.7,30.3
2019-07-17,12.0,8.4,5.2,1.03,29.6
2019-07-18,13.1,6.8,0.3,1.09,16.3
2019-07-19,12.9,8.0,7.5,0.44,28.6
2019-07-20,12.5,6.9,4.7,0.76,20.1
2019-07-21,12.8,5.4,0.3,1.05,14.7
2019-07-22,13.5,4.8,0.0,1.27,9.0
2019-07-23,13.4,3.2,0.0,1.23,10.2
2019-07-24,13.2,3.5,1.1,1.01,8.7
2019-07-25,13.2,5.4,0.6,1.07,17.4
2019-07-26,14.5,9.2,0.3,1.09,21.4
2019-07-27,14.6,6.7,0.0,1.38,15.9
2019-07-28,13.4,4.9,0.1,1.17,17.8
2019-07-29,14.4,7.3,0.2,1.13,16.8
2019-07-30,13.4,8.9,8.1,0.76,19.0
2019-07-31,10.1,4.3,3.1,1.04,18.2
2019-08-01,9.6,0.9,0.3,1.23,21.8
2019-08-02,12.0,1.5,3.2,1.21,37.2
2019-08-03,11.9,7.7,1.1,1.72,37.3
2019-08-04,11.4,5.6,3.5,1.22,29.5
2019-08-05,9.1,4.9,2.3,1.52,36.7
2019-08-06,10.9,6.7,1.4,1.32,26.7
2019-08-07,12.8,6.5,5.8,1.28,21.8
2019-08-08,13.4,7.8,8.6,1.0,15.5
2019-08-09,12.7,9.2,7.5,0.64,16.3
2019-08-10,13.9,8.2,6.3,0.99,21.9
2019-08-11,13.3,10.1,20.3,0.55,24.7
2019-08-12,12.2,8.8,8.8,0.84,25.8
2019-08-13,11.7,8.2,3.2,1.22,29.7
2019-08-14,12.7,6.0,0.2,1.54,31.0
2019-08-15,11.9,3.4,0.0,1.31,9.8
2019-08-16,12.6,5.6,0.3,1.23,20.9
2019-08-17,13.4,5.8,5.9,1.11,24.0
2019-08-18,11.1,3.8,0.1,1.96,20.6
2019-08-19,10.6,-0.4,0.0,1.74,16.3
2019-08-20,11.2,4.2,10.3,1.19,32.2
2019-08-21,11.9,6.2,6.3,1.26,25.5
2019-08-22,11.9,8.4,18.0,0.86,26.4
2019-08-23,11.4,6.6,13.0,0.58,15.7
2019-08-24,12.4,5.6,0.0,1.8,35.6
2019-08-25,13.5,8.9,0.1,1.62,33.4
2019-08-26,13.1,8.6,2.8,1.54,35.7
2019-08-27,12.2,6.3,0.0,1.89,25.3
2019-08-28,13.3,4.6,0.1,1.67,18.4
2019-08-29,12.3,4.3,1.1,1.45,20.6
2019-08-30,13.6,6.5,7.1,1.34,13.7
2019-08-31,13.1,5.2,0.1,1.55,23.2
2019-09-01,14.9,3.5,0.0,2.05,10.7
2019-09-02,14.1,4.7,0.1,1.3,10.2
2019-09-03,12.4,5.1,6.3,0.91,28.9
2019-09-04,16.4,11.4,6.7,1.34,33.4
2019-09-05,16.6,11.5,12.1,1.8,21.3
2019-09-06,11.2,7.3,8.8,1.46,27.8
2019-09-07,12.8,6.2,0.0,1.88,27.5
2019-09-08,13.9,6.1,16.1,1.25,20.5
2019-09-09,12.3,6.7,7.5,1.46,27.2
2019-09-10,12.1,5.9,4.9,1.76,26.8
2019-09-11,13.1,4.9,0.0,1.84,27.8
2019-09-12,13.4,5.3,0.3,1.79,25.7
2019-09-13,14.4,8.9,0.5,1.93,21.6
2019-09-14,14.7,9.8,14.6,1.36,23.8
2019-09-15,13.4,6.4,1.6,2.1,18.8
2019-09-16,13.6,6.6,0.0,1.73,22.4
2019-09-17,15.3,7.7,1.9,1.38,27.8
2019-09-18,14.9,4.2,0.0,2.69,10.0
2019-09-19,14.6,4.8,0.1,2.14,13.0
2019-09-20,17.0,3.8,0.0,2.71,14.0
2019-09-21,15.9,4.2,0.0,2.8,18.4
2019-09-22,14.7,3.7,0.0,2.65,16.9
2019-09-23,14.3,7.0,0.2,1.98,23.4
2019-09-24,13.4,8.5,21.4,1.02,33.2
2019-09-25,12.1,6.1,5.3,1.9,37.2
2019-09-26,11.0,5.4,1.9,2.55,43.6
2019-09-27,13.4,9.6,0.7,2.27,31.9
2019-09-28,14.4,9.1,0.1,2.04,25.7
2019-09-29,15.6,9.8,1.0,1.99,21.8
2019-09-30,15.0,10.1,17.3,1.44,25.4
2019-10-01,11.2,5.6,10.1,1.59,22.6
2019-10-02,11.4,4.0,2.8,1.5,44.8
2019-10-03,11.1,2.7,0.8,1.59,21.1
2019-10-04,13.9,1.9,0.0,2.16,14.7
2019-10-05,15.4,5.9,4.3,2.02,27.9
2019-10-06,14.6,9.0,1.9,2.16,17.6
2019-10-07,15.3,7.3,1.1,2.06,21.4
2019-10-08,14.4,9.4,2.3,1.63,17.2
2019-10-09,19.2,9.2,0.0,2.93,13.8
2019-10-10,16.6,10.6,10.9,1.5,28.9
2019-10-11,16.6,7.2,28.7,1.58,21.4
2019-10-12,17.4,7.9,0.1,3.02,18.6
2019-10-13,17.4,7.0,0.0,3.45,16.0
2019-10-14,14.2,8.0,4.8,1.55,22.7
2019-10-15,17.0,10.1,8.2,2.39,39.6
2019-10-16,15.9,9.4,1.1,2.5,39.2
2019-10-17,16.2,10.6,0.6,2.64,33.5
2019-10-18,16.8,11.5,2.7,2.33,21.5
2019-10-19,15.9,11.6,6.9,2.21,29.9
2019-10-20,15.8,7.7,0.0,2.62,17.6
2019-10-21,14.8,8.1,1.5,2.29,28.1
2019-10-22,14.4,10.2,3.1,2.94,29.9
2019-10-23,12.8,4.8,3.1,2.91,36.4
2019-10-24,13.4,5.8,3.6,1.82,31.4
2019-10-25,13.1,8.4,0.0,2.97,40.1
2019-10-26,15.8,7.4,0.0,2.9,26.1
2019-10-27,18.8,9.2,0.0,3.93,12.6
2019-10-28,16.2,10.8,4.5,1.74,22.2
2019-10-29,14.8,8.2,0.5,2.87,24.4
2019-10-30,14.6,6.6,0.1,2.51,25.1
2019-10-31,17.9,9.5,1.0,3.79,23.2
2019-11-01,14.1,9.3,0.3,2.94,30.1
2019-11-02,18.4,6.4,0.0,3.68,21.8
2019-11-03,21.0,9.2,0.0,4.37,19.2
2019-11-04,22.2,9.4,0.0,4.57,17.0
2019-11-05,22.5,9.9,0.0,4.85,11.5
2019-11-06,21.4,9.9,0.0,3.64,8.1
2019-11-07,23.8,13.0,0.0,4.95,14.5
2019-11-08,22.0,11.8,0.8,3.38,16.3
2019-11-09,21.4,14.7,2.0,3.56,27.7
2019-11-10,19.6,14.2,31.9,1.54,32.0
2019-11-11,16.1,10.6,3.3,3.58,22.9
2019-11-12,15.4,9.1,0.6,3.57,25.0
2019-11-13,15.9,7.0,0.1,3.12,19.1
2019-11-14,16.5,11.3,16.9,3.19,24.7
2019-11-15,15.4,8.8,1.4,3.29,30.1
2019-11-16,18.7,9.1,2.5,3.02,26.4
2019-11-17,19.4,13.9,5.5,3.36,23.2
2019-11-18,15.6,9.4,6.6,1.53,25.8
2019-11-19,15.1,5.1,0.0,3.22,18.7
2019-11-20,17.9,8.2,1.3,3.51,19.4
2019-11-21,18.7,7.2,0.0,4.43,23.8
2019-11-22,16.5,6.6,0.0,3.94,25.0
2019-11-23,24.5,10.0,0.0,4.85,22.3
2019-11-24,21.6,12.4,0.0,4.04,22.9
2019-11-25,25.2,12.9,0.0,5.3,18.4
2019-11-26,21.5,11.2,0.0,3.99,15.8
2019-11-27,21.6,9.9,0.0,4.89,16.3
2019-11-28,21.5,10.7,0.0,3.96,14.8
2019-11-29,22.3,13.9,1.6,4.22,11.2
2019-11-30,22.5,12.1,2.8,3.97,15.4
2019-12-01,21.7,14.2,2.3,3.74,21.7
2019-12-02,21.5,15.2,4.9,3.31,24.2
2019-12-03,21.2,14.2,10.9,2.29,34.9
2019-12-04,20.1,11.1,0.1,4.18,19.1
2019-12-05,21.5,11.9,1.6,4.26,21.8
2019-12-06,21.9,10.4,0.8,4.42,17.9
2019-12-07,22.7,12.0,1.7,3.8,24.9
2019-12-08,22.4,15.1,29.8,2.66,25.2
2019-12-09,18.5,10.4,0.2,4.61,24.0
2019-12-10,20.6,11.2,0.3,5.46,14.8
2019-12-11,22.7,7.3,0.0,5.64,18.6
2019-12-12,23.4,12.8,0.6,4.4,8.3
2019-12-13,21.4,13.9,0.0,4.44,17.0
2019-12-14,19.8,12.1,1.9,4.32,17.5
2019-12-15,19.5,12.2,1.5,3.33,15.3
2019-12-16,21.1,14.5,26.1,1.81,21.7
2019-12-17,18.5,13.5,51.3,0.93,33.8
2019-12-18,17.5,12.1,9.8,3.07,38.3
2019-12-19,17.9,10.4,0.0,4.31,19.5
2019-12-20,16.8,10.8,16.8,2.16,38.8
2019-12-21,18.8,7.5,0.7,4.59,25.1
2019-12-22,21.0,5.5,0.0,4.98,22.9
2019-12-23,23.3,11.4,0.0,4.86,22.5
2019-12-24,23.3,13.5,0.1,4.46,20.2
2019-12-25,20.8,13.9,3.3,3.49,16.6
2019-12-26,21.8,12.4,0.7,4.23,14.7
2019-12-27,19.0,11.3,0.1,4.74,17.7
2019-12-28,17.8,10.6,0.4,4.48,29.8
2019-12-29,17.9,8.7,0.0,4.41,24.2
2019-12-30,21.0,12.4,0.7,3.68,25.6
2019-12-31,23.6,12.2,0.0,4.8,16.4
2020-01-01,22.2,11.1,0.0,5.28,17.6
2020-01-02,21.0,12.6,0.0,4.77,23.7
2020-01-03,19.5,13.1,0.1,4.9,32.9
2020-01-04,17.1,12.5,0.0,4.74,40.5
2020-01-05,18.1,11.9,1.5,3.89,28.8
2020-01-06,17.9,12.6,1.5,4.14,43.1
2020-01-07,17.4,11.6,0.1,4.12,34.1
2020-01-08,18.1,8.6,0.4,3.76,15.2
2020-01-09,18.3,9.9,0.0,3.24,24.9
2020-01-10,18.7,11.6,0.1,4.19,24.3
2020-01-11,22.8,8.9,0.0,5.48,12.6
2020-01-12,23.8,8.6,0.0,5.76,15.8
2020-01-13,20.4,10.9,8.7,1.95,20.2
2020-01-14,19.1,10.9,0.1,3.02,11.3
2020-01-15,22.8,10.4,0.0,5.44,13.8
2020-01-16,22.0,10.6,0.0,4.42,14.3
2020-01-17,22.4,10.4,0.0,4.62,21.4
2020-01-18,22.5,11.1,0.2,4.26,19.5
2020-01-19,26.0,11.4,0.0,5.22,13.1
2020-01-20,26.7,12.4,0.0,5.67,16.3
2020-01-21,24.8,14.6,0.0,4.58,16.5
2020-01-22,20.5,14.1,0.0,3.14,14.5
2020-01-23,24.4,13.1,0.0,4.64,23.4
2020-01-24,24.7,14.9,0.0,4.56,14.4
2020-01-25,24.1,12.6,0.0,4.47,23.4
2020-01-26,26.8,16.2,0.0,5.61,17.1
2020-01-27,25.7,14.1,0.0,5.31,17.6
2020-01-28,24.5,16.5,0.1,3.78,19.6
2020-01-29,24.0,16.5,1.8,3.09,23.6
2020-01-30,23.4,14.9,1.5,3.28,22.7
2020-01-31,23.8,12.8,0.0,4.99,25.6
2020-02-01,24.4,16.3,0.0,4.94,21.4
2020-02-02,24.0,16.0,0.0,4.72,26.8
2020-02-03,25.8,17.0,0.0,5.06,18.4
2020-02-04,25.8,15.1,1.4,4.7,26.8
2020-02-05,20.3,13.9,0.4,4.59,27.4
2020-02-06,21.2,10.8,0.0,4.04,25.8
2020-02-07,25.8,11.6,0.0,5.55,18.2
2020-02-08,20.4,14.1,0.0,4.01,26.4
2020-02-09,21.0,9.4,0.0,4.34,16.4
2020-02-10,23.8,9.5,0.0,5.15,15.1
2020-02-11,24.2,11.0,0.0,4.83,18.4
2020-02-12,27.4,11.3,0.0,5.21,13.6
2020-02-13,24.6,13.2,0.0,5.08,15.8
2020-02-14,26.8,12.8,0.0,4.81,13.0
2020-02-15,25.6,16.4,0.0,4.49,23.4
2020-02-16,24.8,17.2,0.0,3.99,28.0
2020-02-17,25.3,17.4,0.3,2.99,15.2
2020-02-18,24.8,17.2,0.7,3.18,13.3
2020-02-19,23.4,15.8,6.4,3.06,18.0
2020-02-20,26.7,14.1,0.0,5.18,15.6
2020-02-21,26.0,13.4,0.3,4.39,21.9
2020-02-22,22.7,15.4,16.5,2.56,17.2
2020-02-23,20.6,11.9,0.6,4.28,31.6
2020-02-24,24.0,9.1,0.0,4.95,13.5
2020-02-25,25.4,9.6,0.0,4.82,15.4
2020-02-26,26.6,15.5,0.0,4.64,15.5
2020-02-27,26.7,15.0,0.0,3.81,19.2
2020-02-28,26.6,15.1,0.0,4.37,17.3
2020-02-29,24.7,13.9,0.4,3.12,18.6
2020-03-01,27.1,10.9,0.0,4.95,13.2
2020-03-02,22.9,16.4,0.0,2.48,18.7
2020-03-03,25.4,14.9,0.5,3.68,16.0
2020-03-04,23.5,16.8,17.9,3.05,20.6
2020-03-05,22.1,13.4,0.0,2.78,15.2
2020-03-06,22.1,13.1,0.0,4.43,20.9
2020-03-07,22.6,10.1,0.0,4.42,14.5
2020-03-08,24.5,11.6,0.0,4.29,14.6
2020-03-09,19.6,13.9,27.8,1.51,20.2
2020-03-10,19.5,13.4,1.1,2.95,24.3
2020-03-11,20.5,10.8,1.3,2.81,12.1
2020-03-12,21.4,10.7,0.0,4.16,18.0
2020-03-13,22.0,10.4,0.0,3.32,10.3
2020-03-14,23.0,10.4,0.0,3.82,16.4
2020-03-15,24.2,10.6,0.0,4.03,16.8
2020-03-16,21.1,11.3,0.0,2.72,19.1
2020-03-17,20.9,10.4,0.0,4.2,27.2
2020-03-18,19.8,7.7,0.0,3.83,15.6
2020-03-19,19.1,7.9,0.2,2.75,26.1
2020-03-20,20.6,13.4,2.3,2.78,23.2
2020-03-21,20.6,10.1,0.0,2.38,15.3
2020-03-22,18.5,13.8,24.5,0.89,24.1
2020-03-23,19.0,14.1,11.6,1.94,23.8
2020-03-24,15.1,10.6,0.5,2.69,32.6
2020-03-25,18.3,9.9,0.0,2.37,18.8
2020-03-26,17.7,9.2,1.2,2.21,15.7
2020-03-27,16.7,10.8,9.4,1.64,19.9
2020-03-28,16.4,8.6,0.0,2.07,32.3
2020-03-29,18.5,8.2,0.0,2.85,15.0
2020-03-30,20.6,9.9,1.2,2.58,10.8
2020-03-31,20.6,9.1,0.0,2.87,11.8
2020-04-01,21.3,8.9,0.0,3.14,11.3
2020-04-02,21.5,8.1,0.0,3.24,18.5
2020-04-03,20.0,7.6,0.0,2.97,8.7
2020-04-04,20.8,9.8,0.0,2.68,11.5
2020-04-05,20.2,8.8,0.0,2.93,11.0
2020-04-06,18.8,8.6,0.0,2.56,10.7
2020-04-07,19.2,9.6,0.3,2.27,16.9
2020-04-08,16.6,11.9,7.6,1.08,12.6
2020-04-09,16.1,8.6,0.0,2.5,29.8
2020-04-10,18.1,7.2,0.0,2.72,22.7
2020-04-11,18.8,9.6,0.0,2.29,13.7
2020-04-12,20.2,8.2,2.6,2.49,27.4
2020-04-13,17.4,12.3,20.6,1.89,33.6
2020-04-14,13.2,9.9,3.4,2.09,34.7
2020-04-15,13.9,10.0,0.7,1.68,32.9
2020-04-16,16.5,11.1,1.9,1.79,24.3
2020-04-17,18.2,12.6,15.1,1.07,25.9
2020-04-18,18.2,10.8,28.1,1.67,31.0
2020-04-19,17.7,10.9,2.4,1.1,17.8
2020-04-20,18.0,10.5,4.4,1.48,8.5
2020-04-21,16.5,9.7,0.0,1.23,10.2
2020-04-22,17.0,7.6,0.0,2.05,10.6
2020-04-23,17.6,9.1,0.1,1.46,13.1
2020-04-24,18.8,11.4,0.0,1.97,17.1
2020-04-25,16.6,8.1,0.0,1.8,22.9
2020-04-26,18.2,9.1,0.0,1.91,16.1
2020-04-27,17.3,6.8,0.1,1.48,12.3
2020-04-28,17.5,8.8,2.2,1.9,25.9
2020-04-29,17.5,7.8,0.0,1.65,11.2
2020-04-30,16.8,8.5,0.2,1.29,11.6
2020-05-01,16.6,5.9,0.0,1.49,10.0
2020-05-02,18.0,8.4,0.3,1.81,25.5
2020-05-03,16.7,14.6,45.9,0.42,27.9
2020-05-04,16.2,11.3,14.0,1.04,22.4
2020-05-05,13.1,7.1,11.8,1.07,27.1
2020-05-06,12.8,3.5,0.0,1.71,27.8
2020-05-07,15.2,2.8,0.3,1.21,21.4
2020-05-08,16.6,9.6,0.0,1.39,24.2
2020-05-09,16.0,6.3,0.0,1.47,8.7
2020-05-10,16.8,6.6,0.0,1.36,17.7
2020-05-11,15.8,8.1,0.0,1.58,10.4
2020-05-12,16.5,7.1,0.0,1.66,14.7
2020-05-13,16.6,8.8,0.0,1.69,16.7
2020-05-14,16.2,6.7,0.0,1.37,10.5
2020-05-15,16.0,5.3,0.0,1.45,11.5
2020-05-16,17.0,7.5,0.0,1.47,11.0
2020-05-17,16.9,7.2,0.0,1.58,9.9
2020-05-18,15.1,4.4,0.0,1.43,12.2
2020-05-19,14.2,4.3,0.0,1.43,13.7
2020-05-20,12.7,1.9,0.0,1.38,8.9
2020-05-21,12.5,2.5,0.0,1.35,9.7
2020-05-22,13.4,0.1,0.0,1.38,11.5
2020-05-23,11.9,0.4,0.0,1.09,13.0
2020-05-24,14.2,6.0,11.6,0.6,22.9
2020-05-25,16.9,13.1,21.5,0.48,29.3
2020-05-26,16.7,9.9,0.0,1.15,12.1
2020-05-27,14.2,6.8,0.0,1.16,10.8
2020-05-28,13.1,4.1,0.0,1.24,6.5
2020-05-29,12.5,4.0,0.6,0.69,11.2
2020-05-30,15.0,5.3,0.1,1.18,12.3
2020-05-31,15.1,9.3,0.5,1.43,23.1
2020-06-01,16.4,11.2,22.1,0.82,25.4
2020-06-02,15.4,10.3,1.9,1.09,24.3
2020-06-03,13.8,7.6,11.9,0.99,27.2
2020-06-04,15.1,11.3,12.9,0.59,25.2
2020-06-05,13.0,9.1,7.7,0.49,16.1
2020-06-06,13.6,5.7,0.2,0.9,21.3
2020-06-07,12.2,7.1,3.8,1.22,25.2
2020-06-08,12.9,5.7,0.1,1.0,15.8
2020-06-09,13.4,4.3,0.0,1.09,23.3
2020-06-10,13.0,2.2,0.1,0.91,9.5
2020-06-11,13.5,8.1,0.2,0.93,19.0
2020-06-12,14.3,8.5,1.0,0.95,20.8
2020-06-13,13.7,5.4,0.5,1.07,10.4
2020-06-14,10.6,4.8,0.0,0.63,9.4
2020-06-15,11.9,6.3,0.0,1.0,13.9
2020-06-16,12.1,5.7,0.6,0.63,12.5
2020-06-17,14.9,8.9,0.1,1.01,16.9
2020-06-18,13.1,9.5,42.4,0.34,29.2
2020-06-19,13.6,8.0,1.1,0.83,20.5
2020-06-20,15.8,7.7,3.6,0.87,12.4
2020-06-21,16.8,10.6,4.9,0.97,17.1
2020-06-22,17.0,9.1,0.0,1.51,16.1
2020-06-23,14.8,5.4,0.0,1.25,19.5
2020-06-24,14.1,8.2,0.6,1.24,25.4
2020-06-25,12.0,9.9,18.6,1.15,36.6
2020-06-26,14.4,11.2,0.6,1.36,25.8
2020-06-27,14.7,11.3,11.9,0.62,28.5
2020-06-28,12.8,9.3,7.6,0.77,20.9
2020-06-29,11.6,8.3,9.8,0.52,24.6
2020-06-30,11.5,5.2,1.8,1.02,21.7
2020-07-01,9.8,1.6,0.0,1.17,21.9
2020-07-02,10.1,2.7,0.1,1.14,38.8
2020-07-03,10.9,2.8,0.0,1.0,17.8
2020-07-04,10.3,2.0,0.1,0.57,11.2
2020-07-05,13.4,4.8,3.6,1.05,35.5
2020-07-06,12.2,7.5,21.4,0.55,36.9
2020-07-07,12.4,7.6,8.4,0.84,33.4
2020-07-08,9.1,4.9,10.7,0.64,29.5
2020-07-09,9.6,0.6,0.0,1.15,21.7
2020-07-10,11.4,-0.6,0.0,1.14,9.0
2020-07-11,11.8,2.9,0.2,0.82,14.5
2020-07-12,12.6,5.6,1.0,1.05,21.7
2020-07-13,13.0,8.0,18.9,0.39,15.3
2020-07-14,14.4,11.3,9.0,0.75,10.2
2020-07-15,12.2,8.1,17.9,0.49,27.2
2020-07-16,9.9,7.8,14.3,1.13,29.2
2020-07-17,14.1,9.9,0.1,1.96,30.5
2020-07-18,15.6,11.6,1.8,1.13,19.2
2020-07-19,15.4,7.9,0.0,1.39,16.8
2020-07-20,15.2,7.9,1.1,0.85,19.4
2020-07-21,12.9,8.1,21.9,0.42,20.9
2020-07-22,10.8,6.2,4.7,0.94,33.1
2020-07-23,12.4,9.4,2.4,1.33,31.4
2020-07-24,11.1,5.6,0.8,1.37,25.3
2020-07-25,11.9,5.2,0.0,1.08,19.9
2020-07-26,12.8,2.5,0.0,1.23,17.4
2020-07-27,12.1,3.0,0.0,1.39,9.1
2020-07-28,12.8,2.3,0.0,1.07,17.6
2020-07-29,13.1,5.6,0.0,1.28,10.4
2020-07-30,13.0,3.5,0.0,1.25,15.2
2020-07-31,13.1,8.4,0.0,1.38,30.8
2020-08-01,13.4,9.4,0.2,1.32,29.3
2020-08-02,13.0,7.4,0.0,1.27,23.6
2020-08-03,14.6,6.1,0.0,1.46,12.5
2020-08-04,14.7,3.5,0.0,1.52,8.9
2020-08-05,14.9,3.0,0.0,1.53,9.4
2020-08-06,13.1,4.2,2.6,0.67,20.7
2020-08-07,12.9,8.2,24.9,0.94,22.5
2020-08-08,12.4,4.6,0.2,1.48,26.3
2020-08-09,12.3,2.2,0.3,1.12,22.4
2020-08-10,13.4,5.4,0.0,1.31,20.5
2020-08-11,10.8,6.1,12.5,0.5,18.1
2020-08-12,16.7,5.8,0.0,1.71,18.9
2020-08-13,13.1,1.0,0.0,1.51,13.5
2020-08-14,12.6,4.6,0.5,1.35,16.8
2020-08-15,11.9,1.5,0.0,1.68,10.7
2020-08-16,11.6,0.2,0.0,1.74,10.4
2020-08-17,12.1,1.4,0.0,1.66,11.5
2020-08-18,12.6,5.8,0.0,1.59,34.2
2020-08-19,13.1,10.6,13.6,0.67,36.7
2020-08-20,14.4,9.4,8.6,0.75,31.1
2020-08-21,13.9,10.5,8.2,1.33,34.5
2020-08-22,14.9,8.2,2.3,1.66,13.4
2020-08-23,14.9,9.1,21.3,0.89,26.2
2020-08-24,11.9,7.9,12.5,0.91,22.2
2020-08-25,12.4,8.8,3.6,1.21,26.6
2020-08-26,12.4,6.2,1.4,1.63,20.3
2020-08-27,10.6,4.8,5.0,1.01,19.7
2020-08-28,12.8,0.1,0.1,1.62,17.1
2020-08-29,14.6,4.6,9.4,1.13,15.0
2020-08-30,15.0,9.9,0.0,1.61,22.3
2020-08-31,14.1,7.8,0.0,1.5,21.3
2020-09-01,14.4,7.9,2.9,1.36,23.1
2020-09-02,12.4,5.2,0.4,1.94,16.7
2020-09-03,12.8,2.0,0.3,2.28,22.9
2020-09-04,13.8,0.3,0.0,2.25,14.3
2020-09-05,13.8,6.1,0.1,1.66,19.5
2020-09-06,14.0,9.1,6.6,1.13,25.1
2020-09-07,15.5,2.7,8.2,1.89,19.5
2020-09-08,13.5,1.0,0.0,2.43,8.2
2020-09-09,12.4,1.4,0.0,1.55,16.6
2020-09-10,12.8,8.4,4.6,1.43,20.2
2020-09-11,12.1,4.1,0.4,2.32,25.6
2020-09-12,12.6,2.2,0.0,2.46,20.5
2020-09-13,13.1,3.5,0.1,1.81,26.0
2020-09-14,13.8,8.6,0.4,1.7,25.1
2020-09-15,15.1,10.2,4.8,1.99,35.0
2020-09-16,13.3,7.4,1.3,2.31,34.0
2020-09-17,14.8,5.9,0.3,1.9,24.1
2020-09-18,13.4,8.6,13.1,1.54,40.0
2020-09-19,13.6,7.2,0.0,2.09,29.0
2020-09-20,15.4,5.8,0.0,2.62,11.2
2020-09-21,15.4,6.4,0.2,2.17,12.6
2020-09-22,14.4,6.4,1.3,1.66,18.9
2020-09-23,15.6,9.4,5.4,1.46,22.8
2020-09-24,14.9,13.1,27.1,0.59,30.3
2020-09-25,15.9,8.8,1.3,2.11,27.4
2020-09-26,17.7,9.3,1.6,2.19,20.3
2020-09-27,15.6,10.8,21.1,1.69,38.0
2020-09-28,12.4,8.9,2.9,2.46,30.8
2020-09-29,11.6,7.5,2.7,2.41,41.4
2020-09-30,12.6,5.9,0.0,2.13,22.9
2020-10-01,13.1,2.8,0.2,2.17,10.7
2020-10-02,15.2,2.8,0.1,2.58,11.9
2020-10-03,16.0,5.7,0.6,2.61,20.0
2020-10-04,17.3,10.4,0.0,2.56,26.3
2020-10-05,22.0,8.9,0.0,3.57,15.3
2020-10-06,16.5,8.4,0.0,2.87,16.1
2020-10-07,14.8,7.7,0.7,2.05,26.8
2020-10-08,15.8,5.6,2.3,2.69,15.2
2020-10-09,14.4,7.8,1.3,2.5,24.2
2020-10-10,14.4,8.2,0.0,2.44,29.6
2020-10-11,15.8,9.1,0.0,2.33,31.2
2020-10-12,14.9,10.6,11.3,0.87,24.8
2020-10-13,17.5,7.6,23.4,2.57,16.5
2020-10-14,15.8,8.3,0.0,2.7,20.4
2020-10-15,10.9,6.1,11.6,1.22,22.1
2020-10-16,14.9,4.0,0.0,3.41,20.9
2020-10-17,14.6,3.0,0.0,3.2,15.7
2020-10-18,16.1,4.3,0.2,2.53,13.8
2020-10-19,17.5,11.9,5.8,1.18,25.0
2020-10-20,16.0,11.9,16.4,1.06,22.8
2020-10-21,18.5,10.2,0.7,2.83,12.8
2020-10-22,19.4,9.9,6.0,3.28,9.4
2020-10-23,19.2,10.4,1.7,2.98,9.9
2020-10-24,19.9,11.6,0.8,2.9,11.8
2020-10-25,20.1,11.8,2.0,3.14,15.3
2020-10-26,19.2,11.6,2.4,2.58,12.2
2020-10-27,19.8,10.6,0.5,2.51,17.6
2020-10-28,17.0,12.0,0.7,2.0,16.0
2020-10-29,17.5,12.6,3.3,1.58,12.1
2020-10-30,18.4,12.9,2.0,1.84,12.3
2020-10-31,18.6,13.4,8.8,1.21,22.7
2020-11-01,18.0,10.8,0.2,3.06,24.3
2020-11-02,20.8,9.9,0.0,3.49,12.8
2020-11-03,18.0,14.6,6.0,1.52,28.3
2020-11-04,20.4,15.0,0.3,2.88,27.8
2020-11-05,17.4,14.9,21.6,1.02,38.3
2020-11-06,20.2,14.1,5.7,2.92,35.3
2020-11-07,20.1,14.1,5.0,3.0,30.7
2020-11-08,18.1,13.1,20.5,3.16,32.7
2020-11-09,16.5,9.8,19.2,3.09,26.3
2020-11-10,16.6,7.8,11.9,2.98,13.7
2020-11-11,17.5,10.1,1.6,3.13,28.1
2020-11-12,17.9,7.5,0.0,3.25,19.3
2020-11-13,19.0,8.1,0.0,3.53,12.8
2020-11-14,18.2,8.2,0.1,3.58,21.6
2020-11-15,18.9,10.1,0.0,3.47,21.1
2020-11-16,19.2,11.4,2.5,2.51,17.6
2020-11-17,19.4,10.9,0.0,3.63,19.3
2020-11-18,17.4,10.4,5.4,2.05,28.2
2020-11-19,16.3,8.8,0.0,3.54,30.3
2020-11-20,18.5,7.1,0.0,4.16,21.1
2020-11-21,17.9,9.6,0.2,3.16,20.9
2020-11-22,16.5,9.1,0.8,3.86,26.5
2020-11-23,16.9,5.3,0.0,4.0,13.3
2020-11-24,15.4,8.9,9.9,2.2,28.7
2020-11-25,19.5,11.3,45.3,1.85,31.3
2020-11-26,19.3,13.4,11.5,1.69,22.7
2020-11-27,17.2,12.1,0.6,3.54,27.1
2020-11-28,17.9,8.1,0.0,4.6,24.4
2020-11-29,17.5,9.3,13.7,2.37,30.8
2020-11-30,17.8,12.0,15.8,1.38,27.4
2020-12-01,19.5,9.9,1.6,4.2,40.7
2020-12-02,19.4,6.9,0.0,4.49,14.7
2020-12-03,17.4,10.8,1.1,3.74,33.5
2020-12-04,17.2,7.2,0.0,3.88,20.8
2020-12-05,16.7,8.8,1.3,2.82,20.7
2020-12-06,18.9,11.0,0.1,3.71,20.9
2020-12-07,20.1,11.9,8.4,2.17,28.5
2020-12-08,21.8,17.3,11.0,2.12,27.8
2020-12-09,21.6,17.6,14.0,2.23,25.9
2020-12-10,20.2,12.5,14.5,3.59,23.5
2020-12-11,17.8,11.6,0.3,3.22,29.5
2020-12-12,16.5,11.5,0.3,4.02,29.8
2020-12-13,17.1,11.1,0.0,3.59,27.5
2020-12-14,21.5,8.1,0.0,5.16,24.0
2020-12-15,23.1,9.1,0.0,5.49,18.0
2020-12-16,18.5,10.0,0.0,4.23,18.8
2020-12-17,19.8,9.8,0.0,4.67,18.2
2020-12-18,21.2,12.6,0.1,2.7,12.0
2020-12-19,21.0,11.9,0.1,3.24,11.7
2020-12-20,22.9,10.9,0.0,4.63,12.1
2020-12-21,22.1,11.8,0.4,3.48,11.1
2020-12-22,22.0,14.9,1.6,3.73,17.1
2020-12-23,21.4,16.4,5.1,2.2,17.2
2020-12-24,19.3,13.9,15.6,3.01,32.2
2020-12-25,18.5,12.3,0.0,3.69,22.3
2020-12-26,17.4,9.5,0.1,4.3,24.8
2020-12-27,16.5,7.6,2.9,3.77,24.6
2020-12-28,17.0,7.2,0.1,4.62,28.9
2020-12-29,17.7,6.9,0.1,4.03,26.6
2020-12-30,21.2,8.6,0.0,4.53,21.8
2020-12-31,22.0,10.8,0.0,4.37,13.7
2021-01-01,22.0,11.1,0.0,4.3,17.7
2021-01-02,20.4,12.6,12.5,2.52,16.3
2021-01-03,20.2,14.6,26.1,2.37,13.5
2021-01-04,22.5,14.2,2.7,3.73,11.5
2021-01-05,24.0,11.7,0.0,4.97,15.1
2021-01-06,23.6,13.2,0.0,5.13,20.9
2021-01-07,20.5,14.8,5.3,1.86,13.0
2021-01-08,21.2,14.0,10.5,3.91,14.5
2021-01-09,22.6,13.1,0.7,4.2,18.1
2021-01-10,20.9,12.4,0.0,3.74,17.6
2021-01-11,21.5,12.0,0.0,4.34,19.3
2021-01-12,22.1,14.7,0.5,3.84,15.0
2021-01-13,24.8,13.9,0.8,5.08,9.7
2021-01-14,24.4,15.1,0.5,4.34,19.3
2021-01-15,23.9,13.9,0.2,4.77,16.8
2021-01-16,22.5,13.6,0.0,3.97,13.9
2021-01-17,21.6,13.6,13.6,2.46,23.2
2021-01-18,18.0,14.2,0.8,4.03,27.4
2021-01-19,20.2,14.8,6.7,3.42,31.6
2021-01-20,15.8,9.8,4.6,2.71,27.6
2021-01-21,16.5,8.1,4.1,3.0,25.9
2021-01-22,18.1,11.6,0.5,3.07,21.1
2021-01-23,19.4,11.1,0.6,3.37,24.0
2021-01-24,21.0,12.6,0.9,3.92,31.4
2021-01-25,21.6,13.8,0.0,4.71,25.1
2021-01-26,24.3,15.6,0.0,4.48,19.7
2021-01-27,25.9,15.6,0.0,5.21,15.2
2021-01-28,22.1,12.9,0.3,3.47,25.8
2021-01-29,19.9,10.6,0.2,4.03,22.7
2021-01-30,21.7,9.4,0.0,4.85,16.8
2021-01-31,21.8,9.6,0.0,5.03,17.8
2021-02-01,24.0,10.0,0.0,4.95,16.3
2021-02-02,24.6,13.0,0.1,4.65,16.0
2021-02-03,25.0,12.7,0.0,5.15,19.7
2021-02-04,25.8,13.1,0.0,5.17,20.6
2021-02-05,24.2,14.4,0.0,4.78,14.7
2021-02-06,23.4,12.4,0.0,4.5,16.2
2021-02-07,23.6,12.6,0.0,3.84,13.4
2021-02-08,23.5,13.4,0.0,3.77,13.8
2021-02-09,21.1,14.4,3.3,2.6,22.6
2021-02-10,19.7,14.8,23.1,1.34,23.5
2021-02-11,20.4,13.3,0.0,3.69,19.9
2021-02-12,20.3,10.4,0.0,4.07,20.4
2021-02-13,22.6,9.4,0.0,3.5,14.2
2021-02-14,24.0,14.6,0.1,4.74,17.4
2021-02-15,19.2,16.5,25.5,1.13,32.2
2021-02-16,23.0,13.8,22.8,3.06,28.0
2021-02-17,21.0,11.0,0.0,4.76,21.3
2021-02-18,20.8,7.2,0.0,4.57,13.3
2021-02-19,23.0,9.1,0.0,4.57,17.1
2021-02-20,24.5,11.7,0.0,4.61,15.0
2021-02-21,25.1,10.6,0.0,4.69,9.8
2021-02-22,24.8,13.8,0.0,4.65,17.3
2021-02-23,23.2,14.2,0.2,3.72,27.8
2021-02-24,23.3,15.1,0.1,3.7,25.6
2021-02-25,23.8,13.9,0.0,3.32,9.2
2021-02-26,24.1,15.2,0.4,3.52,16.2
2021-02-27,23.9,15.9,0.0,3.35,13.6
2021-02-28,23.5,15.1,0.3,3.35,15.8
2021-03-01,22.0,15.4,0.7,3.09,20.3
2021-03-02,22.9,14.7,2.2,2.9,21.7
2021-03-03,21.0,16.7,4.6,1.97,18.3
2021-03-04,21.6,13.5,6.0,2.42,16.6
2021-03-05,21.4,11.6,1.4,3.22,13.5
2021-03-06,20.6,13.8,21.3,2.03,19.1
2021-03-07,17.6,12.1,3.7,3.08,26.9
2021-03-08,17.8,12.6,0.1,3.03,30.9
2021-03-09,18.9,11.0,0.3,2.34,14.7
2021-03-10,19.2,10.7,4.1,1.61,20.8
2021-03-11,21.5,14.5,13.2,2.4,17.9
2021-03-12,21.6,10.9,0.0,3.8,14.1
2021-03-13,21.1,9.4,0.0,3.76,10.0
2021-03-14,22.0,10.1,0.0,3.8,9.5
2021-03-15,22.0,12.9,0.9,2.87,15.9
2021-03-16,19.1,13.7,2.3,1.43,16.1
2021-03-17,21.5,11.0,0.0,3.81,16.1
2021-03-18,21.5,11.2,0.0,3.86,16.1
2021-03-19,19.8,9.2,0.0,3.12,8.7
2021-03-20,20.1,9.1,0.0,3.52,10.9
2021-03-21,21.0,7.5,0.0,3.4,17.0
2021-03-22,20.9,8.3,0.0,3.44,11.0
2021-03-23,21.0,10.6,0.0,3.07,14.1
2021-03-24,21.7,9.4,0.0,3.51,17.3
2021-03-25,21.5,10.9,0.0,2.88,11.5
2021-03-26,22.1,11.6,0.0,3.37,17.9
2021-03-27,22.2,13.9,0.0,3.81,25.0
2021-03-28,21.9,14.7,1.5,3.35,24.2
2021-03-29,21.3,15.8,22.5,1.72,20.1
2021-03-30,19.9,16.6,20.9,1.3,24.6
2021-03-31,20.4,14.9,17.5,1.21,33.2
2021-04-01,20.2,11.6,2.9,2.37,13.4
2021-04-02,18.5,7.8,0.4,2.4,28.6
2021-04-03,19.2,9.1,0.1,2.62,11.6
2021-04-04,17.9,7.1,0.0,2.19,17.9
2021-04-05,20.1,11.1,0.4,1.87,22.2
2021-04-06,21.0,13.1,0.1,2.48,21.5
2021-04-07,19.8,9.2,0.0,2.61,11.2
2021-04-08,19.8,13.0,2.9,1.63,14.1
2021-04-09,18.5,12.8,0.2,1.51,24.2
2021-04-10,18.0,14.3,20.9,0.86,34.1
2021-04-11,21.8,13.6,6.1,2.05,20.5
2021-04-12,22.2,13.3,0.7,1.81,13.7
2021-04-13,19.6,12.9,2.5,1.93,19.3
2021-04-14,16.6,10.6,7.5,1.46,14.8
2021-04-15,16.6,6.0,1.8,1.5,18.8
2021-04-16,18.1,12.4,1.0,1.89,21.0
2021-04-17,15.6,7.7,2.2,2.09,26.9
2021-04-18,15.2,5.2,0.2,1.48,21.8
2021-04-19,17.0,9.6,0.0,1.65,11.7
2021-04-20,16.0,9.1,14.6,0.86,26.0
2021-04-21,18.7,13.6,2.6,1.45,17.3
2021-04-22,18.5,8.5,0.0,1.94,13.8
2021-04-23,17.1,7.8,1.1,1.29,13.2
2021-04-24,17.1,11.6,3.4,1.71,22.7
2021-04-25,15.9,10.6,0.3,1.9,26.2
2021-04-26,15.4,7.8,1.1,1.69,19.7
2021-04-27,14.6,7.8,1.6,1.17,17.0
2021-04-28,14.5,6.3,0.0,1.73,9.2
2021-04-29,15.5,3.5,0.0,1.76,11.1
2021-04-30,16.5,7.7,2.6,1.33,20.9
2021-05-01,16.4,5.8,0.0,1.97,22.5
2021-05-02,14.9,2.7,0.0,1.76,11.8
2021-05-03,15.4,5.7,0.0,1.83,8.4
2021-05-04,15.1,4.8,0.1,1.3,16.6
2021-05-05,17.0,6.7,0.0,1.34,18.3
2021-05-06,17.9,7.8,0.1,1.16,17.3
2021-05-07,18.3,7.9,0.0,1.65,19.4
2021-05-08,17.2,12.6,0.0,1.18,21.3
2021-05-09,17.6,13.6,16.8,0.64,18.8
2021-05-10,19.8,15.2,20.5,0.9,14.0
2021-05-11,18.4,14.6,4.8,1.08,19.4
2021-05-12,17.8,10.8,10.4,1.32,17.1
2021-05-13,13.4,4.2,3.1,1.72,15.4
2021-05-14,12.0,2.2,0.0,1.54,21.4
2021-05-15,16.7,9.1,16.7,1.33,25.0
2021-05-16,16.5,5.9,0.1,1.36,15.1
2021-05-17,15.6,10.9,6.2,0.76,35.8
2021-05-18,14.4,10.1,5.5,1.42,35.9
2021-05-19,15.2,11.4,0.1,1.7,33.5
2021-05-20,16.4,9.3,0.2,1.17,14.6
2021-05-21,14.9,6.5,0.0,1.05,10.5
2021-05-22,15.9,6.5,0.0,1.31,13.0
2021-05-23,14.6,7.3,0.0,1.68,26.4
2021-05-24,14.4,7.6,0.0,1.47,24.4
2021-05-25,14.2,4.9,0.0,1.54,24.1
2021-05-26,13.9,3.2,0.0,1.34,16.4
2021-05-27,13.1,2.7,0.0,1.27,11.6
2021-05-28,12.3,2.1,1.5,0.9,22.6
2021-05-29,13.0,8.9,14.0,0.42,34.3
2021-05-30,12.3,8.1,2.5,0.63,17.0
2021-05-31,13.4,5.7,1.9,1.23,17.1
2021-06-01,12.9,5.2,0.0,1.3,23.2
2021-06-02,13.9,3.0,0.1,0.97,17.6
2021-06-03,11.9,5.3,0.0,0.78,9.4
2021-06-04,13.4,4.5,0.2,0.96,8.9
2021-06-05,13.6,5.4,0.0,0.99,19.8
2021-06-06,13.6,10.7,10.2,0.48,21.7
2021-06-07,14.9,11.8,4.6,1.06,24.6
2021-06-08,16.2,10.1,0.0,1.75,20.3
2021-06-09,17.2,9.4,0.0,1.41,17.7
2021-06-10,16.5,8.9,0.0,0.98,17.3
2021-06-11,15.5,7.4,0.0,0.86,11.1
2021-06-12,15.6,9.2,0.0,1.0,7.9
2021-06-13,14.1,9.5,2.5,0.45,19.3
2021-06-14,15.6,12.6,45.3,0.36,19.2
2021-06-15,15.3,11.6,7.6,0.4,18.5
2021-06-16,14.2,8.9,0.9,0.79,15.0
2021-06-17,13.6,8.6,2.0,0.59,11.9
2021-06-18,12.9,6.3,1.3,0.64,10.9
2021-06-19,13.5,9.8,15.3,0.57,30.3
2021-06-20,14.9,11.1,10.7,0.78,22.2
2021-06-21,14.1,8.8,0.3,1.02,29.9
2021-06-22,13.1,4.2,0.0,1.51,30.4
2021-06-23,11.1,2.5,0.0,1.1,10.9
2021-06-24,12.1,1.3,0.5,0.8,11.6
2021-06-25,14.1,6.6,0.4,0.78,15.0
2021-06-26,15.4,9.6,5.7,0.64,21.4
2021-06-27,15.2,11.6,36.8,0.35,30.4
2021-06-28,13.7,8.7,2.2,1.24,31.7
2021-06-29,8.9,3.8,0.9,1.34,35.0
2021-06-30,11.1,2.1,0.0,1.34,22.6
2021-07-01,12.8,2.2,0.0,1.12,12.8
2021-07-02,11.3,-0.1,0.0,1.13,9.2
2021-07-03,11.2,0.4,0.0,1.11,8.6
2021-07-04,11.2,0.1,0.0,1.1,9.4
2021-07-05,9.3,-0.6,0.0,0.93,8.7
2021-07-06,12.9,1.7,1.6,0.8,29.2
2021-07-07,13.9,6.8,24.8,0.91,21.4
2021-07-08,11.6,5.6,0.0,1.1,28.6
2021-07-09,11.1,7.4,0.3,1.13,25.6
2021-07-10,11.8,6.8,0.0,1.37,21.9
2021-07-11,10.9,3.5,0.0,1.39,16.4
2021-07-12,10.5,3.7,0.0,1.2,17.5
2021-07-13,11.6,2.7,0.0,1.2,21.1
2021-07-14,10.4,-0.6,0.0,1.12,11.3
2021-07-15,13.4,4.1,0.0,1.08,14.8
2021-07-16,13.6,5.4,0.6,1.14,25.9
2021-07-17,14.9,11.2,34.4,0.51,35.4
2021-07-18,13.6,9.9,14.7,0.66,35.9
2021-07-19,12.9,9.6,3.8,0.92,25.6
2021-07-20,13.5,5.2,0.7,1.14,12.8
2021-07-21,12.8,5.6,6.5,0.76,28.9
2021-07-22,14.1,7.7,8.5,0.94,22.3
2021-07-23,12.6,5.6,2.5,0.83,10.2
2021-07-24,13.3,4.0,0.0,1.28,10.5
2021-07-25,12.8,6.3,1.3,1.05,31.3
2021-07-26,13.9,10.6,19.3,0.71,37.7
2021-07-27,10.9,8.1,5.7,1.13,27.6
2021-07-28,13.1,6.2,0.0,1.17,22.7
2021-07-29,14.1,6.0,0.3,0.97,7.9
2021-07-30,14.4,6.1,0.0,1.16,20.7
2021-07-31,15.4,7.4,0.1,1.3,21.3
2021-08-01,13.6,4.3,0.0,1.14,7.9
2021-08-02,14.3,3.6,1.4,1.29,10.3
2021-08-03,11.9,7.2,3.7,1.18,30.6
2021-08-04,11.3,5.1,0.0,1.72,21.4
2021-08-05,12.9,5.0,10.2,0.65,21.7
2021-08-06,12.1,8.6,16.5,0.8,17.5
2021-08-07,13.2,7.3,0.2,1.48,37.1
2021-08-08,12.6,4.8,16.8,0.89,29.3
2021-08-09,8.6,2.2,0.0,1.69,36.7
2021-08-10,11.6,0.4,0.0,1.54,25.3
2021-08-11,13.6,6.4,0.3,1.34,22.9
2021-08-12,12.9,5.9,0.7,1.15,15.5
2021-08-13,13.2,7.8,6.7,0.98,24.1
2021-08-14,12.9,6.6,0.5,1.52,27.6
2021-08-15,12.2,2.5,0.0,1.46,19.6
2021-08-16,12.6,4.8,1.6,1.14,20.2
2021-08-17,12.0,9.1,15.9,0.4,34.5
2021-08-18,10.4,4.9,8.5,1.08,24.5
2021-08-19,12.6,1.0,0.2,1.42,22.2
2021-08-20,13.5,5.0,0.1,1.44,23.7
2021-08-21,12.9,3.8,0.0,1.78,14.4
2021-08-22,12.5,4.7,0.0,1.82,19.2
2021-08-23,12.4,2.7,0.0,1.67,15.2
2021-08-24,13.1,2.8,0.0,1.69,12.9
2021-08-25,13.4,3.4,0.0,1.98,12.0
2021-08-26,13.1,2.3,0.1,1.66,18.7
2021-08-27,12.6,7.6,9.4,0.65,22.9
2021-08-28,16.5,10.2,13.3,1.8,23.5
2021-08-29,14.7,10.6,6.6,1.22,12.9
2021-08-30,15.9,8.1,0.8,2.11,23.6
2021-08-31,10.6,7.4,2.7,1.41,28.8
2021-09-01,13.5,5.4,0.0,2.18,16.4
2021-09-02,13.2,2.8,0.0,1.99,11.9
2021-09-03,14.4,4.0,0.0,2.41,11.5
2021-09-04,13.2,4.1,0.0,1.89,15.5
2021-09-05,14.4,4.2,0.1,2.08,9.2
2021-09-06,13.4,3.2,0.0,1.79,24.3
2021-09-07,13.3,9.2,13.8,0.65,25.8
2021-09-08,10.1,4.6,6.0,1.36,39.5
2021-09-09,12.8,4.8,0.5,1.84,31.1
2021-09-10,14.6,10.6,7.0,1.78,34.5
2021-09-11,12.8,5.8,2.1,2.25,33.4
2021-09-12,13.9,5.2,0.1,1.89,18.4
2021-09-13,14.5,9.1,4.6,1.72,31.4
2021-09-14,15.2,10.3,12.3,1.66,26.0
2021-09-15,10.5,8.6,10.1,0.73,22.3
2021-09-16,15.3,9.9,14.3,1.08,33.2
2021-09-17,12.9,6.9,0.2,1.56,21.1
2021-09-18,13.1,3.8,0.1,2.16,12.2
2021-09-19,12.9,3.5,0.4,1.69,16.0
2021-09-20,14.1,6.6,5.1,1.99,23.1
2021-09-21,14.7,5.9,0.0,2.11,19.7
2021-09-22,16.0,7.9,7.6,1.43,27.2
2021-09-23,14.8,9.7,55.5,1.01,33.3
2021-09-24,14.9,9.1,0.1,2.05,32.0
2021-09-25,15.8,6.3,0.0,2.49,14.3
2021-09-26,13.9,6.9,6.7,1.65,21.1
2021-09-27,13.9,3.6,0.0,2.53,14.8
2021-09-28,11.8,3.2,0.6,1.96,28.4
2021-09-29,13.2,2.3,0.8,1.97,27.7
2021-09-30,13.5,6.3,4.5,1.22,29.9
2021-10-01,13.6,3.0,0.2,1.89,18.3
2021-10-02,13.8,5.5,0.7,1.58,14.5
2021-10-03,14.7,3.7,0.1,2.21,20.7
2021-10-04,17.7,10.2,25.1,1.66,23.2
2021-10-05,17.7,10.1,10.0,2.12,14.1
2021-10-06,17.2,11.4,3.1,1.46,23.4
2021-10-07,15.4,12.6,22.1,0.82,24.8
2021-10-08,17.1,8.6,3.8,2.7,24.2
2021-10-09,15.0,8.5,0.8,2.5,24.1
2021-10-10,15.2,7.9,1.1,2.59,26.2
2021-10-11,14.5,6.2,2.7,2.09,18.0
2021-10-12,13.6,8.4,19.5,2.43,36.3
2021-10-13,13.9,6.6,1.0,2.82,28.6
2021-10-14,15.0,4.9,0.0,3.65,22.4
2021-10-15,15.0,2.7,0.0,2.7,17.7
2021-10-16,16.3,4.7,0.0,3.58,11.1
2021-10-17,15.9,7.4,26.2,1.32,31.1
2021-10-18,17.0,12.6,3.2,2.15,21.2
2021-10-19,17.0,10.1,0.1,2.98,18.3
2021-10-20,19.2,7.8,0.2,3.64,19.7
2021-10-21,16.0,10.4,0.6,2.63,19.9
2021-10-22,17.1,9.6,0.0,3.06,25.3
2021-10-23,14.4,9.4,0.9,2.26,31.6
2021-10-24,14.3,10.3,5.8,1.03,26.2
2021-10-25,18.5,13.3,4.6,1.58,21.9
2021-10-26,21.4,14.7,1.3,2.67,19.8
2021-10-27,20.2,14.4,6.0,2.05,14.5
2021-10-28,17.6,13.4,19.9,1.31,15.1
2021-10-29,16.4,11.5,7.7,2.5,19.1
2021-10-30,17.8,11.8,7.5,2.37,19.9
2021-10-31,17.1,9.3,11.2,2.36,25.1
2021-11-01,16.5,9.3,0.2,3.31,15.6
2021-11-02,19.0,6.4,0.0,3.73,21.1
2021-11-03,13.2,10.6,4.8,2.34,26.3
2021-11-04,18.2,9.6,1.2,3.35,27.2
2021-11-05,19.9,9.9,12.1,2.82,21.1
2021-11-06,20.4,11.5,4.0,3.27,17.6
2021-11-07,21.8,9.1,8.1,3.65,8.9
2021-11-08,20.9,10.8,0.3,3.45,15.1
2021-11-09,21.8,10.0,0.3,4.5,12.7
2021-11-10,22.5,9.0,0.5,4.62,10.4
2021-11-11,21.5,10.1,0.0,4.68,14.3
2021-11-12,20.6,13.2,1.1,2.87,18.9
2021-11-13,19.9,15.7,18.9,0.92,20.5
2021-11-14,20.8,14.9,9.1,1.52,23.4
2021-11-15,18.2,14.6,5.6,3.0,25.0
2021-11-16,18.9,13.0,3.0,2.96,28.4
2021-11-17,17.1,10.9,7.7,2.93,19.1
2021-11-18,18.6,9.8,0.2,3.82,17.6
2021-11-19,20.4,8.3,0.0,4.68,17.1
2021-11-20,21.1,6.6,0.0,5.01,10.2
2021-11-21,20.8,12.2,1.6,3.39,23.0
2021-11-22,21.0,14.3,1.6,2.7,15.6
2021-11-23,22.2,10.4,0.5,4.68,17.6
2021-11-24,21.9,12.3,0.4,4.59,16.6
2021-11-25,21.6,11.3,0.0,4.0,17.6
2021-11-26,20.0,9.3,0.1,3.71,18.3
2021-11-27,21.4,10.9,0.0,4.21,14.6
2021-11-28,20.4,10.2,0.2,2.67,12.4
2021-11-29,22.5,11.0,0.0,4.22,18.5
2021-11-30,19.6,13.7,8.5,1.55,15.1
2021-12-01,23.5,14.1,1.0,4.18,12.3
2021-12-02,21.1,14.1,0.2,3.0,14.2
2021-12-03,22.6,14.2,0.1,4.76,19.2
2021-12-04,18.7,15.4,6.3,1.82,25.7
2021-12-05,22.1,15.4,2.0,3.51,26.8
2021-12-06,21.9,16.4,23.1,2.24,21.8
2021-12-07,21.0,15.6,18.9,2.22,20.8
2021-12-08,23.0,14.4,1.6,3.96,14.5
2021-12-09,23.3,13.8,0.6,3.89,16.8
2021-12-10,24.0,15.1,0.7,4.1,9.3
2021-12-11,23.4,14.9,0.8,4.17,19.7
2021-12-12,19.6,16.1,34.2,1.44,22.9
2021-12-13,22.5,15.9,55.5,1.68,26.6
2021-12-14,20.1,16.5,47.3,1.12,28.5
2021-12-15,22.9,15.9,15.4,3.5,36.7
2021-12-16,20.0,15.0,4.4,2.92,26.0
2021-12-17,19.1,14.2,0.7,3.77,29.1
2021-12-18,18.6,11.8,0.1,4.12,33.0
2021-12-19,19.9,9.1,0.0,4.63,20.1
2021-12-20,20.7,9.6,0.0,4.89,15.5
2021-12-21,21.1,12.6,1.5,3.1,22.1
2021-12-22,21.6,11.4,0.2,4.29,24.0
2021-12-23,24.2,13.5,0.0,4.53,23.9
2021-12-24,22.5,13.6,0.0,5.34,21.9
2021-12-25,25.5,11.4,0.9,5.37,14.7
2021-12-26,24.4,12.5,0.3,5.35,14.6
2021-12-27,23.6,12.4,0.0,3.9,13.8
2021-12-28,21.8,17.2,8.8,2.12,16.6
2021-12-29,20.5,14.1,0.3,3.77,21.4
2021-12-30,19.5,12.6,0.0,4.08,25.9
2021-12-31,21.7,13.1,0.1,4.63,21.3
2022-01-01,24.8,12.8,0.0,5.47,20.3
2022-01-02,26.0,12.8,0.0,6.1,18.5
2022-01-03,26.3,14.1,0.0,5.53,22.4
2022-01-04,27.4,12.8,0.0,6.34,14.8
2022-01-05,27.4,14.8,0.0,5.8,17.4
2022-01-06,26.5,15.4,1.0,4.59,16.9
2022-01-07,23.8,13.4,2.5,4.82,20.6
2022-01-08,24.8,10.8,0.0,5.37,16.2
2022-01-09,23.6,12.6,0.4,3.9,21.8
2022-01-10,24.0,15.6,0.2,4.09,22.1
2022-01-11,24.1,13.1,0.0,4.4,16.9
2022-01-12,21.8,15.5,0.0,4.93,22.5
2022-01-13,26.0,12.0,0.0,5.64,17.8
2022-01-14,24.8,10.7,0.0,5.93,18.0
2022-01-15,27.4,13.2,0.0,5.68,16.7
2022-01-16,26.6,12.0,0.0,6.28,23.6
2022-01-17,25.5,13.1,0.0,6.43,22.2
2022-01-18,26.4,12.9,0.0,6.01,19.3
2022-01-19,24.6,14.5,0.5,4.41,20.8
2022-01-20,20.8,14.6,1.4,3.41,20.4
2022-01-21,23.2,11.4,0.0,5.08,21.7
2022-01-22,24.9,13.5,0.0,4.79,16.1
2022-01-23,25.4,14.5,0.0,4.49,17.3
2022-01-24,20.2,17.0,4.3,1.73,19.0
2022-01-25,23.5,16.1,2.9,2.95,26.5
2022-01-26,23.9,17.8,15.8,3.92,17.4
2022-01-27,22.4,13.7,0.2,5.45,28.5
2022-01-28,24.0,9.4,0.0,5.59,12.1
2022-01-29,24.2,12.4,0.0,4.41,17.9
2022-01-30,24.6,12.0,0.0,5.47,17.1
2022-01-31,26.6,13.8,0.0,5.69,21.0
2022-02-01,25.1,16.5,0.0,5.35,29.2
2022-02-02,25.2,17.3,0.6,4.31,30.8
2022-02-03,27.5,17.8,0.3,4.93,24.7
2022-02-04,28.4,16.0,0.0,5.84,24.3
2022-02-05,27.1,18.3,7.1,3.9,30.8
2022-02-06,22.5,16.5,34.2,1.11,33.0
2022-02-07,23.8,16.0,59.4,1.72,28.9
2022-02-08,26.7,18.6,3.4,4.06,20.0
2022-02-09,25.1,19.7,0.2,3.14,22.9
2022-02-10,27.0,20.4,1.8,4.05,22.1
2022-02-11,21.5,19.5,58.9,0.77,15.3
2022-02-12,26.0,20.2,47.5,2.06,30.7
2022-02-13,23.8,12.1,5.4,2.71,42.6
2022-02-14,19.5,10.6,0.2,4.0,25.1
2022-02-15,21.6,8.9,0.0,4.55,16.9
2022-02-16,20.5,9.9,0.1,3.8,19.3
2022-02-17,23.1,11.6,0.4,4.01,11.5
2022-02-18,22.5,13.9,1.2,3.69,14.6
2022-02-19,22.5,14.0,0.2,3.46,14.9
2022-02-20,22.7,14.4,1.9,3.65,13.1
2022-02-21,24.3,13.2,0.1,4.1,16.4
2022-02-22,23.6,16.2,2.6,3.36,13.2
2022-02-23,25.0,14.5,0.0,4.46,15.9
2022-02-24,23.9,12.4,0.0,4.68,14.0
2022-02-25,23.8,11.9,0.0,4.37,16.0
2022-02-26,23.4,12.6,0.0,4.14,14.7
2022-02-27,22.3,13.5,0.1,3.73,10.4
2022-02-28,22.5,12.4,0.0,3.94,13.7
2022-03-01,23.8,13.2,0.0,4.1,12.4
2022-03-02,23.1,12.6,0.0,4.5,17.2
2022-03-03,21.8,8.9,0.0,4.54,14.5
2022-03-04,21.8,10.7,0.0,3.23,10.3
2022-03-05,22.2,11.4,0.0,3.05,14.7
2022-03-06,22.6,10.8,0.0,3.73,17.7
2022-03-07,25.9,12.2,0.0,3.95,12.5
2022-03-08,25.2,13.1,0.0,4.34,17.2
2022-03-09,25.2,14.6,0.2,3.55,15.6
2022-03-10,24.8,13.3,0.0,4.46,17.3
2022-03-11,21.9,14.8,0.0,3.8,20.7
2022-03-12,22.4,11.2,0.4,2.06,12.3
2022-03-13,22.7,14.1,0.2,3.48,21.9
2022-03-14,24.6,12.6,0.0,4.04,14.5
2022-03-15,24.5,10.9,0.0,4.12,17.9
2022-03-16,23.9,11.6,0.0,4.39,19.5
2022-03-17,22.9,10.7,0.0,4.09,16.0
2022-03-18,19.9,10.2,0.8,2.82,10.5
2022-03-19,21.5,11.0,0.0,3.28,20.9
2022-03-20,20.6,15.4,0.0,3.33,36.5
2022-03-21,20.2,15.9,20.1,1.68,34.3
2022-03-22,22.5,16.9,1.5,2.13,23.1
2022-03-23,19.8,15.9,6.1,1.22,21.0
2022-03-24,20.0,15.1,8.2,1.39,42.4
2022-03-25,18.9,14.2,8.6,2.12,36.7
2022-03-26,19.7,12.6,0.0,3.3,29.9
2022-03-27,22.4,11.2,0.0,3.29,14.8
2022-03-28,21.4,7.8,0.0,3.24,14.1
2022-03-29,24.4,11.1,0.5,3.25,11.9
2022-03-30,24.1,12.8,0.1,3.14,12.3
2022-03-31,23.6,13.9,0.0,2.75,10.0
2022-04-01,22.6,13.8,0.0,2.44,13.0
2022-04-02,22.1,13.1,0.6,2.42,14.2
2022-04-03,22.2,13.2,0.7,2.24,10.1
2022-04-04,22.1,10.4,0.0,2.8,8.7
2022-04-05,20.1,12.1,2.6,1.38,14.8
2022-04-06,20.8,15.4,10.5,1.48,22.1
2022-04-07,18.5,8.4,0.2,2.9,18.8
2022-04-08,18.2,6.8,0.0,2.55,19.5
2022-04-09,20.4,7.9,0.0,2.72,9.7
2022-04-10,19.9,8.8,0.0,2.71,14.9
2022-04-11,19.5,5.8,0.0,2.28,9.7
2022-04-12,20.2,11.9,0.0,2.08,20.9
2022-04-13,19.7,12.4,0.2,2.58,38.6
2022-04-14,17.8,8.4,0.0,3.19,22.1
2022-04-15,18.0,4.3,0.0,2.55,9.0
2022-04-16,19.1,7.4,0.0,2.31,11.3
2022-04-17,20.9,7.7,0.0,3.02,18.8
2022-04-18,18.5,11.6,0.7,2.64,25.5
2022-04-19,21.1,14.7,3.5,1.8,24.2
2022-04-20,21.4,17.0,0.1,2.05,25.0
2022-04-21,21.9,16.8,0.3,2.16,28.3
2022-04-22,19.0,11.4,9.1,1.72,30.6
2022-04-23,15.9,7.6,0.0,2.53,19.4
2022-04-24,17.5,11.4,1.0,1.93,31.1
2022-04-25,18.0,9.6,0.2,2.02,16.9
2022-04-26,18.3,6.6,0.3,1.94,12.2
2022-04-27,19.6,10.2,0.0,2.14,13.7
2022-04-28,17.4,6.6,0.0,2.1,9.2
2022-04-29,18.0,7.4,0.0,2.0,9.9
2022-04-30,17.5,6.0,0.0,2.0,11.7
2022-05-01,18.2,8.7,0.1,1.8,21.3
2022-05-02,18.7,8.6,0.0,1.56,10.0
2022-05-03,18.7,7.5,0.0,1.55,8.2
2022-05-04,19.2,9.8,0.0,1.84,10.5
2022-05-05,18.9,7.3,0.0,1.98,11.6
2022-05-06,19.2,7.6,0.0,1.92,17.1
2022-05-07,18.6,7.7,0.0,1.67,7.8
2022-05-08,17.3,7.2,0.5,1.07,15.3
2022-05-09,17.8,10.6,4.2,1.0,17.2
2022-05-10,17.3,7.8,5.5,1.74,21.3
2022-05-11,14.1,3.7,0.0,1.6,13.7
2022-05-12,14.2,1.9,0.0,1.55,11.5
2022-05-13,14.6,4.5,0.1,1.48,8.9
2022-05-14,16.5,7.1,0.6,1.27,21.7
2022-05-15,17.6,12.7,12.3,0.61,24.9
2022-05-16,18.0,13.9,15.0,0.83,26.1
2022-05-17,18.7,14.6,17.7,0.44,24.1
2022-05-18,19.1,12.6,10.3,1.46,16.4
2022-05-19,16.5,11.6,13.9,0.6,20.4
2022-05-20,13.9,8.8,7.9,1.18,36.1
2022-05-21,14.4,8.6,0.8,1.79,32.0
2022-05-22,14.8,10.8,1.0,1.49,26.7
2022-05-23,14.4,5.6,1.7,1.4,14.8
2022-05-24,14.6,4.7,0.1,1.03,17.3
2022-05-25,15.4,9.1,0.0,1.38,25.7
2022-05-26,14.4,6.2,0.1,1.27,9.1
2022-05-27,13.6,3.1,0.0,1.31,10.1
2022-05-28,13.6,4.5,0.0,1.28,10.9
2022-05-29,14.6,4.8,1.8,1.21,32.0
2022-05-30,16.5,13.3,47.6,0.5,32.0
2022-05-31,17.2,11.8,6.7,1.05,24.6
2022-06-01,17.6,13.4,18.2,1.06,35.8
2022-06-02,14.5,10.9,41.5,0.41,24.4
2022-06-03,14.1,8.3,12.2,0.76,12.7
2022-06-04,14.8,4.9,0.0,1.14,10.5
2022-06-05,13.1,2.9,0.1,1.04,22.6
2022-06-06,14.2,10.2,5.7,0.66,19.2
2022-06-07,15.4,11.4,5.7,0.63,22.4
2022-06-08,15.4,8.8,4.2,0.9,20.5
2022-06-09,13.8,7.8,10.0,0.71,28.2
2022-06-10,13.9,8.4,14.7,0.74,26.0
2022-06-11,14.2,8.9,9.6,0.91,29.0
2022-06-12,12.9,8.4,22.3,0.6,30.9
2022-06-13,11.9,9.2,21.3,1.24,35.4
2022-06-14,13.1,9.4,0.9,1.91,32.7
2022-06-15,13.8,10.6,1.2,1.32,30.4
2022-06-16,14.1,10.1,1.6,1.08,22.3
2022-06-17,14.1,9.2,2.5,0.71,9.8
2022-06-18,14.0,9.1,9.8,0.71,17.2
2022-06-19,14.1,6.3,3.4,1.19,13.2
2022-06-20,11.2,3.0,0.0,1.24,26.8
2022-06-21,11.3,1.6,0.0,1.13,11.3
2022-06-22,11.3,-0.2,0.0,0.92,12.6
2022-06-23,11.2,2.2,0.0,1.06,11.0
2022-06-24,12.4,0.9,0.2,0.95,21.9
2022-06-25,13.6,8.8,7.0,0.56,21.7
2022-06-26,14.4,8.8,2.6,0.84,16.3
2022-06-27,13.0,5.8,0.0,0.85,14.4
2022-06-28,11.6,4.8,0.0,0.8,10.2
2022-06-29,12.2,4.0,1.7,0.71,17.2
2022-06-30,12.6,4.4,0.0,1.21,23.7
2022-07-01,12.9,6.4,0.5,1.34,24.0
2022-07-02,12.4,3.9,0.1,1.08,11.0
2022-07-03,12.6,4.8,1.0,0.8,17.6
2022-07-04,13.1,5.2,0.0,1.15,14.6
2022-07-05,12.2,6.3,21.4,0.32,24.9
2022-07-06,15.5,5.8,0.2,1.06,21.8
2022-07-07,13.1,4.4,3.2,0.99,25.3
2022-07-08,16.5,10.3,53.7,0.31,34.2
2022-07-09,14.9,11.1,3.6,1.13,26.6
2022-07-10,13.8,10.3,2.8,0.62,17.8
2022-07-11,12.2,10.0,11.6,0.86,29.9
2022-07-12,15.6,11.3,48.0,0.54,44.1
2022-07-13,14.4,9.8,1.8,0.88,25.0
2022-07-14,12.9,8.1,6.1,0.67,14.8
2022-07-15,13.0,4.8,4.6,1.12,17.5
2022-07-16,11.9,4.2,0.4,1.2,17.4
2022-07-17,11.7,0.6,0.0,1.15,9.9
2022-07-18,11.4,2.6,0.1,0.91,18.5
2022-07-19,14.4,9.0,6.6,0.7,25.7
2022-07-20,14.5,8.6,7.7,0.44,18.2
2022-07-21,10.9,5.8,2.8,1.03,30.6
2022-07-22,11.6,1.8,0.0,1.45,29.1
2022-07-23,11.6,0.4,0.0,1.25,12.3
2022-07-24,11.9,5.4,0.0,1.25,21.5
2022-07-25,12.5,8.4,19.9,0.94,39.1
2022-07-26,14.5,10.9,30.9,0.74,39.6
2022-07-27,13.6,9.2,10.1,1.07,32.0
2022-07-28,12.9,9.7,15.1,0.83,25.2
2022-07-29,12.9,7.3,2.6,1.36,24.6
2022-07-30,14.4,6.7,0.9,1.31,22.3
2022-07-31,10.7,3.7,8.2,1.09,32.9
2022-08-01,12.6,1.6,0.0,1.4,16.3
2022-08-02,12.5,3.5,0.4,0.89,21.1
2022-08-03,14.3,7.3,1.1,1.01,16.9
2022-08-04,16.1,6.8,0.2,1.35,9.5
2022-08-05,14.0,5.4,0.0,1.52,10.3
2022-08-06,13.9,2.9,0.5,1.29,16.1
2022-08-07,14.6,9.4,7.1,0.95,21.3
2022-08-08,14.3,4.4,0.0,1.37,12.1
2022-08-09,13.9,7.3,3.7,1.12,14.3
2022-08-10,12.7,4.2,0.3,1.42,8.1
2022-08-11,11.9,2.2,0.0,1.67,16.8
2022-08-12,11.4,-0.3,0.0,1.65,23.5
2022-08-13,11.6,0.6,0.0,1.44,18.4
2022-08-14,13.0,-1.3,0.0,1.68,8.7
2022-08-15,10.9,0.9,0.0,1.0,14.6
2022-08-16,15.3,8.9,0.7,1.17,27.1
2022-08-17,15.8,12.9,10.8,0.68,34.6
2022-08-18,16.0,14.1,46.5,0.48,38.6
2022-08-19,16.7,14.4,31.4,0.41,28.2
2022-08-20,16.6,13.2,16.4,0.61,32.1
2022-08-21,15.5,12.1,4.0,0.97,18.9
2022-08-22,14.3,8.4,24.0,0.96,21.7
2022-08-23,15.1,6.4,1.1,1.47,24.0
2022-08-24,13.3,8.0,0.5,1.45,19.5
2022-08-25,12.8,5.9,34.6,0.68,30.7
2022-08-26,14.7,10.9,10.6,0.77,20.2
2022-08-27,14.6,6.3,0.9,1.74,21.3
2022-08-28,15.2,3.5,0.0,2.31,13.0
2022-08-29,13.4,6.1,0.1,1.83,14.5
2022-08-30,13.8,3.2,0.0,2.09,11.7
2022-08-31,13.4,4.6,0.0,1.97,9.0
2022-09-01,14.6,2.2,0.0,2.08,10.8
2022-09-02,13.6,5.3,1.1,1.2,14.2
2022-09-03,13.4,4.0,22.7,0.88,24.1
2022-09-04,13.5,8.9,0.1,1.72,26.5
2022-09-05,9.0,5.2,29.3,0.48,23.9
2022-09-06,10.4,0.7,0.4,2.46,30.4
2022-09-07,10.0,1.6,0.0,1.0,10.5
2022-09-08,13.4,4.2,0.0,1.94,8.9
2022-09-09,13.4,3.2,0.6,2.01,9.5
2022-09-10,12.3,7.3,7.3,1.08,21.3
2022-09-11,15.6,8.9,1.2,1.84,23.4
2022-09-12,14.6,10.9,17.9,1.25,35.8
2022-09-13,15.0,8.7,2.7,1.86,29.1
2022-09-14,12.8,3.8,0.6,2.22,14.6
2022-09-15,12.4,3.8,0.4,2.26,18.4
2022-09-16,14.6,4.6,0.0,2.35,25.3
2022-09-17,14.3,3.5,0.2,2.1,14.1
2022-09-18,14.3,3.3,0.0,2.12,11.9
2022-09-19,15.3,7.6,14.7,0.99,25.7
2022-09-20,17.4,12.3,3.8,2.08,22.4
2022-09-21,16.1,9.1,7.2,1.75,14.1
2022-09-22,16.9,6.0,2.8,2.3,17.8
2022-09-23,16.0,8.6,14.8,1.6,24.9
2022-09-24,16.1,7.0,2.2,2.22,22.9
2022-09-25,18.9,8.4,0.1,2.95,13.7
2022-09-26,15.8,5.4,0.0,2.95,22.9
2022-09-27,14.3,8.4,0.1,2.21,26.5
2022-09-28,14.4,7.9,0.2,1.63,22.9
2022-09-29,15.3,9.5,5.9,1.09,16.9
2022-09-30,17.8,11.0,27.8,1.11,25.3
2022-10-01,14.8,10.2,30.1,1.0,27.1
2022-10-02,17.6,13.3,19.0,1.32,23.2
2022-10-03,16.3,10.3,17.6,1.5,27.3
2022-10-04,16.9,8.4,0.3,3.24,15.6
2022-10-05,13.2,7.0,3.0,1.77,32.2
2022-10-06,8.9,0.7,1.1,2.66,30.8
2022-10-07,14.1,-0.8,0.0,3.16,20.0
2022-10-08,14.8,1.9,0.0,2.6,12.5
2022-10-09,15.0,5.7,0.1,2.44,16.6
2022-10-10,15.4,7.8,0.4,2.3,18.9
2022-10-11,16.9,6.6,0.1,2.47,15.5
2022-10-12,15.1,11.3,7.4,1.2,15.0
2022-10-13,16.8,10.7,15.0,1.81,15.9
2022-10-14,15.4,8.1,3.6,2.76,17.0
2022-10-15,15.4,7.9,0.0,2.63,14.6
2022-10-16,15.4,6.3,0.0,2.87,24.8
2022-10-17,15.7,9.4,6.5,1.65,16.6
2022-10-18,16.0,9.1,1.7,2.73,21.1
2022-10-19,14.1,8.1,0.4,2.76,26.4
2022-10-20,15.2,8.6,2.0,2.48,28.4
2022-10-21,17.0,8.9,0.6,2.86,18.1
2022-10-22,17.5,7.3,0.0,4.24,13.1
2022-10-23,18.5,5.6,0.0,4.08,18.9
2022-10-24,17.5,8.9,0.0,3.23,30.7
2022-10-25,17.1,8.4,1.4,2.65,15.1
2022-10-26,16.6,10.1,2.4,2.43,19.5
2022-10-27,18.6,7.2,0.6,2.95,13.0
2022-10-28,21.1,8.4,0.7,3.53,17.1
2022-10-29,21.2,14.0,17.3,3.11,27.1
2022-10-30,17.4,14.5,33.4,0.72,21.5
2022-10-31,19.8,12.5,5.7,2.4,13.2
2022-11-01,20.6,9.6,0.0,4.42,13.2
2022-11-02,22.5,8.8,0.0,4.19,20.9
2022-11-03,19.7,12.0,8.4,2.06,24.0
2022-11-04,18.6,11.4,0.8,3.89,19.8
2022-11-05,17.6,10.3,0.2,3.29,28.3
2022-11-06,17.7,9.1,0.5,3.28,16.4
2022-11-07,17.4,12.4,0.8,3.06,15.2
2022-11-08,20.5,8.8,0.0,3.55,17.4
2022-11-09,19.8,12.6,20.4,2.41,15.6
2022-11-10,20.2,10.9,0.1,4.39,27.7
2022-11-11,18.0,11.4,14.6,2.16,39.2
2022-11-12,20.8,14.2,12.8,3.49,19.9
2022-11-13,19.0,12.6,1.9,3.19,22.0
2022-11-14,21.4,11.1,0.7,3.89,14.7
2022-11-15,22.2,10.6,0.3,4.66,20.1
2022-11-16,22.0,13.8,7.3,3.18,13.0
2022-11-17,19.0,14.4,45.6,1.25,19.6
2022-11-18,18.0,14.1,24.5,1.78,24.5
2022-11-19,18.4,12.8,30.1,2.15,23.1
2022-11-20,17.7,12.9,16.2,2.13,20.8
2022-11-21,17.1,13.6,9.0,1.7,27.2
2022-11-22,20.9,11.4,17.7,2.79,30.1
2022-11-23,17.1,11.1,6.6,3.63,37.0
2022-11-24,15.4,10.4,17.8,2.83,34.9
2022-11-25,15.4,8.9,4.4,3.21,29.8
2022-11-26,17.1,8.6,0.8,3.37,21.1
2022-11-27,19.0,10.0,20.2,2.35,22.5
2022-11-28,16.5,9.2,1.1,3.12,26.4
2022-11-29,18.4,8.3,6.5,3.1,16.4
2022-11-30,18.5,11.0,35.8,1.84,22.7
2022-12-01,18.0,10.8,1.6,3.42,27.9
2022-12-02,17.5,10.1,0.0,3.93,23.2
2022-12-03,19.0,8.3,0.2,4.16,17.1
2022-12-04,18.9,6.9,0.0,4.62,19.0
2022-12-05,18.3,12.2,0.1,3.67,21.9
2022-12-06,18.2,10.8,0.3,3.15,15.3
2022-12-07,20.0,11.4,0.8,3.52,23.6
2022-12-08,19.2,10.4,0.2,3.97,26.3
2022-12-09,18.8,13.9,24.8,1.8,39.1
2022-12-10,21.6,16.7,30.0,2.69,21.3
2022-12-11,19.1,15.1,14.4,1.97,19.0
2022-12-12,22.7,12.4,0.0,4.39,15.9
2022-12-13,22.0,11.2,3.0,3.49,23.6
2022-12-14,20.3,13.8,13.5,2.38,24.3
2022-12-15,20.0,15.2,12.7,1.73,28.3
2022-12-16,24.0,16.8,3.8,3.62,16.4
2022-12-17,19.5,15.4,24.5,0.96,14.5
2022-12-18,22.3,15.4,11.4,3.24,13.3
2022-12-19,21.2,13.8,1.1,4.58,15.6
2022-12-20,18.7,12.7,22.0,2.71,17.6
2022-12-21,23.5,10.6,5.3,5.02,15.5
2022-12-22,21.7,13.6,3.4,4.12,15.1
2022-12-23,21.5,13.0,2.4,3.76,23.3
2022-12-24,21.5,13.8,0.9,4.52,17.1
2022-12-25,23.1,11.0,0.4,4.58,17.3
2022-12-26,23.7,11.9,6.0,4.44,15.5
2022-12-27,24.7,12.9,0.1,5.21,15.8
2022-12-28,24.9,13.1,0.0,5.42,11.8
2022-12-29,23.8,15.1,1.0,4.53,19.6
2022-12-30,24.2,13.8,0.0,5.37,21.1
2022-12-31,23.1,14.1,0.2,4.68,19.5
2023-01-01,21.6,11.5,0.0,4.45,13.0
2023-01-02,20.4,13.1,0.0,3.84,21.3
2023-01-03,20.8,13.8,0.2,3.75,31.8
2023-01-04,18.4,15.6,5.3,2.26,36.6
2023-01-05,19.6,16.4,9.3,2.5,41.3
2023-01-06,20.2,17.2,7.1,1.97,28.7
2023-01-07,21.5,16.9,10.7,1.71,18.5
2023-01-08,24.5,14.5,2.6,4.08,19.4
2023-01-09,24.4,15.1,0.6,4.52,26.8
2023-01-10,19.2,15.3,31.4,1.54,32.3
2023-01-11,20.6,16.5,14.9,2.29,23.6
2023-01-12,19.4,15.4,27.5,1.71,19.2
2023-01-13,21.1,14.1,0.0,4.16,11.5
2023-01-14,21.4,12.9,0.8,4.06,19.3
2023-01-15,23.1,14.1,0.2,4.55,16.3
2023-01-16,21.9,13.6,0.3,4.73,13.0
2023-01-17,22.0,13.1,2.3,3.89,15.5
2023-01-18,24.2,11.9,0.4,4.78,11.9
2023-01-19,24.2,13.6,0.3,4.79,13.0
2023-01-20,22.3,12.8,0.1,4.63,22.6
2023-01-21,24.0,14.9,0.1,4.7,17.8
2023-01-22,21.5,12.9,4.1,2.97,17.3
2023-01-23,22.8,11.5,0.0,4.78,15.7
2023-01-24,21.1,15.6,0.8,3.35,18.6
2023-01-25,21.0,13.4,1.6,3.36,16.3
2023-01-26,22.0,13.1,0.0,4.13,26.5
2023-01-27,19.0,16.8,65.9,1.17,34.9
2023-01-28,20.6,17.5,30.4,1.06,26.3
2023-01-29,21.0,18.2,14.6,1.25,29.7
2023-01-30,22.0,17.3,9.1,2.74,26.2
2023-01-31,20.1,17.1,5.6,2.12,31.1
2023-02-01,21.5,17.4,19.8,1.93,35.5
2023-02-02,24.5,18.0,9.2,3.17,26.1
2023-02-03,22.0,18.6,18.3,1.69,24.0
2023-02-04,24.5,19.2,3.3,3.57,13.1
2023-02-05,22.3,18.0,6.2,2.56,21.6
2023-02-06,22.0,15.2,12.9,2.18,16.7
2023-02-07,20.9,13.0,0.8,3.36,21.6
2023-02-08,21.1,14.2,0.7,3.83,23.0
2023-02-09,19.4,13.3,0.0,3.74,25.5
2023-02-10,21.2,12.1,0.1,3.65,15.0
2023-02-11,22.1,13.1,0.0,4.1,18.8
2023-02-12,17.7,14.4,8.4,2.1,30.0
2023-02-13,16.6,14.8,50.9,1.56,51.2
2023-02-14,21.2,16.1,33.0,4.01,46.1
2023-02-15,21.5,14.8,0.3,3.72,35.3
2023-02-16,20.7,12.1,1.8,3.51,22.4
2023-02-17,20.0,11.8,0.1,3.78,25.6
2023-02-18,22.5,10.9,0.4,3.93,10.0
2023-02-19,22.5,12.4,0.2,3.85,15.8
2023-02-20,23.2,12.6,0.0,4.1,15.8
2023-02-21,22.0,14.5,1.0,3.07,12.0
2023-02-22,21.9,13.9,1.7,3.12,17.6
2023-02-23,19.5,14.2,6.7,1.84,15.1
2023-02-24,17.9,13.6,9.4,2.3,26.0
2023-02-25,21.3,13.6,22.9,2.97,21.1
2023-02-26,21.5,13.4,0.1,3.3,15.6
2023-02-27,20.1,13.2,6.6,2.33,11.4
2023-02-28,21.8,13.2,1.3,3.5,12.4
2023-03-01,23.2,11.9,0.0,4.05,14.8
2023-03-02,21.2,11.8,0.0,3.46,17.1
2023-03-03,22.6,13.1,0.2,3.03,13.9
2023-03-04,22.2,14.4,1.8,3.24,21.7
2023-03-05,21.9,13.9,1.2,3.39,12.3
2023-03-06,21.0,12.6,0.7,3.55,10.9
2023-03-07,20.8,10.3,0.0,3.47,17.6
2023-03-08,19.4,9.0,0.0,2.56,19.9
2023-03-09,21.0,14.5,0.3,2.66,17.8
2023-03-10,19.9,15.0,25.0,1.48,23.7
2023-03-11,21.0,13.3,0.0,3.25,20.7
2023-03-12,20.5,10.7,0.3,2.81,17.8
2023-03-13,19.5,11.9,4.0,1.99,28.0
2023-03-14,19.1,7.8,0.0,3.47,17.7
2023-03-15,21.1,7.1,0.0,3.63,9.8
2023-03-16,19.8,9.2,0.1,2.48,23.3
2023-03-17,19.5,15.5,19.3,0.95,23.7
2023-03-18,21.3,13.9,9.0,3.07,15.0
2023-03-19,20.5,11.2,0.0,2.95,11.7
2023-03-20,20.2,10.6,0.1,2.47,13.7
2023-03-21,17.4,9.9,20.6,0.87,20.2
2023-03-22,16.6,8.9,0.7,2.81,23.6
2023-03-23,18.1,6.1,0.0,3.04,13.1
2023-03-24,19.0,5.7,0.0,3.12,10.3
2023-03-25,18.6,6.2,0.2,2.18,17.7
2023-03-26,19.2,11.1,1.5,1.68,18.1
2023-03-27,18.4,13.6,11.9,1.46,8.3
2023-03-28,18.3,10.5,2.3,1.99,21.7
2023-03-29,13.2,6.6,0.0,2.94,31.8
2023-03-30,15.8,7.1,0.0,2.59,25.1
2023-03-31,17.8,5.4,0.0,2.39,13.9
2023-04-01,18.3,12.4,7.8,1.14,28.0
2023-04-02,20.5,13.6,0.9,2.39,14.5
2023-04-03,17.9,10.6,0.1,2.55,19.1
2023-04-04,18.1,7.8,0.0,2.66,19.9
2023-04-05,19.0,5.8,0.2,2.47,13.1
2023-04-06,16.8,9.2,5.2,0.89,9.4
2023-04-07,20.6,11.4,0.2,3.01,21.9
2023-04-08,19.4,9.6,0.0,2.6,11.0
2023-04-09,19.0,7.4,2.7,2.14,28.7
2023-04-10,21.0,14.6,12.6,1.78,28.3
2023-04-11,18.2,13.2,20.7,1.32,30.4
2023-04-12,18.3,11.1,6.5,1.46,16.7
2023-04-13,20.0,9.6,0.1,1.97,10.9
2023-04-14,20.4,13.2,0.6,2.29,19.5
2023-04-15,19.6,12.2,0.0,3.13,22.4
2023-04-16,19.0,12.6,0.0,2.54,28.3
2023-04-17,18.4,12.1,0.0,2.54,28.8
2023-04-18,19.3,13.6,0.9,1.9,26.4
2023-04-19,21.2,15.5,0.5,1.86,25.6
2023-04-20,20.8,15.6,0.3,1.54,18.9
2023-04-21,18.6,16.0,10.1,0.77,29.2
2023-04-22,19.4,16.3,27.5,0.66,30.2
2023-04-23,20.0,13.8,0.5,1.5,19.1
2023-04-24,14.6,6.2,0.4,2.44,37.8
2023-04-25,16.0,3.8,0.1,1.94,32.4
2023-04-26,17.2,8.8,0.4,1.94,27.6
2023-04-27,16.5,6.3,0.0,1.84,9.9
2023-04-28,16.5,5.2,0.0,1.71,9.9
2023-04-29,16.5,9.0,0.0,1.32,19.7
2023-04-30,18.6,13.3,3.9,1.6,29.8
2023-05-01,19.7,16.8,21.8,1.11,33.9
2023-05-02,20.3,15.4,2.1,1.29,22.7
2023-05-03,18.0,15.5,24.2,0.5,28.2
2023-05-04,18.3,15.9,69.8,0.57,32.2
2023-05-05,17.9,15.8,9.4,0.78,30.3
2023-05-06,18.2,15.7,2.1,0.95,27.9
2023-05-07,17.4,14.9,2.6,0.8,23.1
2023-05-08,18.7,15.6,1.9,1.29,28.6
2023-05-09,17.8,15.2,42.9,0.62,35.6
2023-05-10,15.8,8.6,9.5,0.85,27.1
2023-05-11,10.2,5.7,2.8,0.87,19.0
2023-05-12,12.9,4.1,0.0,1.46,19.8
2023-05-13,14.7,3.8,0.0,1.51,12.4
2023-05-14,14.7,5.1,0.5,1.04,14.8
2023-05-15,14.7,5.7,2.8,1.18,14.0
2023-05-16,13.5,2.7,0.0,1.34,15.3
2023-05-17,14.6,2.4,0.0,1.2,16.1
2023-05-18,14.2,4.1,2.5,1.12,26.9
2023-05-19,16.3,12.1,13.8,0.89,36.1
2023-05-20,14.9,12.0,28.2,0.57,37.2
2023-05-21,14.4,8.9,2.8,1.45,32.8
2023-05-22,14.9,10.4,8.7,0.67,16.0
2023-05-23,17.0,10.2,0.1,1.39,23.2
2023-05-24,16.0,7.6,0.0,1.16,17.7
2023-05-25,15.1,4.2,0.0,1.38,8.7
2023-05-26,13.2,3.2,0.0,1.12,11.2
2023-05-27,14.2,6.8,0.0,0.95,14.8
2023-05-28,16.5,11.1,0.1,1.54,31.9
2023-05-29,16.5,13.2,20.2,0.74,34.6
2023-05-30,15.9,12.0,9.3,0.57,15.3
2023-05-31,14.4,7.6,0.3,1.16,22.4
2023-06-01,15.4,7.9,2.4,0.53,20.5
2023-06-02,15.2,9.2,3.6,0.87,23.7
2023-06-03,13.9,5.9,0.0,1.29,28.0
2023-06-04,12.0,6.3,1.9,0.49,21.7
2023-06-05,11.8,9.2,37.3,0.76,21.8
2023-06-06,14.4,7.4,4.3,1.44,19.4
2023-06-07,14.9,5.8,0.0,1.47,18.3
2023-06-08,14.7,6.2,0.0,1.33,17.1
2023-06-09,15.2,5.0,0.0,1.21,19.0
2023-06-10,14.4,3.2,0.0,1.21,11.5
2023-06-11,11.9,2.0,0.0,1.07,14.1
2023-06-12,13.9,3.3,0.0,1.07,21.4
2023-06-13,12.9,4.6,0.0,1.19,21.6
2023-06-14,11.9,2.3,0.0,1.13,18.4
2023-06-15,10.7,0.4,0.0,1.04,9.7
2023-06-16,12.8,4.8,0.4,1.1,14.8
2023-06-17,13.4,7.4,3.2,0.81,16.8
2023-06-18,14.5,8.9,0.2,1.08,20.8
2023-06-19,13.4,8.6,0.8,0.86,18.6
2023-06-20,13.5,8.6,1.3,0.68,19.2
2023-06-21,14.9,9.6,0.1,1.08,26.9
2023-06-22,13.8,11.7,5.6,0.86,32.0
2023-06-23,16.5,10.5,2.2,0.91,19.1
2023-06-24,16.1,9.7,2.5,1.25,22.9
2023-06-25,16.0,7.5,0.0,1.63,21.4
2023-06-26,14.2,5.3,0.8,1.04,15.1
2023-06-27,12.2,4.8,1.9,0.82,14.5
2023-06-28,13.0,4.7,0.0,1.04,23.0
2023-06-29,12.9,9.4,1.6,1.17,32.4
2023-06-30,11.3,7.8,5.1,0.97,30.0
2023-07-01,10.9,6.6,10.5,1.15,30.4
2023-07-02,11.3,6.8,4.7,1.07,30.2
2023-07-03,11.5,7.2,6.7,1.02,42.5
2023-07-04,13.4,6.6,0.3,1.31,35.8
2023-07-05,13.4,10.4,0.1,1.31,32.7
2023-07-06,13.1,3.5,0.0,1.07,18.6
2023-07-07,12.4,2.8,3.0,0.99,33.9
2023-07-08,13.4,10.5,17.8,0.55,35.6
2023-07-09,12.7,8.4,1.4,0.51,25.0
2023-07-10,13.4,9.1,0.0,0.97,18.9
2023-07-11,13.1,8.6,0.2,1.1,25.8
2023-07-12,12.9,6.9,1.0,1.09,28.6
2023-07-13,13.2,9.5,0.3,1.56,33.0
2023-07-14,13.8,11.0,1.6,1.04,29.3
2023-07-15,14.4,11.3,0.0,1.26,28.3
2023-07-16,14.2,10.6,2.9,0.98,27.0
2023-07-17,13.2,7.8,0.8,1.46,32.1
2023-07-18,14.1,8.3,0.0,1.15,23.9
2023-07-19,14.1,7.3,0.0,1.19,17.0
2023-07-20,14.0,6.9,0.9,1.23,20.9
2023-07-21,11.9,9.1,2.3,1.91,37.5
2023-07-22,12.0,4.1,0.0,1.46,18.8
2023-07-23,11.2,4.6,0.0,1.08,19.3
2023-07-24,13.4,3.5,0.2,0.99,21.0
2023-07-25,12.6,3.8,3.3,0.97,31.6
2023-07-26,9.8,3.5,1.0,1.4,35.9
2023-07-27,11.4,0.3,1.7,0.93,32.8
2023-07-28,11.8,2.8,0.0,1.21,31.4
2023-07-29,11.4,1.0,0.0,1.17,21.0
2023-07-30,11.9,3.0,0.0,0.89,8.9
2023-07-31,9.9,2.4,2.5,0.36,12.2
2023-08-01,14.5,8.6,3.7,1.15,19.8
2023-08-02,12.0,3.7,8.2,1.13,39.2
2023-08-03,9.6,0.9,0.0,1.6,28.7
2023-08-04,12.6,1.4,0.0,1.34,15.3
2023-08-05,14.7,3.5,0.0,1.49,12.1
2023-08-06,13.9,2.1,0.5,1.46,15.2
2023-08-07,12.8,6.5,1.4,0.88,16.3
2023-08-08,11.4,5.1,3.4,1.28,20.9
2023-08-09,11.1,1.5,1.1,1.26,18.3
2023-08-10,10.1,3.7,7.1,0.84,21.2
2023-08-11,10.3,2.5,0.0,1.49,27.3
2023-08-12,10.9,1.3,0.5,0.9,9.2
2023-08-13,13.8,5.4,1.0,1.14,14.8
2023-08-14,11.7,5.8,11.8,0.53,17.4
2023-08-15,11.9,1.8,1.8,1.42,19.6
2023-08-16,11.9,3.2,8.1,1.21,23.1
2023-08-17,11.6,3.8,0.0,1.5,25.8
2023-08-18,12.4,3.7,0.5,1.57,15.5
2023-08-19,11.0,1.9,8.8,0.64,30.4
2023-08-20,12.3,9.4,20.2,0.52,14.3
2023-08-21,12.9,7.1,2.6,1.73,34.4
2023-08-22,12.0,2.9,0.0,2.08,28.6
2023-08-23,11.4,-1.0,0.0,1.84,8.7
2023-08-24,11.9,1.2,0.0,1.42,9.3
2023-08-25,12.4,2.2,0.0,1.62,9.4
2023-08-26,12.5,1.3,0.0,1.51,14.0
2023-08-27,13.1,3.0,0.9,1.45,25.1
2023-08-28,12.0,3.2,0.0,1.77,16.3
2023-08-29,11.7,-1.2,0.0,1.98,11.3
2023-08-30,12.2,-0.6,0.0,1.79,8.5
2023-08-31,13.5,1.8,0.0,1.6,12.5
2023-09-01,13.6,0.8,0.0,2.02,11.0
2023-09-02,16.2,4.2,0.0,2.23,15.8
2023-09-03,15.6,6.8,0.1,1.96,26.0
2023-09-04,14.6,9.6,0.5,2.01,31.3
2023-09-05,14.4,10.4,3.4,1.32,35.7
2023-09-06,16.8,11.4,6.4,1.37,22.2
2023-09-07,16.5,7.8,9.8,1.52,15.5
2023-09-08,18.2,5.6,0.0,2.58,10.6
2023-09-09,16.6,6.9,0.0,2.47,15.1
2023-09-10,15.4,3.8,0.0,2.17,17.9
2023-09-11,15.4,8.6,13.7,1.38,29.5
2023-09-12,13.2,7.6,1.1,2.02,21.8
2023-09-13,13.9,6.4,0.1,2.17,32.5
2023-09-14,13.4,7.7,0.5,2.01,30.0
2023-09-15,13.1,5.2,4.8,1.82,32.9
2023-09-16,14.6,4.2,0.0,2.35,16.9
2023-09-17,14.8,6.5,0.0,1.99,28.7
2023-09-18,15.4,10.7,0.2,2.43,32.3
2023-09-19,16.5,6.1,0.0,2.62,16.2
2023-09-20,18.6,9.3,0.0,2.77,15.0
2023-09-21,20.4,7.3,0.0,2.97,17.1
2023-09-22,18.8,12.4,3.6,2.23,20.4
2023-09-23,16.2,12.6,54.0,0.68,27.6
2023-09-24,16.8,10.8,5.4,2.2,21.1
2023-09-25,15.4,10.4,9.2,2.27,36.3
2023-09-26,15.7,8.6,13.0,1.22,31.1
2023-09-27,13.6,8.3,0.9,1.89,34.0
2023-09-28,13.4,7.8,2.0,2.07,30.8
2023-09-29,12.9,8.2,6.4,2.25,35.5
2023-09-30,11.6,4.9,7.4,2.18,35.1
2023-10-01,12.9,2.1,0.5,1.93,32.9
2023-10-02,16.1,10.7,8.8,1.92,33.5
2023-10-03,12.4,4.0,0.1,2.94,27.9
2023-10-04,15.2,-0.3,0.0,3.06,20.1
2023-10-05,17.3,6.1,0.0,3.03,15.6
2023-10-06,17.4,9.8,0.0,2.58,13.8
2023-10-07,15.1,7.1,6.4,0.99,19.9
2023-10-08,15.6,6.9,16.3,2.05,16.4
2023-10-09,14.4,4.8,0.2,2.86,29.3
2023-10-10,14.6,9.6,0.0,2.4,34.4
2023-10-11,14.9,7.2,0.2,2.94,24.4
2023-10-12,13.6,9.2,0.0,2.17,36.6
2023-10-13,15.4,8.8,0.3,2.08,18.0
2023-10-14,14.9,8.6,8.3,1.35,27.6
2023-10-15,16.0,10.4,2.5,2.01,27.7
2023-10-16,17.2,6.8,0.1,3.6,15.3
2023-10-17,17.2,11.9,2.9,1.58,25.5
2023-10-18,20.3,12.9,1.1,3.14,14.5
2023-10-19,19.8,10.4,0.0,2.64,9.9
2023-10-20,19.5,7.8,0.3,3.1,13.2
2023-10-21,20.2,8.6,0.5,3.47,15.3
2023-10-22,19.2,9.5,4.7,3.24,14.8
2023-10-23,17.5,9.4,0.1,3.23,9.2
2023-10-24,18.0,11.6,5.6,3.09,21.1
2023-10-25,16.8,12.6,10.2,2.51,29.2
2023-10-26,18.4,12.6,3.2,2.16,33.8
2023-10-27,15.2,5.9,6.9,2.41,32.4
2023-10-28,17.0,3.3,0.0,3.86,12.8
2023-10-29,17.8,5.7,0.0,4.18,21.0
2023-10-30,16.6,10.6,3.3,2.6,33.2
2023-10-31,21.0,14.4,17.3,2.64,24.3
2023-11-01,21.1,10.2,1.3,3.39,20.1
2023-11-02,19.6,9.3,0.6,3.81,16.1
2023-11-03,15.4,11.4,16.4,1.15,23.5
2023-11-04,17.9,10.1,1.1,3.0,20.4
2023-11-05,17.8,10.7,0.2,3.11,18.0
2023-11-06,18.1,9.4,0.4,3.42,15.3
2023-11-07,14.7,8.9,10.1,2.36,15.8
2023-11-08,16.9,8.3,5.0,3.75,29.7
2023-11-09,16.9,7.2,0.5,3.6,19.2
2023-11-10,18.5,6.7,0.0,4.35,18.9
2023-11-11,18.9,7.4,0.0,4.64,18.2
2023-11-12,17.1,7.3,0.0,4.01,23.1
2023-11-13,17.5,9.5,0.1,3.7,22.1
2023-11-14,17.6,6.3,0.5,3.09,24.4
2023-11-15,18.1,10.4,0.3,3.26,20.1
2023-11-16,18.9,11.4,1.2,3.07,14.8
2023-11-17,17.6,10.8,10.0,1.22,30.5
2023-11-18,16.9,14.0,29.0,0.85,19.2
2023-11-19,19.0,14.2,19.0,2.0,26.5
2023-11-20,19.5,14.5,16.1,1.71,20.0
2023-11-21,22.6,12.9,0.6,4.22,17.5
2023-11-22,22.3,11.0,0.9,4.44,11.1
2023-11-23,20.3,11.6,0.8,3.92,21.0
2023-11-24,16.5,9.1,6.0,3.53,30.5
2023-11-25,18.6,8.4,0.0,3.94,28.2
2023-11-26,19.1,8.7,0.0,4.25,28.2
2023-11-27,17.5,6.9,0.0,3.84,20.2
2023-11-28,16.8,12.2,7.6,1.6,29.8
2023-11-29,17.6,8.9,2.0,3.51,21.8
2023-11-30,17.0,8.1,0.3,3.23,15.1
2023-12-01,19.7,7.7,0.1,3.6,15.3
2023-12-02,18.9,12.1,0.1,3.25,26.9
2023-12-03,17.1,13.8,16.0,1.11,25.6
2023-12-04,21.1,13.5,4.3,2.63,13.0
2023-12-05,20.4,13.1,3.8,3.1,18.8
2023-12-06,20.8,13.4,1.4,3.52,21.6
2023-12-07,19.1,11.2,0.8,3.39,25.5
2023-12-08,21.5,10.2,0.0,5.14,12.3
2023-12-09,20.6,10.4,0.0,4.55,18.5
2023-12-10,17.8,10.1,1.5,2.01,20.6
2023-12-11,19.8,9.4,0.5,3.31,15.9
2023-12-12,16.0,8.4,0.9,3.2,38.9
2023-12-13,16.5,10.0,0.9,3.3,43.8
2023-12-14,17.8,11.2,0.0,3.52,30.6
2023-12-15,18.3,10.9,0.1,3.34,20.1
2023-12-16,21.2,9.9,0.1,3.87,16.2
2023-12-17,21.9,13.4,0.2,4.45,20.9
2023-12-18,21.8,16.6,4.9,2.4,14.8
2023-12-19,22.9,16.8,2.3,3.97,12.6
2023-12-20,23.2,14.2,0.7,4.15,13.2
2023-12-21,24.5,12.8,0.3,4.28,15.5
2023-12-22,23.6,13.4,0.1,3.65,17.4
2023-12-23,24.4,15.7,1.4,3.6,21.0
2023-12-24,22.6,17.9,14.6,2.43,21.3
2023-12-25,20.8,18.1,11.1,1.71,25.7
2023-12-26,23.6,17.5,1.2,4.5,18.4
2023-12-27,25.4,16.4,0.5,5.31,18.0
2023-12-28,22.4,16.8,1.7,3.29,23.8
2023-12-29,22.5,16.1,23.5,1.87,29.0
2023-12-30,22.9,17.4,3.6,4.22,23.8
2023-12-31,20.9,16.2,23.6,1.19,31.7
2024-01-01,19.1,12.4,0.3,4.27,28.3
2024-01-02,18.8,8.2,0.2,3.39,16.6
2024-01-03,19.0,10.0,0.1,2.73,12.3
2024-01-04,21.1,9.7,0.5,4.51,17.4
2024-01-05,20.5,12.8,0.4,3.06,9.9
2024-01-06,21.7,11.5,0.6,4.49,21.6
2024-01-07,24.3,11.3,0.0,5.36,12.3
2024-01-08,22.3,15.2,1.5,3.8,12.8
2024-01-09,23.9,14.9,0.9,4.01,16.9
2024-01-10,25.4,15.1,0.0,5.29,18.0
2024-01-11,24.0,15.1,0.2,4.2,13.7
2024-01-12,24.5,12.6,0.2,5.01,17.1
2024-01-13,24.2,14.1,0.1,4.46,13.0
2024-01-14,25.6,13.8,0.2,5.41,15.8
2024-01-15,19.9,17.0,16.5,1.17,17.9
2024-01-16,25.0,13.9,0.2,5.01,19.0
2024-01-17,24.0,13.8,7.2,3.85,20.0
2024-01-18,24.1,17.5,1.9,3.8,19.5
2024-01-19,24.5,17.9,5.2,3.27,27.0
2024-01-20,24.9,19.7,15.7,2.88,16.7
2024-01-21,26.1,18.4,0.3,4.96,18.1
2024-01-22,26.7,17.7,8.1,3.8,19.1
2024-01-23,22.5,14.7,5.9,3.3,22.9
2024-01-24,19.0,12.1,0.0,4.31,25.0
2024-01-25,22.1,11.9,0.1,4.93,17.1
2024-01-26,22.5,11.4,0.0,4.76,15.5
2024-01-27,20.4,11.6,5.6,1.43,22.4
2024-01-28,20.4,13.6,46.5,1.46,27.3
2024-01-29,23.1,12.2,0.2,4.73,25.7
2024-01-30,25.6,14.4,0.1,4.77,20.9
2024-01-31,25.6,14.0,0.1,4.81,17.4
2024-02-01,22.0,13.1,0.0,4.6,24.3
2024-02-02,19.8,15.3,7.1,2.09,34.7
2024-02-03,17.0,13.8,8.0,3.24,42.5
2024-02-04,19.3,8.8,0.0,4.04,25.2
2024-02-05,21.2,9.4,0.0,4.29,18.9
2024-02-06,25.0,11.2,0.1,4.12,16.8
2024-02-07,23.0,11.7,0.0,4.77,17.2
2024-02-08,22.6,11.3,0.0,4.46,20.4
2024-02-09,24.5,14.4,1.8,4.38,21.6
2024-02-10,23.6,13.7,0.6,3.62,19.6
2024-02-11,19.4,11.6,0.1,4.39,27.1
2024-02-12,21.6,7.8,0.0,4.86,13.6
2024-02-13,20.4,10.2,0.1,3.77,12.4
2024-02-14,22.2,9.1,0.0,4.43,12.6
2024-02-15,24.0,11.9,0.3,4.44,12.6
2024-02-16,23.4,14.6,0.6,3.68,10.2
2024-02-17,24.2,11.8,0.0,4.88,14.0
2024-02-18,22.0,14.8,1.9,3.41,15.4
2024-02-19,22.4,13.6,1.2,3.68,23.3
2024-02-20,22.0,13.6,1.3,3.94,18.2
2024-02-21,24.1,11.7,0.0,4.31,16.3
2024-02-22,21.8,14.8,5.2,3.1,27.0
2024-02-23,21.1,14.1,1.9,2.7,14.7
2024-02-24,23.2,12.2,0.5,3.64,18.1
2024-02-25,21.7,14.1,9.7,1.94,23.6
2024-02-26,18.6,13.1,7.1,1.15,13.8
2024-02-27,20.0,13.6,1.1,2.43,20.7
2024-02-28,22.2,10.4,0.3,3.9,28.2
2024-02-29,23.6,11.1,0.6,4.12,14.8
2024-03-01,21.2,9.9,0.0,4.05,23.0
2024-03-02,19.5,11.4,0.3,2.69,22.4
2024-03-03,20.6,14.8,13.0,1.75,18.3
2024-03-04,19.5,13.1,34.1,0.85,39.6
2024-03-05,15.9,12.2,1.9,3.1,31.7
2024-03-06,18.4,8.8,0.1,3.69,17.7
2024-03-07,18.2,7.4,0.5,2.32,18.4
2024-03-08,21.2,9.6,0.1,3.02,24.4
2024-03-09,19.5,9.1,0.0,3.16,26.3
2024-03-10,21.1,10.1,0.0,3.84,16.4
2024-03-11,17.8,12.7,0.0,2.33,33.0
2024-03-12,21.0,13.9,0.9,2.49,13.1
2024-03-13,21.2,15.3,0.0,2.89,22.3
2024-03-14,19.8,15.2,2.5,2.52,11.3
2024-03-15,16.2,12.4,17.0,1.31,18.5
2024-03-16,16.8,8.6,0.1,3.29,21.2
2024-03-17,17.9,5.2,0.2,2.26,18.6
2024-03-18,18.0,9.3,0.0,2.56,26.2
2024-03-19,17.2,7.8,0.0,3.33,24.1
2024-03-20,17.9,4.6,0.0,3.23,10.0
2024-03-21,17.9,6.2,0.0,3.09,14.0
2024-03-22,18.3,4.9,0.0,2.73,11.3
2024-03-23,17.1,9.6,8.3,1.44,24.4
2024-03-24,19.7,10.5,0.2,2.51,16.7
2024-03-25,19.0,9.9,2.4,2.35,21.6
2024-03-26,19.9,13.6,1.2,2.22,24.9
2024-03-27,19.5,12.5,2.7,2.15,26.7
2024-03-28,16.9,10.7,1.8,2.11,26.3
2024-03-29,15.4,7.2,1.4,2.72,27.8
2024-03-30,16.1,6.8,0.0,3.02,27.7
2024-03-31,17.4,6.8,0.0,3.01,27.5
2024-04-01,17.4,5.6,0.0,2.49,10.8
2024-04-02,18.2,7.8,0.0,2.45,8.0
2024-04-03,19.2,9.8,0.4,2.18,10.6
2024-04-04,19.6,10.4,0.8,2.02,16.7
2024-04-05,18.7,12.9,2.2,2.19,17.1
2024-04-06,19.0,11.0,0.0,2.14,9.0
2024-04-07,18.0,9.6,0.4,1.72,13.9
2024-04-08,18.5,10.5,0.2,2.16,12.9
2024-04-09,18.8,11.1,0.2,1.91,23.5
2024-04-10,21.4,14.8,0.5,2.32,31.9
2024-04-11,19.9,16.5,2.6,1.49,41.1
2024-04-12,18.6,13.4,32.4,0.69,40.6
2024-04-13,15.9,10.9,4.9,1.07,30.7
2024-04-14,17.5,10.6,1.7,2.08,19.1
2024-04-15,17.2,7.2,0.6,1.81,15.6
2024-04-16,17.2,11.6,0.4,1.82,24.2
2024-04-17,17.5,9.6,1.6,1.64,20.0
2024-04-18,16.4,8.9,0.4,1.62,20.3
2024-04-19,17.5,10.4,2.0,1.29,12.1
2024-04-20,15.1,13.1,27.9,0.47,21.9
2024-04-21,17.1,12.2,0.2,1.47,25.6
2024-04-22,17.5,10.2,0.0,1.82,28.0
2024-04-23,16.6,6.7,0.0,2.0,12.9
2024-04-24,15.7,6.2,0.0,1.64,18.5
2024-04-25,16.0,7.2,0.9,0.99,16.1
2024-04-26,16.6,7.3,8.2,1.37,23.9
2024-04-27,14.4,4.8,0.0,1.63,16.9
2024-04-28,14.7,4.8,0.0,1.86,11.0
2024-04-29,16.9,6.2,0.0,1.95,9.9
2024-04-30,16.8,5.3,0.0,1.85,12.2
2024-05-01,16.9,7.1,5.8,1.47,22.0
2024-05-02,14.4,7.8,0.7,1.51,20.6
2024-05-03,15.8,6.8,0.0,1.55,14.8
2024-05-04,15.4,5.6,0.0,1.76,8.6
2024-05-05,14.9,3.5,0.0,1.53,12.2
2024-05-06,15.0,7.6,2.9,0.96,14.4
2024-05-07,14.3,4.4,0.1,1.64,10.7
2024-05-08,13.2,2.3,0.0,1.6,12.7
2024-05-09,12.6,2.0,0.0,1.62,21.3
2024-05-10,11.2,1.5,0.0,1.55,27.1
2024-05-11,12.2,3.3,0.0,1.5,20.8
2024-05-12,13.2,-0.4,0.1,1.37,8.3
2024-05-13,13.6,6.0,1.0,1.08,8.0
2024-05-14,12.9,4.2,0.0,0.97,17.4
2024-05-15,15.9,10.2,21.5,0.63,28.3
2024-05-16,16.0,10.4,4.4,1.0,26.7
2024-05-17,14.6,5.8,0.2,1.16,11.3
2024-05-18,13.6,6.8,0.0,1.09,11.0
2024-05-19,14.2,2.8,0.0,1.25,13.6
2024-05-20,15.9,3.3,4.3,1.22,16.2
2024-05-21,16.1,9.4,46.3,0.91,32.9
2024-05-22,15.7,7.8,0.0,1.28,19.5
2024-05-23,13.1,5.6,2.8,0.76,10.0
2024-05-24,12.9,5.2,0.2,0.89,11.4
2024-05-25,13.4,4.8,0.6,1.25,24.9
2024-05-26,13.9,10.4,0.4,1.6,35.7
2024-05-27,13.0,9.2,0.3,0.93,21.9
2024-05-28,12.9,8.2,5.2,1.01,22.0
2024-05-29,10.2,6.0,3.8,0.98,42.4
2024-05-30,13.6,4.9,0.0,1.29,28.9
2024-05-31,15.4,7.8,0.0,1.17,30.9
2024-06-01,15.5,9.2,0.0,1.06,13.0
2024-06-02,16.6,7.9,0.6,1.26,20.5
2024-06-03,15.4,6.0,0.1,0.89,22.9
2024-06-04,12.2,3.8,0.0,1.06,8.6
2024-06-05,13.6,3.9,0.0,1.19,10.8
2024-06-06,13.3,4.4,0.0,1.03,13.5
2024-06-07,13.9,6.3,3.9,0.95,8.9
2024-06-08,15.8,7.2,0.0,1.22,15.5
2024-06-09,14.9,9.8,13.2,0.73,28.9
2024-06-10,16.9,12.1,20.4,0.79,29.0
2024-06-11,13.2,5.2,0.0,1.07,22.9
2024-06-12,11.8,4.3,0.0,0.88,7.9
2024-06-13,12.6,4.0,0.0,1.03,25.6
2024-06-14,14.8,11.7,40.0,0.38,33.8
2024-06-15,12.9,7.6,2.8,1.18,25.1
2024-06-16,13.9,7.6,3.7,0.83,20.9
2024-06-17,15.8,6.2,11.4,0.84,13.6
2024-06-18,15.8,5.6,0.1,1.16,14.6
2024-06-19,13.1,8.4,0.0,1.74,21.3
2024-06-20,13.1,5.9,0.0,1.41,21.7
2024-06-21,13.1,4.2,0.0,1.2,12.8
2024-06-22,12.4,3.3,1.0,0.9,21.8
2024-06-23,13.8,5.8,15.0,0.77,28.0
2024-06-24,11.7,5.3,0.0,0.83,9.1
2024-06-25,13.1,5.9,2.4,0.81,27.7
2024-06-26,13.5,8.4,0.1,1.34,32.2
2024-06-27,13.5,5.1,0.0,1.12,17.6
2024-06-28,13.4,2.5,0.0,1.1,9.7
2024-06-29,12.1,3.0,0.5,0.85,8.6
2024-06-30,11.5,3.8,0.0,0.73,7.7
2024-07-01,13.0,6.5,24.4,0.39,28.2
2024-07-02,11.1,7.6,1.6,0.96,27.7
2024-07-03,11.3,2.2,0.0,1.01,14.1
2024-07-04,10.1,-0.8,0.0,1.03,10.2
2024-07-05,9.4,-1.6,0.0,0.98,11.0
2024-07-06,11.5,2.7,0.1,1.03,27.8
2024-07-07,12.1,0.0,0.0,0.78,25.4
2024-07-08,11.6,2.6,0.0,0.96,10.0
2024-07-09,12.2,3.0,0.0,1.12,9.7
2024-07-10,12.4,1.5,0.0,1.1,9.4
2024-07-11,10.9,2.0,0.0,0.94,10.6
2024-07-12,9.9,-0.6,0.0,0.93,12.0
2024-07-13,12.6,0.6,0.0,1.21,14.2
2024-07-14,13.0,3.0,0.0,1.61,20.5
2024-07-15,11.9,8.7,16.1,0.9,36.7
2024-07-16,14.8,7.2,1.3,0.69,16.9
2024-07-17,10.1,6.8,7.7,0.38,9.5
2024-07-18,14.5,3.2,0.1,1.25,10.9
2024-07-19,12.6,6.1,21.7,0.5,22.9
2024-07-20,12.7,9.1,16.5,0.43,21.9
2024-07-21,12.9,9.1,12.3,0.54,15.8
2024-07-22,12.6,6.3,3.2,0.72,13.0
2024-07-23,13.0,3.0,0.2,1.3,25.3
2024-07-24,12.9,2.2,0.0,1.23,20.7
2024-07-25,14.0,2.0,0.0,1.08,18.6
2024-07-26,13.6,3.5,0.1,1.1,10.5
2024-07-27,13.2,5.1,0.4,0.95,9.0
2024-07-28,12.9,3.8,0.1,0.71,14.5
2024-07-29,13.1,5.3,11.9,0.62,28.1
2024-07-30,13.0,9.4,20.3,0.76,19.6
2024-07-31,14.8,8.8,1.2,1.23,11.2
2024-08-01,10.9,6.1,2.9,0.71,14.7
2024-08-02,13.1,3.5,0.0,1.55,15.8
2024-08-03,11.8,0.8,0.0,1.55,14.1
2024-08-04,11.9,0.8,0.0,1.43,9.3
2024-08-05,11.3,1.0,0.3,0.9,12.5
2024-08-06,12.6,0.6,0.0,1.42,9.8
2024-08-07,11.6,0.6,0.0,1.23,12.0
2024-08-08,10.9,4.1,9.4,0.51,22.0
2024-08-09,13.1,5.8,0.5,1.22,14.8
2024-08-10,13.6,5.3,0.2,1.42,20.9
2024-08-11,12.6,3.7,0.2,1.17,15.8
2024-08-12,13.7,6.6,0.9,1.45,37.8
2024-08-13,11.9,4.6,0.0,2.0,25.7
2024-08-14,13.2,0.6,0.0,1.71,14.6
2024-08-15,12.0,5.6,0.7,0.92,18.0
2024-08-16,14.2,8.4,0.2,1.02,17.9
2024-08-17,13.6,10.6,18.2,0.52,29.6
2024-08-18,15.1,11.1,21.5,0.63,43.4
2024-08-19,11.9,6.7,7.8,1.42,37.4
2024-08-20,11.6,3.5,0.3,1.51,26.9
2024-08-21,12.6,1.9,0.0,1.5,18.1
2024-08-22,12.8,2.0,0.1,1.48,10.5
2024-08-23,14.1,3.8,0.8,1.47,22.0
2024-08-24,14.6,4.6,11.0,1.13,20.5
2024-08-25,14.6,4.2,0.3,1.43,19.2
2024-08-26,15.1,7.3,12.9,0.99,20.2
2024-08-27,15.2,10.8,9.0,1.08,22.7
2024-08-28,14.6,9.1,5.3,1.7,29.2
2024-08-29,15.8,9.8,14.3,0.64,29.9
2024-08-30,14.2,7.8,0.8,1.68,26.9
2024-08-31,16.7,8.5,4.7,1.13,29.6
2024-09-01,16.9,5.8,26.0,2.11,33.2
2024-09-02,16.2,5.6,0.0,2.04,9.7
2024-09-03,16.2,7.8,4.1,1.14,30.5
2024-09-04,13.5,5.3,0.3,2.01,24.0
2024-09-05,14.1,2.5,0.0,2.1,19.9
2024-09-06,14.3,4.6,0.1,1.66,26.1
2024-09-07,15.9,11.1,2.3,1.44,30.9
2024-09-08,13.9,8.1,4.0,2.31,32.8
2024-09-09,14.4,6.1,1.5,2.35,20.9
2024-09-10,14.7,10.1,2.2,1.42,22.7
2024-09-11,13.9,5.3,0.0,2.54,27.0
2024-09-12,14.4,3.2,0.1,1.9,17.3
2024-09-13,13.7,6.1,1.7,1.14,20.8
2024-09-14,15.3,10.5,35.9,0.74,17.7
2024-09-15,14.5,7.4,0.2,1.68,22.2
2024-09-16,13.6,3.5,10.5,1.08,22.7
2024-09-17,10.3,4.5,3.9,1.57,31.1
2024-09-18,11.8,2.4,0.1,1.98,30.6
2024-09-19,14.4,7.2,2.2,1.76,31.2
2024-09-20,14.1,9.4,4.6,1.5,25.8
2024-09-21,15.1,8.5,0.2,2.71,16.4
2024-09-22,15.9,6.1,17.4,1.3,22.7
2024-09-23,14.6,6.8,0.7,2.1,23.6
2024-09-24,14.8,9.1,1.3,1.76,35.3
2024-09-25,14.9,4.6,0.0,2.59,21.7
2024-09-26,14.3,5.1,0.8,1.98,19.1
2024-09-27,14.1,6.8,8.6,1.75,33.5
2024-09-28,14.2,3.7,0.1,2.27,24.3
2024-09-29,14.4,6.1,0.0,2.42,30.0
2024-09-30,16.8,4.1,0.0,2.66,19.1
2024-10-01,16.1,7.7,0.4,2.1,17.6
2024-10-02,15.2,9.4,5.3,1.56,36.4
2024-10-03,17.1,5.9,44.7,2.16,40.5
2024-10-04,16.1,3.2,0.0,2.74,10.6
2024-10-05,17.0,5.9,18.3,2.34,21.1
2024-10-06,15.7,8.9,11.6,1.45,25.0
2024-10-07,15.9,11.4,22.1,1.09,29.9
2024-10-08,16.6,9.9,7.1,2.76,21.3
2024-10-09,14.1,8.1,3.9,2.21,28.4
2024-10-10,14.4,5.4,3.3,2.64,13.1
2024-10-11,16.0,4.5,4.7,3.21,14.9
2024-10-12,15.0,6.3,0.0,2.45,37.2
2024-10-13,15.1,10.0,7.5,2.03,20.4
2024-10-14,13.6,7.7,2.7,2.46,20.9
2024-10-15,16.3,7.3,0.0,2.66,25.0
2024-10-16,16.2,4.7,0.0,3.52,12.5
2024-10-17,16.5,4.7,0.0,3.13,10.7
2024-10-18,16.5,6.5,0.2,2.59,16.1
2024-10-19,16.9,8.0,0.1,3.13,15.2
2024-10-20,17.9,8.3,0.3,3.33,12.0
2024-10-21,17.6,9.9,0.0,3.0,21.4
2024-10-22,18.5,7.8,0.1,2.59,18.0
2024-10-23,17.9,9.4,0.4,2.8,16.6
2024-10-24,17.4,10.2,0.1,3.1,21.8
2024-10-25,20.0,11.8,0.4,2.77,24.6
2024-10-26,20.2,14.2,34.0,1.87,34.7
2024-10-27,17.6,10.0,3.3,3.2,27.2
2024-10-28,14.9,8.2,3.1,2.64,30.8
2024-10-29,16.6,10.3,14.3,2.74,28.4
2024-10-30,15.0,8.0,4.4,3.33,24.6
2024-10-31,16.0,9.5,0.6,2.65,24.5
2024-11-01,17.6,11.1,0.2,3.1,21.5
2024-11-02,18.0,11.0,3.2,2.78,26.9
2024-11-03,15.4,7.1,0.0,3.41,22.5
2024-11-04,16.3,6.0,0.2,3.24,20.0
2024-11-05,16.4,5.7,0.1,2.66,19.4
2024-11-06,18.2,10.9,1.1,2.24,11.0
2024-11-07,19.6,12.5,6.0,2.82,16.1
2024-11-08,19.4,10.9,2.2,3.32,19.8
2024-11-09,20.6,9.3,0.3,3.21,19.4
2024-11-10,19.8,13.6,13.9,1.82,20.4
2024-11-11,17.6,10.9,9.0,3.4,21.8
2024-11-12,19.2,8.8,2.0,3.64,17.1
2024-11-13,20.5,10.4,2.9,3.77,23.7
2024-11-14,19.0,14.4,9.8,1.5,30.0
2024-11-15,17.4,13.8,36.8,0.73,26.6
2024-11-16,18.1,12.1,0.2,3.67,26.8
2024-11-17,17.9,9.7,0.3,4.12,16.8
2024-11-18,18.5,7.5,0.0,4.4,13.0
2024-11-19,19.2,8.6,0.0,4.04,17.8
2024-11-20,17.2,9.9,6.1,2.85,25.7
2024-11-21,14.6,7.8,2.7,2.73,36.0
2024-11-22,16.3,7.6,0.0,4.05,29.4
2024-11-23,15.4,11.2,0.1,2.78,23.8
2024-11-24,18.4,8.5,0.3,4.01,17.7
2024-11-25,16.5,8.2,1.0,2.28,22.7
2024-11-26,19.1,13.9,2.4,2.06,25.3
2024-11-27,19.5,10.5,0.0,2.92,21.2
2024-11-28,20.6,13.9,0.0,4.5,18.6
2024-11-29,20.4,13.9,1.0,2.8,19.7
2024-11-30,18.9,14.7,3.7,1.41,22.7
2024-12-01,20.0,13.2,5.9,2.67,19.2
2024-12-02,22.2,11.6,0.7,3.66,11.1
2024-12-03,22.5,12.8,0.5,4.19,16.6
2024-12-04,22.4,14.1,0.1,4.11,21.5
2024-12-05,20.7,13.4,0.8,2.59,24.5
2024-12-06,23.5,12.9,0.0,5.04,24.3
2024-12-07,20.4,12.4,0.7,3.48,17.3
2024-12-08,19.4,11.3,3.2,2.76,22.7
2024-12-09,19.3,14.0,14.3,1.21,26.1
2024-12-10,18.8,9.3,0.0,3.78,19.0
2024-12-11,22.6,8.6,0.0,4.54,11.4
2024-12-12,19.6,14.9,18.6,1.52,20.1
2024-12-13,20.6,13.4,2.0,4.53,23.4
2024-12-14,23.8,13.4,0.0,4.54,13.6
2024-12-15,25.1,13.2,0.0,5.24,13.5
2024-12-16,22.0,12.6,0.1,3.16,17.3
2024-12-17,20.1,10.5,1.1,4.73,21.5
2024-12-18,21.5,7.8,0.2,4.61,25.0
2024-12-19,24.4,10.2,1.2,4.74,17.0
2024-12-20,21.4,15.3,2.5,4.46,19.6
2024-12-21,19.1,14.1,23.1,2.71,29.0
2024-12-22,21.3,15.1,5.7,3.93,16.8
2024-12-23,21.0,13.8,3.0,4.18,22.6
2024-12-24,22.9,12.8,0.0,4.53,16.8
2024-12-25,20.8,10.5,3.9,3.31,14.3
2024-12-26,20.0,14.7,23.4,2.91,21.7
2024-12-27,19.6,12.2,0.0,4.89,41.9
2024-12-28,23.0,10.3,0.0,5.6,27.1
2024-12-29,23.9,10.1,0.0,5.28,17.1
2024-12-30,20.0,12.6,1.3,3.62,27.9
2024-12-31,19.1,12.2,1.3,3.39,37.0
2025-01-01,19.5,11.4,0.3,3.57,23.0
2025-01-02,20.1,11.8,0.7,3.68,26.1
2025-01-03,18.7,11.2,3.8,2.92,27.1
2025-01-04,18.7,11.2,1.6,3.78,36.0
2025-01-05,17.5,8.6,0.0,3.84,20.2
2025-01-06,18.3,10.9,0.0,3.74,33.7
2025-01-07,21.8,11.6,0.0,4.39,29.6
2025-01-08,21.1,11.2,1.6,3.18,26.3
2025-01-09,23.1,10.6,0.0,5.32,21.2
2025-01-10,22.2,13.3,0.4,5.98,25.7
2025-01-11,21.4,10.6,3.0,4.94,21.8
2025-01-12,20.5,9.1,1.8,5.43,25.4
2025-01-13,21.4,9.6,0.0,5.37,26.5
2025-01-14,23.3,9.6,0.0,5.68,26.0
2025-01-15,24.8,9.6,0.0,5.02,20.5
2025-01-16,24.5,10.6,0.0,4.93,24.2
2025-01-17,24.9,15.4,0.2,4.62,21.0
2025-01-18,22.5,15.8,0.9,4.13,18.5
2025-01-19,25.0,14.4,0.0,5.86,25.4
2025-01-20,24.8,12.7,0.0,5.67,23.9
2025-01-21,20.4,15.2,11.3,2.25,21.6
2025-01-22,24.5,15.3,2.8,4.24,11.3
2025-01-23,23.8,13.9,0.0,4.46,21.6
2025-01-24,24.9,14.9,0.2,4.36,14.8
2025-01-25,27.1,14.6,4.3,5.04,30.4
2025-01-26,20.0,16.9,28.8,1.44,33.8
2025-01-27,20.1,12.2,0.3,4.54,35.1
2025-01-28,21.4,9.0,0.0,4.83,10.7
2025-01-29,21.0,13.4,0.8,3.85,19.3
2025-01-30,21.2,11.8,2.1,2.7,12.8
2025-01-31,22.7,12.6,0.4,3.51,9.9
2025-02-01,24.4,13.3,0.3,4.45,15.3
2025-02-02,25.4,14.2,0.4,4.72,14.3
2025-02-03,23.5,13.4,0.3,3.94,14.1
2025-02-04,25.2,13.4,0.0,4.65,17.6
2025-02-05,24.8,12.5,0.1,4.1,18.9
2025-02-06,25.3,11.2,0.0,4.87,20.2
2025-02-07,24.8,15.8,0.4,4.6,16.7
2025-02-08,24.3,14.3,1.8,4.17,14.4
2025-02-09,24.4,14.1,0.8,4.72,18.6
2025-02-10,24.4,13.9,0.9,3.55,13.8
2025-02-11,24.4,14.6,9.6,3.85,13.4
2025-02-12,24.1,11.9,0.0,4.81,11.4
2025-02-13,24.3,13.4,0.1,4.14,15.7
2025-02-14,24.2,14.2,0.8,4.51,17.4
2025-02-15,22.4,14.2,0.0,4.3,24.1
2025-02-16,22.0,15.7,0.1,2.98,23.6
2025-02-17,23.5,17.8,2.9,2.48,34.2
2025-02-18,24.3,17.0,2.0,3.82,22.8
2025-02-19,21.5,15.4,4.0,1.86,22.0
2025-02-20,24.4,15.6,2.4,4.2,13.3
2025-02-21,21.6,13.8,1.4,3.53,27.0
2025-02-22,23.0,10.9,0.0,4.55,21.9
2025-02-23,21.7,11.5,0.3,3.64,19.0
2025-02-24,24.9,10.5,0.0,4.21,13.9
2025-02-25,23.6,12.8,0.1,4.16,17.4
2025-02-26,22.5,11.9,0.1,3.16,15.4
2025-02-27,25.1,13.1,0.0,4.02,17.6
2025-02-28,25.5,13.6,0.5,3.93,22.1
2025-03-01,24.0,15.0,1.4,3.95,16.5
2025-03-02,23.0,12.4,0.0,3.28,18.5
2025-03-03,23.9,14.1,0.1,3.87,19.1
2025-03-04,20.6,14.2,11.5,1.68,18.5
2025-03-05,18.4,10.4,0.0,3.96,31.0
2025-03-06,18.9,7.0,0.0,4.16,19.3
2025-03-07,21.2,6.2,0.0,4.09,20.1
2025-03-08,20.1,8.2,1.0,2.62,22.0
2025-03-09,22.8,10.0,0.0,4.09,20.7
2025-03-10,24.2,9.7,0.0,4.17,13.5
2025-03-11,21.9,11.0,0.0,3.71,26.1
2025-03-12,21.6,13.4,0.6,3.77,24.2
2025-03-13,22.9,11.9,0.0,3.95,17.3
2025-03-14,23.6,8.2,0.0,3.9,16.2
2025-03-15,20.7,9.2,0.4,2.78,19.2
2025-03-16,23.5,10.0,0.0,2.89,15.7
2025-03-17,23.5,15.0,1.9,2.49,19.6
2025-03-18,21.1,13.8,7.2,1.93,31.8
2025-03-19,16.2,10.3,8.0,1.26,12.0
2025-03-20,21.9,9.7,0.0,3.3,19.0
2025-03-21,23.5,9.3,0.0,3.3,16.0
2025-03-22,21.5,10.8,0.0,3.25,13.9
2025-03-23,20.9,10.5,0.4,2.97,19.2
2025-03-24,22.4,12.9,0.0,2.53,14.8
2025-03-25,22.2,12.7,0.8,2.74,15.9
2025-03-26,22.5,10.1,0.0,3.08,11.1
2025-03-27,20.8,10.1,0.0,2.71,21.1
2025-03-28,21.0,13.8,1.1,2.71,20.2
2025-03-29,22.0,12.5,0.0,3.21,16.7
2025-03-30,21.2,11.2,0.1,2.66,10.3
2025-03-31,21.0,10.8,0.0,2.69,15.1
2025-04-01,21.3,10.3,0.0,2.65,17.9
2025-04-02,19.7,14.5,1.7,1.74,24.3
2025-04-03,17.5,15.8,8.9,1.09,29.8
2025-04-04,19.5,15.7,16.1,0.6,35.7
2025-04-05,20.1,11.7,0.9,2.37,20.4
2025-04-06,19.5,10.6,5.4,2.04,19.0
2025-04-07,18.2,13.7,3.3,1.97,25.8
2025-04-08,17.4,11.9,6.8,1.61,28.5
2025-04-09,17.0,8.8,0.0,2.39,22.9
2025-04-10,17.4,5.2,0.0,2.06,6.5
2025-04-11,18.2,5.8,0.0,2.14,12.9
2025-04-12,18.4,7.2,0.0,2.39,14.4
2025-04-13,21.6,8.1,0.0,2.59,10.0
2025-04-14,20.1,7.9,0.0,2.47,7.8
2025-04-15,21.0,9.2,0.0,2.91,24.8
2025-04-16,19.0,14.1,2.8,2.68,29.1
2025-04-17,18.8,14.8,12.3,2.12,39.8
2025-04-18,20.2,17.3,9.6,0.99,37.1
2025-04-19,20.6,17.1,25.6,1.19,30.2
2025-04-20,21.3,16.5,18.6,1.49,25.9
2025-04-21,20.1,15.9,2.8,1.07,13.3
2025-04-22,19.6,12.7,0.5,1.73,14.5
2025-04-23,19.2,9.4,0.1,2.33,16.3
2025-04-24,15.9,7.1,0.0,2.16,13.2
2025-04-25,16.9,7.3,0.0,1.84,19.8
2025-04-26,18.0,12.1,0.1,1.7,23.6
2025-04-27,18.9,13.6,0.5,1.4,18.9
2025-04-28,20.5,15.1,0.8,1.69,17.6
2025-04-29,21.0,14.4,0.2,2.12,27.3
2025-04-30,19.5,15.5,16.6,1.1,30.4
2025-05-01,16.0,11.9,9.9,0.87,31.8
2025-05-02,15.4,8.6,0.0,1.96,20.8
2025-05-03,16.0,8.1,0.0,2.08,22.7
2025-05-04,16.1,5.2,0.0,1.79,15.7
2025-05-05,15.1,4.4,0.0,1.71,5.3
2025-05-06,14.4,2.7,0.0,1.59,6.6
2025-05-07,16.4,5.1,0.0,1.52,5.8
2025-05-08,17.5,6.2,4.9,1.01,22.0
2025-05-09,16.9,12.4,76.7,0.33,27.5
2025-05-10,15.6,7.5,0.0,1.6,17.8
2025-05-11,16.8,5.2,0.0,1.57,10.1
2025-05-12,15.9,4.0,0.0,1.47,5.6
2025-05-13,16.2,6.7,0.4,1.14,23.4
2025-05-14,16.5,8.8,0.0,1.31,13.3
2025-05-15,16.0,6.8,0.0,1.51,22.8
2025-05-16,17.2,10.4,0.5,1.18,19.3
2025-05-17,16.4,7.4,0.3,1.22,16.2
2025-05-18,17.9,13.0,29.6,0.71,25.0
2025-05-19,15.2,6.8,0.7,1.49,24.2
2025-05-20,14.6,4.4,0.0,1.36,22.9
2025-05-21,14.0,2.4,0.0,1.28,8.8
2025-05-22,13.4,1.2,0.2,1.11,8.6
2025-05-23,14.8,6.3,0.9,1.25,13.2
2025-05-24,14.4,5.2,0.0,1.34,14.1
2025-05-25,15.7,6.3,0.0,1.39,19.6
2025-05-26,15.9,9.7,12.5,0.76,22.1
2025-05-27,16.8,9.9,11.6,0.96,10.3
2025-05-28,15.0,8.6,21.5,0.32,26.6
2025-05-29,14.8,11.0,19.8,0.53,27.1
2025-05-30,15.4,11.4,0.9,1.35,32.7
2025-05-31,15.5,11.7,0.0,1.82,32.7
2025-06-01,15.4,9.1,0.0,1.71,30.2
2025-06-02,15.1,6.9,0.2,1.16,22.4
2025-06-03,14.8,7.6,0.4,0.99,12.3
2025-06-04,17.0,7.2,53.3,0.37,32.3
2025-06-05,16.1,8.8,1.5,0.82,28.6
2025-06-06,11.4,7.8,9.5,0.86,10.8
2025-06-07,10.9,2.2,0.0,1.15,14.9
2025-06-08,11.4,2.3,0.5,1.15,13.8
2025-06-09,12.1,4.9,5.7,0.69,10.1
2025-06-10,12.4,2.7,23.1,0.75,28.3
2025-06-11,16.3,10.0,18.8,0.76,27.3
2025-06-12,14.3,10.1,5.0,0.63,15.6
2025-06-13,14.4,8.7,5.6,0.82,18.6
2025-06-14,13.9,6.9,0.0,0.95,12.9
2025-06-15,13.0,5.0,1.0,1.04,12.2
2025-06-16,13.5,3.8,0.0,1.16,14.9
2025-06-17,12.6,2.7,0.0,1.12,9.6
2025-06-18,11.8,0.6,0.1,0.86,8.3
2025-06-19,12.0,2.3,21.4,0.43,17.2
2025-06-20,13.6,7.6,0.5,0.84,21.1
2025-06-21,12.1,4.1,0.0,0.99,12.0
2025-06-22,11.5,2.4,0.0,1.13,23.0
2025-06-23,14.1,6.8,0.4,1.38,29.4
2025-06-24,13.2,3.9,0.0,0.98,9.9
2025-06-25,12.4,3.4,0.0,0.92,19.4
2025-06-26,15.7,9.5,6.0,0.74,31.8
2025-06-27,14.8,11.1,35.6,0.39,43.6
2025-06-28,12.7,11.2,11.8,0.51,23.7
2025-06-29,13.9,9.5,1.3,1.02,27.1
2025-06-30,13.8,6.9,0.0,1.06,26.9
2025-07-01,11.9,3.8,0.0,0.98,10.0
2025-07-02,13.7,3.5,0.5,0.96,25.0
2025-07-03,15.6,11.6,40.7,0.5,34.5
2025-07-04,15.9,12.8,36.8,0.56,22.0
2025-07-05,15.4,9.0,13.0,0.68,19.2
2025-07-06,12.8,5.2,0.0,1.08,13.0
2025-07-07,10.6,1.4,0.0,0.81,5.8
2025-07-08,12.0,1.5,0.0,1.04,9.4
2025-07-09,11.8,6.5,0.4,0.93,21.0
2025-07-10,13.5,9.9,1.1,0.6,22.0
2025-07-11,13.1,11.1,88.1,0.44,42.3
2025-07-12,13.8,7.8,9.2,0.72,16.1
2025-07-13,13.0,7.3,6.8,0.58,21.9
2025-07-14,13.4,5.6,0.5,0.9,9.7
2025-07-15,11.3,5.2,4.6,0.55,23.3
2025-07-16,13.2,8.1,1.4,1.43,32.1
2025-07-17,9.8,6.8,16.9,0.5,21.3
2025-07-18,11.8,3.0,6.0,1.07,23.6
2025-07-19,12.1,0.3,0.0,1.01,8.3
2025-07-20,11.8,2.5,0.3,1.2,13.7
2025-07-21,11.2,1.5,0.0,1.21,14.8
2025-07-22,9.6,-1.9,0.0,1.12,11.1
2025-07-23,12.4,-2.0,0.0,1.29,11.4
2025-07-24,12.1,-2.4,0.0,1.34,9.3
2025-07-25,12.1,-2.2,0.0,1.35,7.9
2025-07-26,12.9,0.9,0.2,0.99,21.6
2025-07-27,13.2,2.8,0.0,1.16,18.9
2025-07-28,13.5,4.5,0.0,1.34,33.7
2025-07-29,13.4,10.9,65.8,0.58,40.4
2025-07-30,13.8,8.3,14.2,0.86,24.7
2025-07-31,13.2,4.8,1.4,1.01,7.5
2025-08-01,12.2,4.0,0.0,1.32,15.4
2025-08-02,12.4,-0.5,0.0,1.31,18.3
2025-08-03,11.9,0.9,0.0,1.42,13.8
2025-08-04,12.1,0.9,0.0,1.34,10.5
2025-08-05,12.7,4.3,0.0,1.3,18.1
2025-08-06,12.9,3.3,0.0,1.39,23.2
2025-08-07,13.1,6.3,0.2,1.04,24.7
2025-08-08,12.3,8.4,22.0,0.7,28.4
2025-08-09,10.2,3.8,0.1,1.57,29.7
2025-08-10,10.3,3.0,0.0,1.58,34.3
2025-08-11,11.2,-0.1,0.0,1.51,12.7
2025-08-12,12.2,-0.7,0.1,1.42,11.5
2025-08-13,12.4,2.5,0.2,1.61,8.4
2025-08-14,12.2,-0.2,0.1,1.65,12.5
2025-08-15,12.4,0.2,0.0,1.55,12.0
2025-08-16,12.6,-0.1,2.2,1.24,24.9
2025-08-17,14.2,6.8,25.2,0.73,21.2
2025-08-18,13.9,4.7,9.6,0.97,23.7
2025-08-19,10.9,4.8,7.6,1.21,25.5
2025-08-20,11.4,2.6,0.0,1.92,30.6
2025-08-21,12.7,0.8,0.0,1.84,12.9
2025-08-22,12.0,2.2,0.6,1.68,9.2
2025-08-23,11.4,0.3,0.5,1.51,12.1
2025-08-24,13.0,4.3,0.8,1.37,19.4
2025-08-25,14.4,6.1,0.5,1.75,17.5
2025-08-26,15.1,4.6,0.0,1.99,17.1
2025-08-27,16.9,4.8,0.0,1.96,19.5
2025-08-28,14.9,3.0,10.5,1.41,20.8
2025-08-29,12.6,8.9,6.5,1.39,34.1
2025-08-30,13.1,8.1,5.6,1.26,23.4
2025-08-31,11.8,8.6,16.6,0.97,46.3
2025-09-01,13.5,8.6,0.4,2.28,33.2
2025-09-02,13.3,8.8,1.5,1.65,30.8
2025-09-03,14.4,3.5,0.0,2.1,11.4
2025-09-04,14.6,4.4,0.5,1.78,15.5
2025-09-05,15.1,6.9,2.8,1.49,25.1
2025-09-06,12.6,5.3,11.7,0.9,23.6
2025-09-07,12.6,4.6,0.4,1.96,34.0
2025-09-08,13.4,0.8,0.0,2.32,11.5
2025-09-09,13.2,2.5,0.2,2.05,16.7
2025-09-10,13.8,7.2,15.7,1.66,33.2
2025-09-11,12.6,6.9,0.1,2.08,24.2
2025-09-12,10.1,6.2,33.6,0.85,34.4
2025-09-13,12.7,8.4,6.7,1.76,40.8
2025-09-14,13.4,8.5,2.2,2.05,40.9
2025-09-15,14.1,5.9,0.8,1.72,27.5
2025-09-16,15.6,10.3,0.4,2.03,31.0
2025-09-17,15.4,11.8,1.1,1.9,23.4
2025-09-18,13.8,9.4,25.4,0.66,32.3
2025-09-19,13.6,5.2,1.6,2.37,20.5
2025-09-20,12.9,1.8,0.0,2.57,18.1
2025-09-21,13.8,5.2,0.7,1.47,36.1
2025-09-22,14.1,11.2,7.3,0.93,26.4
2025-09-23,14.6,11.6,12.6,0.69,26.7
2025-09-24,14.8,12.6,39.9,0.59,23.8
2025-09-25,14.9,8.4,0.9,1.99,25.0
2025-09-26,14.4,5.9,7.0,1.93,26.1
2025-09-27,16.7,6.1,2.0,2.58,13.4
2025-09-28,18.3,10.4,0.9,2.23,18.5
2025-09-29,15.1,8.5,3.9,1.17,24.5
2025-09-30,13.8,4.7,0.1,2.29,19.9
2025-10-01,14.0,6.3,0.4,1.85,31.2
2025-10-02,16.5,6.6,5.1,1.49,20.0
2025-10-03,16.7,13.2,13.6,0.76,14.5
2025-10-04,15.6,10.0,17.4,1.98,24.7
2025-10-05,14.9,8.4,0.8,2.72,21.4
2025-10-06,15.4,9.5,1.2,2.25,26.0
2025-10-07,13.8,9.4,11.9,2.0,38.6
2025-10-08,14.0,6.9,0.1,2.26,21.4
2025-10-09,15.7,6.4,2.2,1.72,16.8
2025-10-10,18.1,13.6,0.6,1.91,23.0
2025-10-11,18.0,13.5,1.1,1.83,28.3
2025-10-12,16.4,14.5,10.7,1.42,29.5
2025-10-13,17.2,14.2,29.7,0.98,34.1
2025-10-14,17.9,9.9,38.7,1.64,32.8
2025-10-15,13.9,6.8,0.8,2.3,24.5
2025-10-16,15.6,9.1,0.3,2.64,28.7
2025-10-17,17.7,6.0,0.0,3.58,12.1
2025-10-18,16.1,5.9,0.2,2.56,17.4
2025-10-19,17.0,7.6,2.6,2.09,27.6
2025-10-20,18.3,6.0,0.5,2.41,22.8
2025-10-21,17.5,14.0,6.9,1.47,34.4
2025-10-22,18.5,10.4,1.1,3.9,16.8
2025-10-23,17.6,9.8,13.9,0.88,29.8
2025-10-24,16.5,7.6,0.7,3.34,18.8
2025-10-25,14.7,5.8,0.1,2.51,23.5
2025-10-26,14.4,8.9,2.2,3.05,27.0
2025-10-27,16.6,12.4,12.8,1.37,31.5
2025-10-28,15.9,8.2,25.8,1.85,35.5
2025-10-29,14.8,8.2,0.5,2.9,31.2
2025-10-30,15.6,7.2,0.0,2.96,17.1
2025-10-31,16.0,7.6,0.0,3.15,26.1
2025-11-01,18.1,5.5,1.0,3.46,18.3
2025-11-02,17.1,8.8,0.8,2.53,12.3
2025-11-03,19.0,6.9,0.0,3.86,7.7
2025-11-04,19.0,7.6,0.0,4.32,17.0
2025-11-05,21.5,6.1,0.0,4.34,11.7
2025-11-06,20.9,8.4,0.3,3.43,14.0
2025-11-07,22.0,9.9,1.1,4.07,12.3
2025-11-08,22.8,11.7,0.5,4.68,13.7
2025-11-09,22.7,10.5,0.0,4.71,14.3
2025-11-10,21.0,12.4,4.3,2.43,21.0
2025-11-11,19.2,11.9,3.8,3.24,17.6
2025-11-12,19.0,12.1,32.8,2.36,34.8
2025-11-13,18.8,11.8,4.5,3.58,43.8
2025-11-14,17.2,10.9,1.2,3.52,26.4
2025-11-15,17.1,8.2,3.5,3.37,25.9
2025-11-16,18.7,5.8,0.0,4.71,12.8
2025-11-17,20.8,8.6,0.0,3.79,24.5
2025-11-18,21.1,13.6,16.2,2.22,29.7
2025-11-19,21.2,15.1,28.4,1.74,25.2
2025-11-20,20.5,13.2,0.9,3.04,15.4
2025-11-21,23.4,11.6,0.0,4.43,17.2
2025-11-22,22.0,9.1,0.0,4.57,12.6
2025-11-23,20.5,12.4,0.7,3.91,17.7
2025-11-24,21.2,11.6,0.0,4.79,13.2
2025-11-25,21.0,13.4,0.5,3.93,21.9
2025-11-26,22.4,14.6,1.1,3.73,19.0
2025-11-27,23.2,15.4,1.8,3.8,20.3
2025-11-28,21.4,13.2,3.6,2.57,22.0
2025-11-29,21.2,10.9,0.0,4.93,20.4
2025-11-30,20.4,9.4,31.7,2.58,20.8
2025-12-01,19.8,12.9,0.1,4.33,21.5
2025-12-02,22.8,10.7,1.3,4.47,16.7
2025-12-03,21.9,13.6,33.9,2.59,21.9
2025-12-04,17.7,11.6,0.8,4.06,36.6
2025-12-05,18.9,12.6,0.3,3.75,27.3
2025-12-06,22.7,11.3,0.0,4.94,18.5
2025-12-07,24.7,12.3,0.0,5.46,17.2
2025-12-08,25.8,11.8,0.0,5.82,11.2
2025-12-09,26.2,13.8,0.0,5.64,12.7
2025-12-10,25.9,12.1,0.0,5.47,13.5
2025-12-11,25.4,12.3,0.1,5.36,14.1
2025-12-12,22.5,11.8,0.0,4.81,23.8
2025-12-13,22.6,8.6,0.0,5.34,16.6
2025-12-14,21.0,10.2,0.0,5.02,17.3
2025-12-15,21.9,10.5,0.0,4.44,21.4
2025-12-16,21.4,13.2,19.8,2.61,27.1
2025-12-17,15.9,9.6,2.6,3.67,26.1
2025-12-18,18.5,8.4,0.7,4.05,21.5
2025-12-19,18.2,12.9,3.2,3.04,27.4
2025-12-20,17.0,12.1,1.1,3.29,26.9
2025-12-21,17.6,10.3,0.1,3.56,24.6
2025-12-22,19.6,8.5,1.0,2.88,13.2
2025-12-23,20.5,16.2,9.1,1.62,33.8
2025-12-24,20.8,12.1,13.0,3.94,32.6
2025-12-25,21.0,9.2,0.1,5.17,14.4
2025-12-26,21.5,10.8,4.4,3.09,23.2
2025-12-27,19.4,12.6,2.2,3.18,15.4
2025-12-28,20.5,10.1,0.7,4.29,15.7
2025-12-29,20.0,13.0,6.7,3.07,54.2
2025-12-30,23.0,16.0,9.0,4.43,35.4
2025-12-31,20.6,15.9,15.9,2.77,32.4
2026-01-01,20.2,14.7,5.2,3.19,18.6
2026-01-02,21.4,14.1,4.0,4.61,12.7
2026-01-03,19.5,14.2,33.2,2.43,18.4
2026-01-04,22.2,12.4,0.7,4.63,11.2
2026-01-05,23.9,13.4,0.6,4.89,15.1
2026-01-06,22.8,12.1,0.3,4.79,15.3
2026-01-07,22.7,12.7,0.1,5.04,20.1
2026-01-08,23.9,13.4,0.0,4.53,21.9
2026-01-09,21.9,14.9,0.3,3.89,30.9
2026-01-10,23.0,15.1,0.0,4.65,21.5
2026-01-11,24.0,13.2,0.0,5.15,16.7
2026-01-12,21.0,13.5,0.6,3.81,21.5
2026-01-13,23.7,11.1,0.3,4.78,22.4
2026-01-14,24.2,16.5,2.5,4.12,17.7
2026-01-15,22.8,16.9,20.5,2.04,21.4
2026-01-16,22.0,15.1,16.4,3.71,21.3
2026-01-17,22.6,12.1,0.4,4.27,20.2
2026-01-18,20.0,13.2,3.4,3.98,22.6
2026-01-19,22.9,14.7,0.0,4.62,27.1
2026-01-20,17.1,15.0,22.5,1.95,25.2
2026-01-21,16.9,15.4,38.0,1.36,33.6
2026-01-22,21.0,17.5,3.9,1.94,37.2
2026-01-23,20.2,14.9,4.3,3.27,26.3
2026-01-24,16.3,12.1,7.6,2.4,38.5
2026-01-25,17.8,12.9,8.4,2.57,35.1
2026-01-26,18.2,13.0,2.4,2.55,21.5
2026-01-27,19.9,11.2,1.0,3.53,10.3
2026-01-28,22.2,12.2,0.7,4.32,15.1
2026-01-29,22.1,12.9,0.0,4.42,19.9
2026-01-30,23.7,13.9,0.0,4.78,17.1
2026-01-31,24.3,13.4,0.2,4.57,14.5
2026-02-01,22.5,11.4,0.0,4.71,9.9
2026-02-02,23.8,12.9,4.4,1.82,22.7
2026-02-03,21.1,15.9,3.3,2.87,24.8
2026-02-04,22.4,15.1,3.4,3.71,11.5
2026-02-05,23.0,12.4,0.0,4.17,14.9
2026-02-06,20.2,13.2,0.2,3.88,23.1
2026-02-07,22.8,13.5,0.1,3.35,26.1
2026-02-08,23.0,14.8,0.1,4.42,21.5
2026-02-09,23.6,14.6,0.2,3.67,14.1
2026-02-10,23.9,16.1,0.2,4.06,11.0
2026-02-11,25.4,15.8,0.1,4.59,10.3
2026-02-12,23.7,14.9,1.0,4.42,23.3
2026-02-13,22.8,18.3,45.8,1.54,27.3
2026-02-14,22.0,16.6,8.1,1.91,22.9
2026-02-15,16.8,12.6,15.4,2.48,39.7
2026-02-16,18.8,12.6,8.5,2.25,28.2
2026-02-17,19.8,12.8,3.3,3.09,19.3
2026-02-18,20.4,12.1,0.6,3.67,19.7
2026-02-19,19.8,12.6,1.6,2.38,25.2
2026-02-20,19.7,12.7,0.1,3.24,28.7
2026-02-21,20.5,8.8,0.0,4.23,14.8
2026-02-22,20.4,10.9,0.0,3.29,24.4
2026-02-23,21.6,8.6,0.0,4.37,15.1
2026-02-24,22.6,9.3,0.0,3.63,26.3
2026-02-25,23.0,11.8,0.0,3.9,10.2
2026-02-26,22.9,14.3,0.3,3.51,15.9
2026-02-27,22.0,13.2,0.4,3.04,15.2
2026-02-28,21.5,13.1,0.9,3.61,15.0
2026-03-01,20.8,12.2,1.5,3.39,19.2
2026-03-02,16.0,8.6,0.0,3.99,36.6
2026-03-03,16.2,6.8,0.0,3.96,32.9
2026-03-04,19.0,6.5,0.0,3.89,19.4
2026-03-05,21.0,6.9,0.0,3.73,16.7
2026-03-06,20.2,7.3,0.0,3.35,15.6
2026-03-07,21.8,9.4,0.0,3.19,15.7
2026-03-08,20.3,11.2,0.4,2.74,13.6
2026-03-09,20.4,10.2,0.1,2.79,15.5
2026-03-10,21.8,11.4,0.0,3.51,15.5
2026-03-11,19.7,11.6,0.0,2.66,15.8
2026-03-12,19.7,8.9,0.0,2.88,29.1
2026-03-13,25.0,17.6,4.3,2.76,24.1
2026-03-14,21.5,13.4,4.6,3.36,25.4
2026-03-15,21.4,9.6,0.0,3.66,16.8
2026-03-16,19.6,10.0,0.3,2.78,13.2
2026-03-17,21.6,8.5,0.0,2.9,7.8
2026-03-18,21.8,9.4,0.0,3.16,14.5
2026-03-19,22.9,10.4,0.0,3.55,13.3
2026-03-20,22.4,8.7,0.0,3.54,12.8
2026-03-21,21.5,10.6,0.2,3.08,8.6
2026-03-22,22.8,12.7,0.0,2.8,7.2
2026-03-23,22.6,12.2,0.1,3.23,15.8
2026-03-24,21.1,13.1,0.0,3.06,15.6
2026-03-25,19.3,13.7,0.8,1.91,25.9
2026-03-26,16.7,15.4,37.2,1.0,40.8
2026-03-27,21.7,16.2,13.7,1.77,39.2
2026-03-28,22.3,13.0,0.3,2.64,9.2
2026-03-29,20.9,12.9,0.0,2.2,9.3
2026-03-30,21.5,14.6,3.0,2.7,18.6
2026-03-31,20.0,12.4,0.0,3.21,30.9
2026-04-01,18.5,10.4,0.0,2.15,5.8
2026-04-02,20.5,10.4,0.0,2.56,6.6
2026-04-03,18.7,10.6,0.0,2.33,8.4
2026-04-04,19.0,10.6,0.0,2.62,11.8
2026-04-05,18.9,11.9,0.0,1.92,21.7
2026-04-06,20.0,11.4,0.2,2.77,28.3
2026-04-07,16.6,13.7,12.1,1.11,32.6
2026-04-08,20.1,11.9,16.7,1.21,32.8
2026-04-09,20.5,11.2,0.0,2.53,12.6
2026-04-10,22.3,12.1,0.1,2.5,15.0
2026-04-11,22.0,14.4,2.1,2.6,21.4
2026-04-12,20.4,16.9,37.0,1.01,41.3
2026-04-13,18.1,14.4,16.4,0.58,25.1
2026-04-14,16.7,11.5,13.4,1.38,18.5
2026-04-15,16.6,10.2,10.6,1.8,32.0
2026-04-16,16.1,12.4,2.7,2.44,32.0
2026-04-17,16.5,10.5,2.0,1.69,19.0
2026-04-18,17.0,12.7,22.4,0.82,26.7
2026-04-19,18.2,11.6,14.4,1.63,24.0
2026-04-20,16.4,9.9,4.7,1.44,12.3
2026-04-21,11.6,8.6,8.5,1.06,31.0
2026-04-22,14.8,7.2,0.0,2.08,22.1
2026-04-23,14.6,3.4,0.2,1.64,12.2
2026-04-24,15.5,3.9,0.0,2.0,10.2
2026-04-25,16.8,2.8,0.0,2.08,6.5
2026-04-26,17.0,4.9,0.0,1.27,14.9
2026-04-27,16.9,7.0,0.0,1.78,6.5
2026-04-28,17.6,5.9,0.0,1.71,6.8
2026-04-29,17.5,8.5,0.2,1.38,9.7
2026-04-30,18.0,8.5,0.0,1.9,11.9
2026-05-01,15.2,5.2,0.0,1.86,8.0
2026-05-02,16.0,3.0,0.0,1.83,7.8
2026-05-03,15.6,3.0,0.0,1.66,7.4
2026-05-04,14.7,3.7,0.0,1.63,6.4
2026-05-05,16.5,4.9,0.0,1.46,10.2
2026-05-06,18.4,9.2,0.0,1.33,16.0
2026-05-07,18.6,11.7,0.2,1.27,22.3
2026-05-08,17.6,13.6,10.4,0.99,32.8
2026-05-09,16.8,11.8,10.8,1.23,21.0
2026-05-10,15.7,9.6,0.5,1.21,31.7
2026-05-11,14.2,8.9,0.0,1.13,12.1
2026-05-12,15.4,8.4,0.1,1.35,15.9
2026-05-13,14.9,4.6,0.0,1.48,11.6
2026-05-14,14.6,2.6,0.0,1.45,12.0
2026-05-15,14.1,4.0,0.0,1.46,4.6
2026-05-16,13.8,2.2,0.0,1.36,8.9
2026-05-17,15.4,3.6,0.0,1.36,12.0
2026-05-18,14.5,4.2,0.2,1.3,10.3
2026-05-19,14.6,4.2,0.1,1.29,11.2
2026-05-20,14.4,0.6,0.0,1.26,9.4
2026-05-21,15.2,4.0,0.0,1.28,13.9
2026-05-22,15.3,4.8,0.0,1.24,7.6
2026-05-23,16.8,6.1,0.0,1.15,8.0
2026-05-24,16.4,7.8,0.0,1.44,14.7
2026-05-25,13.4,3.5,0.0,1.26,7.3
2026-05-26,15.5,5.0,0.0,1.12,16.9
2026-05-27,13.9,5.7,0.0,1.02,8.7
2026-05-28,15.6,6.1,0.2,1.04,14.5
2026-05-29,14.0,6.3,0.0,1.06,8.0
2026-05-30,15.2,5.4,0.0,1.0,19.4
2026-05-31,16.3,10.5,0.3,1.04,29.5
2026-06-01,17.0,14.4,5.9,0.85,33.7
2026-06-02,17.4,13.6,39.0,0.6,35.4
2026-06-03,15.4,8.4,8.3,1.01,19.5
2026-06-04,14.4,5.4,4.9,0.58,15.7
2026-06-05,15.9,12.2,22.4,0.48,29.4
2026-06-06,14.7,10.6,13.4,0.78,20.3
2026-06-07,14.8,7.8,0.3,1.23,20.6
2026-06-08,15.0,7.6,0.1,1.37,33.7
