time,temperature_2m_max,temperature_2m_min,precipitation_sum,et0_fao_evapotranspiration,windspeed_10m_max
2015-01-01,17.7,12.2,0.7,4.18,19.2
2015-01-02,19.9,11.3,0.0,4.39,20.7
2015-01-03,20.5,11.1,0.0,4.38,16.3
2015-01-04,21.5,11.3,0.2,4.31,16.3
2015-01-05,21.8,11.6,0.0,5.09,18.5
2015-01-06,21.6,12.8,0.0,4.4,22.5
2015-01-07,20.6,14.9,0.0,4.9,16.7
2015-01-08,21.1,12.0,0.0,5.31,20.3
2015-01-09,22.0,9.3,0.0,4.78,12.8
2015-01-10,22.1,12.7,0.0,5.15,15.6
2015-01-11,21.0,11.3,0.0,4.73,22.5
2015-01-12,21.7,14.4,0.7,3.17,23.8
2015-01-13,23.0,10.9,0.0,5.04,16.2
2015-01-14,23.1,12.7,0.0,5.11,15.3
2015-01-15,23.4,13.2,0.1,4.8,14.5
2015-01-16,21.8,14.6,0.3,3.63,19.9
2015-01-17,21.8,14.5,3.8,3.28,28.8
2015-01-18,23.5,12.9,0.1,5.3,23.1
2015-01-19,21.4,14.4,1.1,3.98,22.7
2015-01-20,19.0,13.0,0.3,3.1,16.9
2015-01-21,19.0,11.2,0.0,4.48,17.9
2015-01-22,20.3,11.1,0.0,5.22,23.2
2015-01-23,22.6,9.2,0.0,5.64,11.5
2015-01-24,23.3,10.6,0.0,5.5,13.0
2015-01-25,25.8,10.9,0.0,5.93,15.9
2015-01-26,23.0,14.8,0.0,4.47,17.5
2015-01-27,24.9,14.9,0.0,4.98,16.7
2015-01-28,25.1,13.8,0.7,4.58,10.9
2015-01-29,24.7,13.4,0.0,5.15,17.2
2015-01-30,23.9,15.2,0.3,4.22,17.2
2015-01-31,23.4,16.9,7.8,2.55,15.6
2015-02-01,19.9,16.9,12.2,1.32,18.7
2015-02-02,19.9,16.5,25.7,1.29,24.6
2015-02-03,19.5,13.9,1.0,3.33,29.9
2015-02-04,18.3,13.4,0.6,2.72,29.1
2015-02-05,15.9,12.3,3.7,3.14,34.7
2015-02-06,14.2,8.8,4.3,2.82,40.2
2015-02-07,18.0,7.4,0.0,4.21,13.0
2015-02-08,20.6,10.6,0.0,3.63,17.6
2015-02-09,19.8,14.2,1.7,3.05,27.4
2015-02-10,18.3,11.3,4.5,4.44,27.4
2015-02-11,21.5,8.5,0.0,4.57,18.6
2015-02-12,20.0,8.0,0.0,3.97,14.0
2015-02-13,20.7,11.8,0.0,3.8,18.6
2015-02-14,17.3,10.9,0.1,3.26,22.4
2015-02-15,17.5,9.8,0.0,3.93,20.3
2015-02-16,18.9,8.3,0.0,4.07,17.7
2015-02-17,20.6,8.2,0.0,4.48,11.8
2015-02-18,22.2,7.5,0.0,4.76,13.9
2015-02-19,21.4,10.8,0.0,3.58,23.0
2015-02-20,23.5,12.3,0.0,4.48,12.6
2015-02-21,21.5,13.9,0.6,3.3,22.0
2015-02-22,21.5,12.7,0.0,3.69,14.8
2015-02-23,21.5,11.7,9.0,3.11,14.6
2015-02-24,20.3,14.3,0.3,2.63,10.3
2015-02-25,20.1,11.6,0.8,3.34,18.4
2015-02-26,19.9,12.3,0.0,3.57,18.6
2015-02-27,19.9,10.2,0.2,3.07,16.6
2015-02-28,21.8,8.7,0.0,3.78,17.8
2015-03-01,22.6,10.8,0.0,3.8,14.8
2015-03-02,23.4,12.9,0.0,4.13,13.8
2015-03-03,22.9,13.8,0.1,3.27,12.4
2015-03-04,22.5,13.9,1.1,2.82,11.2
2015-03-05,23.1,13.0,0.3,3.64,10.5
2015-03-06,21.1,14.6,10.0,2.54,41.1
2015-03-07,20.0,12.7,13.6,2.81,40.5
2015-03-08,18.0,12.8,2.5,2.95,34.1
2015-03-09,17.8,12.5,0.7,2.1,17.2
2015-03-10,20.4,10.6,0.0,2.96,13.8
2015-03-11,20.3,10.6,0.1,2.66,16.7
2015-03-12,19.7,13.8,11.3,2.03,7.1
2015-03-13,20.2,12.4,2.6,2.8,10.0
2015-03-14,20.4,12.8,0.6,2.77,12.9
2015-03-15,22.3,10.9,0.0,3.31,14.0
2015-03-16,18.4,13.5,7.9,1.89,24.9
2015-03-17,13.2,10.9,2.6,1.23,23.0
2015-03-18,12.7,9.9,0.0,1.64,12.6
2015-03-19,14.0,7.7,0.0,2.63,17.2
2015-03-20,15.1,3.8,0.0,3.02,15.0
2015-03-21,18.5,5.8,0.0,2.62,16.9
2015-03-22,16.9,12.6,0.4,1.31,14.8
2015-03-23,18.6,10.8,1.0,2.49,8.2
2015-03-24,18.8,11.8,0.2,2.39,16.3
2015-03-25,19.7,12.2,0.0,2.44,16.1
2015-03-26,18.4,13.8,3.5,1.76,19.8
2015-03-27,20.7,13.5,0.0,2.55,11.7
2015-03-28,19.1,14.1,0.3,1.77,23.5
2015-03-29,18.7,12.9,4.7,2.23,25.0
2015-03-30,17.2,11.8,3.7,2.14,26.4
2015-03-31,17.7,9.5,0.1,2.45,16.7
2015-04-01,19.8,6.0,0.0,2.72,8.7
2015-04-02,18.4,9.8,0.0,2.34,22.6
2015-04-03,17.7,10.7,0.0,2.01,14.1
2015-04-04,19.7,9.9,0.0,2.69,27.2
2015-04-05,19.3,10.7,0.0,2.24,15.0
2015-04-06,19.9,9.5,0.3,2.41,22.3
2015-04-07,20.4,14.5,2.6,2.2,31.5
2015-04-08,17.7,15.2,33.7,0.61,26.4
2015-04-09,19.2,16.1,72.0,0.97,18.6
2015-04-10,18.1,13.5,25.9,0.92,22.7
2015-04-11,15.8,9.8,1.5,2.04,15.9
2015-04-12,15.2,10.4,0.0,1.85,28.8
2015-04-13,12.9,5.7,28.0,0.98,32.3
2015-04-14,9.2,3.6,4.3,1.32,17.7
2015-04-15,13.1,3.1,0.0,1.84,16.2
2015-04-16,12.8,4.8,0.0,1.95,14.7
2015-04-17,13.5,4.9,0.9,1.51,21.4
2015-04-18,15.0,9.1,13.5,1.17,18.3
2015-04-19,17.6,4.4,0.0,1.99,12.2
2015-04-20,17.7,10.2,0.3,1.63,17.8
2015-04-21,18.0,8.8,0.4,1.75,13.0
2015-04-22,16.8,12.1,5.3,1.16,12.8
2015-04-23,17.5,9.0,0.0,1.93,13.7
2015-04-24,17.9,7.0,0.0,2.08,8.9
2015-04-25,16.2,8.2,0.0,2.11,19.2
2015-04-26,16.3,10.7,0.7,2.26,31.0
2015-04-27,16.2,13.8,11.7,1.24,36.0
2015-04-28,14.3,8.9,10.9,1.34,34.3
2015-04-29,12.8,8.0,7.4,1.14,33.4
2015-04-30,11.7,4.2,0.9,1.84,33.2
2015-05-01,14.7,2.7,0.0,1.59,20.2
2015-05-02,14.3,8.8,0.0,1.42,19.0
2015-05-03,14.3,6.1,0.0,1.36,14.2
2015-05-04,13.8,2.8,0.0,1.27,11.1
2015-05-05,16.4,8.9,0.0,1.43,17.6
2015-05-06,16.6,11.8,0.0,1.94,31.4
2015-05-07,15.6,14.4,37.2,0.55,32.7
2015-05-08,15.8,11.2,5.1,0.88,19.3
2015-05-09,13.4,10.4,0.2,1.51,26.3
2015-05-10,15.7,9.0,0.2,1.36,19.6
2015-05-11,15.3,10.4,0.1,1.09,27.6
2015-05-12,13.0,9.6,9.4,0.88,33.3
2015-05-13,15.5,9.3,0.0,1.92,27.3
2015-05-14,13.1,12.0,29.8,0.66,27.5
2015-05-15,13.0,8.5,20.4,0.63,22.1
2015-05-16,12.1,7.2,2.1,1.31,22.6
2015-05-17,11.7,4.2,0.0,0.81,11.5
2015-05-18,13.1,3.7,0.0,1.27,31.0
2015-05-19,12.1,5.2,0.0,0.98,17.6
2015-05-20,12.4,1.6,0.1,1.0,16.1
2015-05-21,13.3,8.1,4.6,0.72,30.1
2015-05-22,11.7,3.6,1.0,1.33,26.1
2015-05-23,10.3,3.6,3.3,0.55,16.2
2015-05-24,10.8,7.4,0.7,1.27,32.7
2015-05-25,8.9,3.7,1.8,1.82,33.9
2015-05-26,9.5,5.0,0.8,1.12,23.6
2015-05-27,9.1,1.2,0.2,0.95,19.7
2015-05-28,10.8,0.8,0.0,1.11,10.2
2015-05-29,10.7,-0.4,0.0,1.14,11.2
2015-05-30,12.0,2.9,0.0,1.16,21.0
2015-05-31,13.8,6.3,0.0,1.4,19.1
2015-06-01,13.6,6.7,2.9,0.89,20.6
2015-06-02,14.9,10.4,7.8,0.92,25.7
2015-06-03,12.2,9.2,0.4,0.85,35.7
2015-06-04,10.9,4.8,14.5,0.32,24.0
2015-06-05,11.0,1.5,0.0,0.83,13.3
2015-06-06,10.7,3.7,0.3,0.73,18.3
2015-06-07,11.6,4.4,0.0,0.9,23.4
2015-06-08,12.6,2.8,0.0,0.7,19.2
2015-06-09,13.2,8.7,0.4,0.8,24.8
2015-06-10,14.2,10.4,8.7,1.05,33.1
2015-06-11,10.1,5.7,8.5,0.69,27.1
2015-06-12,10.7,6.3,6.9,1.07,42.1
2015-06-13,10.5,7.5,0.1,1.39,36.7
2015-06-14,11.2,8.9,0.4,1.06,37.2
2015-06-15,9.5,4.3,5.4,0.76,25.7
2015-06-16,9.3,0.4,0.0,1.03,13.0
2015-06-17,9.7,-1.7,0.0,0.94,14.0
2015-06-18,11.9,6.6,0.0,1.03,28.2
2015-06-19,13.7,10.7,12.7,0.52,35.3
2015-06-20,13.8,9.4,78.8,0.23,35.2
2015-06-21,9.8,7.6,1.9,1.09,28.6
2015-06-22,7.0,3.2,2.3,1.08,26.1
2015-06-23,6.4,2.2,0.0,0.92,20.8
2015-06-24,7.0,2.7,0.0,0.67,14.9
2015-06-25,7.3,-0.4,0.0,0.68,12.6
2015-06-26,11.1,-0.9,2.3,0.59,32.1
2015-06-27,9.3,4.6,1.9,1.09,29.9
2015-06-28,11.9,6.7,0.0,1.09,23.3
2015-06-29,10.4,7.4,0.3,1.01,33.0
2015-06-30,11.3,8.4,0.0,0.88,27.9
2015-07-01,11.2,7.8,0.3,0.93,25.0
2015-07-02,11.2,7.1,0.1,0.78,18.1
2015-07-03,11.7,7.4,2.7,0.97,38.7
2015-07-04,12.4,7.0,0.0,0.68,13.0
2015-07-05,11.4,6.2,0.0,0.88,29.2
2015-07-06,10.8,7.6,9.3,0.64,24.7
2015-07-07,9.2,4.8,8.4,0.29,14.5
2015-07-08,5.4,2.5,2.0,0.89,21.4
2015-07-09,4.4,1.2,2.8,0.65,21.9
2015-07-10,6.3,0.5,1.1,0.7,19.5
2015-07-11,7.2,0.2,0.0,0.82,11.5
2015-07-12,8.3,-0.8,0.0,0.93,11.9
2015-07-13,9.5,-3.1,0.0,1.05,9.0
2015-07-14,10.4,-0.9,0.0,1.21,22.5
2015-07-15,12.0,7.7,13.0,1.08,33.2
2015-07-16,11.9,7.4,4.7,0.92,21.2
2015-07-17,11.2,6.9,1.1,0.9,21.0
2015-07-18,10.7,6.8,23.6,0.6,27.6
2015-07-19,6.7,2.3,5.4,1.23,33.7
2015-07-20,9.4,-1.2,6.3,0.93,31.9
2015-07-21,9.8,1.8,0.0,1.37,18.4
2015-07-22,9.9,2.8,0.0,0.97,19.4
2015-07-23,10.8,-1.6,0.0,1.11,13.6
2015-07-24,10.9,4.4,0.0,0.82,14.3
2015-07-25,11.3,0.3,0.0,1.28,16.3
2015-07-26,11.1,6.3,0.6,1.06,27.8
2015-07-27,13.9,8.9,0.0,1.11,23.1
2015-07-28,11.2,6.9,9.2,0.79,23.1
2015-07-29,9.3,4.8,4.2,0.93,19.5
2015-07-30,7.7,2.3,0.0,1.0,16.5
2015-07-31,9.8,3.5,0.0,0.86,16.2
2015-08-01,12.8,4.9,1.5,1.18,19.1
2015-08-02,12.2,8.0,0.8,1.08,20.9
2015-08-03,13.8,7.4,0.9,0.73,28.4
2015-08-04,12.7,8.3,12.1,0.62,35.6
2015-08-05,10.3,3.8,7.1,0.79,11.0
2015-08-06,11.9,8.1,9.6,0.86,27.8
2015-08-07,8.8,5.0,6.9,0.91,29.9
2015-08-08,6.9,1.1,8.7,0.77,26.3
2015-08-09,7.3,-0.5,1.3,1.06,18.8
2015-08-10,6.6,0.0,0.0,1.01,20.5
2015-08-11,6.3,0.8,1.9,0.88,25.0
2015-08-12,7.8,0.2,0.0,1.07,11.7
2015-08-13,11.0,-1.1,0.0,1.61,16.4
2015-08-14,10.7,6.6,2.0,1.1,19.8
2015-08-15,9.9,5.9,4.5,0.67,13.0
2015-08-16,10.6,5.3,0.2,1.3,24.5
2015-08-17,11.9,3.5,0.2,1.53,13.8
2015-08-18,11.7,5.5,0.0,1.51,30.1
2015-08-19,10.2,6.2,11.3,0.74,29.5
2015-08-20,9.8,4.7,1.7,1.38,23.5
2015-08-21,10.6,-1.9,0.0,1.7,10.7
2015-08-22,10.7,0.7,0.0,1.5,14.2
2015-08-23,11.3,3.8,2.1,0.77,18.6
2015-08-24,12.2,6.8,2.2,1.09,25.4
2015-08-25,10.3,5.2,13.1,0.43,24.5
2015-08-26,12.3,5.0,0.0,1.81,19.1
2015-08-27,12.2,0.4,0.0,2.1,11.5
2015-08-28,13.4,1.1,0.0,1.73,12.6
2015-08-29,11.6,4.9,3.1,1.3,30.7
2015-08-30,13.9,8.5,2.4,1.28,28.2
2015-08-31,12.8,7.6,5.3,1.07,20.4
2015-09-01,12.1,7.5,15.4,0.96,23.5
2015-09-02,13.1,9.2,3.3,1.22,28.1
2015-09-03,9.6,6.4,9.6,0.57,23.1
2015-09-04,10.4,6.0,0.8,1.11,25.6
2015-09-05,10.2,4.9,0.0,1.72,24.7
2015-09-06,8.6,6.0,3.9,1.83,31.4
2015-09-07,8.9,0.2,0.0,1.79,13.8
2015-09-08,10.3,-0.1,0.0,1.58,20.7
2015-09-09,11.6,5.2,0.1,1.34,20.4
2015-09-10,11.1,7.3,7.4,1.01,28.3
2015-09-11,8.9,4.9,4.4,1.86,27.0
2015-09-12,7.9,2.6,0.0,1.72,24.6
2015-09-13,13.4,4.0,0.0,2.0,17.7
2015-09-14,11.5,3.1,0.0,2.37,14.3
2015-09-15,12.1,3.2,0.1,1.32,27.1
2015-09-16,11.5,8.4,0.0,1.53,24.2
2015-09-17,14.5,7.1,1.6,1.34,25.6
2015-09-18,14.2,8.2,7.0,1.59,22.0
2015-09-19,11.2,5.6,12.5,1.22,21.0
2015-09-20,9.3,5.5,7.1,0.89,32.4
2015-09-21,8.3,5.1,6.1,1.34,34.3
2015-09-22,12.2,6.1,1.6,1.84,26.0
2015-09-23,10.5,7.3,11.8,0.65,19.2
2015-09-24,12.7,8.0,1.0,1.71,30.8
2015-09-25,12.1,5.9,0.4,2.02,20.7
2015-09-26,10.8,4.7,0.5,1.87,26.6
2015-09-27,12.1,2.5,0.0,2.24,13.0
2015-09-28,11.6,1.4,0.3,2.3,14.0
2015-09-29,13.0,3.1,0.0,2.2,14.1
2015-09-30,14.4,2.2,0.0,2.57,18.0
2015-10-01,14.8,7.4,4.3,1.9,26.9
2015-10-02,14.5,9.0,0.4,2.34,28.9
2015-10-03,13.7,7.2,1.6,2.28,18.9
2015-10-04,15.6,7.2,0.0,2.5,32.4
2015-10-05,13.0,5.1,0.0,2.8,31.3
2015-10-06,15.2,5.2,0.0,2.95,25.8
2015-10-07,17.9,6.1,0.0,3.16,24.6
2015-10-08,11.9,4.8,3.3,2.24,30.1
2015-10-09,12.8,2.2,0.0,2.61,16.4
2015-10-10,13.5,6.0,0.0,2.36,24.5
2015-10-11,15.1,5.8,0.0,2.64,25.9
2015-10-12,14.5,9.9,1.0,2.23,31.3
2015-10-13,14.9,9.7,5.6,1.4,31.2
2015-10-14,14.1,6.4,0.8,2.34,15.6
2015-10-15,16.5,5.9,0.0,3.05,17.1
2015-10-16,13.6,7.6,0.0,2.24,30.1
2015-10-17,14.6,8.3,0.4,2.04,31.5
2015-10-18,14.4,8.8,3.1,1.31,33.5
2015-10-19,11.8,7.5,0.0,2.8,34.6
2015-10-20,12.8,6.8,0.2,2.3,30.4
2015-10-21,13.6,8.9,0.0,2.26,29.5
2015-10-22,14.6,10.3,6.3,0.85,31.3
2015-10-23,17.4,10.9,6.3,2.66,34.7
2015-10-24,16.3,8.0,12.8,2.33,17.1
2015-10-25,15.1,6.5,0.0,3.5,20.3
2015-10-26,15.2,6.7,1.5,2.95,22.0
2015-10-27,15.0,9.8,0.6,2.67,28.0
2015-10-28,15.1,9.8,3.4,2.26,24.5
2015-10-29,14.6,8.6,6.5,1.63,21.7
2015-10-30,12.0,5.2,0.0,3.0,26.1
2015-10-31,13.6,3.7,0.0,2.9,22.3
2015-11-01,17.7,5.9,0.0,4.07,11.7
2015-11-02,13.1,7.5,0.0,2.02,21.9
2015-11-03,14.8,8.3,3.2,2.47,27.0
2015-11-04,11.8,4.8,29.6,0.65,27.6
2015-11-05,11.9,4.9,0.0,2.76,27.2
2015-11-06,16.4,0.9,0.0,4.18,15.5
2015-11-07,18.4,3.6,0.0,4.4,15.4
2015-11-08,17.5,5.2,0.0,4.07,14.9
2015-11-09,18.5,9.3,0.1,2.68,12.7
2015-11-10,16.8,11.9,0.8,2.37,20.9
2015-11-11,15.8,11.0,1.2,2.97,21.7
2015-11-12,12.4,5.5,2.1,3.11,28.8
2015-11-13,11.3,4.0,0.1,2.63,22.0
2015-11-14,15.2,-0.2,0.3,3.68,21.9
2015-11-15,15.6,9.7,10.2,1.41,22.3
2015-11-16,15.3,8.1,0.3,2.11,17.6
2015-11-17,14.7,6.0,0.0,2.95,32.4
2015-11-18,13.7,7.0,2.1,3.0,20.2
2015-11-19,15.3,5.5,3.2,3.02,18.3
2015-11-20,15.0,10.6,5.7,2.03,35.6
2015-11-21,12.5,10.2,5.4,1.31,27.4
2015-11-22,15.3,9.0,1.3,3.23,37.7
2015-11-23,15.7,7.3,0.0,3.51,23.4
2015-11-24,17.3,7.2,0.0,4.0,21.2
2015-11-25,18.4,8.7,0.0,4.19,18.3
2015-11-26,20.4,12.3,0.0,4.13,24.5
2015-11-27,20.2,13.1,0.0,3.77,39.8
2015-11-28,16.8,9.8,8.3,2.52,28.8
2015-11-29,17.3,8.3,0.0,3.4,15.1
2015-11-30,21.2,7.4,1.9,3.85,10.1
2015-12-01,18.3,14.4,6.1,1.7,17.7
2015-12-02,19.5,13.0,0.8,3.03,16.4
2015-12-03,17.9,13.3,0.4,3.03,24.5
2015-12-04,17.3,10.9,3.3,2.65,22.3
2015-12-05,16.1,10.0,0.0,3.32,32.1
2015-12-06,16.0,10.5,2.0,2.4,25.0
2015-12-07,14.4,9.4,0.0,3.34,30.6
2015-12-08,13.7,8.3,0.6,2.89,27.2
2015-12-09,16.1,8.4,0.0,3.31,15.3
2015-12-10,17.0,8.6,0.0,3.47,28.4
2015-12-11,20.1,14.1,1.0,4.85,18.7
2015-12-12,20.7,13.7,8.3,2.93,29.0
2015-12-13,15.4,9.6,4.4,3.31,36.0
2015-12-14,14.2,8.6,0.0,3.16,23.9
2015-12-15,16.0,9.5,0.7,2.97,28.2
2015-12-16,15.7,9.5,1.0,3.25,25.4
2015-12-17,14.3,7.6,5.5,3.6,19.9
2015-12-18,12.8,7.5,1.4,2.1,20.6
2015-12-19,17.7,6.9,0.0,4.39,19.6
2015-12-20,18.4,8.8,0.0,4.18,23.5
2015-12-21,21.2,12.4,0.0,4.37,23.9
2015-12-22,20.3,13.0,0.5,2.79,28.0
2015-12-23,17.8,10.2,0.3,4.46,23.2
2015-12-24,18.9,11.7,1.3,3.3,16.9
2015-12-25,20.4,11.7,0.0,4.48,14.6
2015-12-26,22.8,8.8,0.0,5.9,15.1
2015-12-27,22.3,10.2,0.0,5.76,14.6
2015-12-28,22.8,9.6,0.0,5.76,13.1
2015-12-29,19.5,12.1,0.0,5.37,13.2
2015-12-30,21.3,9.1,0.5,4.82,10.4
2015-12-31,23.1,13.3,1.7,4.54,18.8
2016-01-01,23.5,13.1,1.3,4.09,8.4
2016-01-02,19.1,15.8,12.5,1.9,21.6
2016-01-03,20.4,13.2,18.4,1.83,19.3
2016-01-04,13.9,9.2,0.2,2.94,28.3
2016-01-05,17.3,6.0,0.0,4.86,14.8
2016-01-06,21.4,6.4,0.0,5.21,11.7
2016-01-07,18.8,12.8,0.0,3.68,23.6
2016-01-08,19.3,14.4,7.8,1.48,39.8
2016-01-09,18.5,11.7,0.0,4.36,30.5
2016-01-10,19.1,11.0,0.5,3.51,35.4
2016-01-11,20.4,8.1,0.2,3.47,17.1
2016-01-12,18.7,12.4,0.6,2.31,20.5
2016-01-13,19.2,11.2,0.0,3.68,27.0
2016-01-14,21.9,11.5,0.5,3.95,14.2
2016-01-15,21.1,14.4,0.0,4.65,29.1
2016-01-16,22.0,13.8,0.1,3.48,17.6
2016-01-17,24.7,12.0,0.4,4.95,9.5
2016-01-18,24.5,15.9,1.7,4.62,21.4
2016-01-19,19.9,15.6,13.9,3.33,27.4
2016-01-20,21.4,14.6,1.5,3.63,21.5
2016-01-21,21.9,13.5,0.0,4.39,18.1
2016-01-22,21.7,11.3,0.0,4.17,18.8
2016-01-23,23.6,14.2,0.0,4.94,18.7
2016-01-24,25.5,12.7,0.0,5.44,16.9
2016-01-25,25.3,13.4,0.2,4.8,12.7
2016-01-26,24.9,15.3,0.1,4.41,14.6
2016-01-27,21.9,15.1,2.8,2.7,20.0
2016-01-28,19.2,14.7,0.1,2.07,22.8
2016-01-29,22.5,13.0,0.0,4.33,18.1
2016-01-30,20.6,13.6,1.4,3.55,16.8
2016-01-31,23.1,13.5,0.0,4.9,17.4
2016-02-01,25.2,13.8,1.1,4.65,14.9
2016-02-02,23.6,17.0,0.4,4.11,14.7
2016-02-03,26.5,14.6,0.0,5.03,12.8
2016-02-04,24.4,16.8,0.0,5.16,17.1
2016-02-05,22.8,14.7,0.0,3.26,11.8
2016-02-06,26.2,17.4,0.0,4.1,22.1
2016-02-07,26.0,16.4,0.0,5.43,18.8
2016-02-08,24.3,15.6,0.0,4.99,17.7
2016-02-09,23.7,14.8,0.1,4.08,24.6
2016-02-10,24.6,16.6,0.0,4.14,20.0
2016-02-11,25.1,15.1,0.0,4.58,17.1
2016-02-12,24.9,12.7,0.0,5.12,14.1
2016-02-13,25.0,12.6,0.0,4.64,15.4
2016-02-14,23.1,15.2,1.3,3.64,10.0
2016-02-15,24.7,15.5,0.2,4.36,15.3
2016-02-16,24.8,17.0,0.1,4.53,18.8
2016-02-17,20.0,16.4,8.8,2.68,36.5
2016-02-18,22.6,16.3,8.5,3.99,40.7
2016-02-19,20.0,15.4,3.8,2.9,29.5
2016-02-20,20.6,14.6,0.1,3.41,22.9
2016-02-21,21.5,14.3,0.6,3.11,21.3
2016-02-22,23.5,12.6,0.0,4.1,11.0
2016-02-23,21.8,14.0,0.4,3.39,19.2
2016-02-24,20.6,11.6,0.0,3.94,20.1
2016-02-25,23.3,13.9,0.0,3.91,25.0
2016-02-26,23.7,14.4,0.0,4.34,18.2
2016-02-27,21.5,15.2,3.3,1.89,22.4
2016-02-28,25.3,16.1,0.0,4.12,20.1
2016-02-29,20.4,14.9,7.3,2.26,19.9
2016-03-01,18.8,13.1,1.0,2.22,22.9
2016-03-02,19.6,11.9,1.5,3.7,19.7
2016-03-03,22.0,7.5,0.0,3.91,11.5
2016-03-04,20.6,13.2,0.0,3.22,21.3
2016-03-05,22.4,10.8,0.0,3.73,19.2
2016-03-06,21.6,14.5,0.0,3.01,24.6
2016-03-07,22.3,16.8,0.1,2.93,24.1
2016-03-08,22.2,16.0,0.5,3.27,31.1
2016-03-09,20.9,11.5,0.0,3.72,12.8
2016-03-10,19.4,11.9,0.3,3.26,31.4
2016-03-11,17.3,9.4,1.6,2.89,27.0
2016-03-12,19.7,7.9,0.0,4.13,19.2
2016-03-13,20.9,7.1,0.3,3.45,14.4
2016-03-14,19.2,15.0,3.2,1.5,15.4
2016-03-15,22.1,14.8,7.8,2.56,22.0
2016-03-16,17.1,12.2,9.1,1.56,23.6
2016-03-17,16.4,12.3,36.9,0.69,18.5
2016-03-18,20.9,14.0,4.6,2.12,13.8
2016-03-19,21.6,14.2,0.0,2.93,10.2
2016-03-20,21.8,13.3,0.8,2.93,14.3
2016-03-21,22.4,12.8,0.0,2.98,11.6
2016-03-22,22.5,13.4,0.0,3.01,9.1
2016-03-23,20.6,14.2,4.9,2.05,20.7
2016-03-24,22.1,16.4,2.4,1.96,42.6
2016-03-25,18.8,13.7,0.9,1.5,20.3
2016-03-26,19.3,13.0,6.7,2.08,11.2
2016-03-27,19.9,13.6,0.7,2.47,17.3
2016-03-28,18.8,13.3,0.2,2.13,16.5
2016-03-29,17.8,9.6,0.0,3.0,20.5
2016-03-30,19.1,10.5,0.0,3.11,15.0
2016-03-31,19.2,8.4,0.3,2.48,13.7
2016-04-01,19.4,12.6,1.0,2.77,18.7
2016-04-02,20.1,14.2,14.9,1.69,22.8
2016-04-03,19.6,14.6,1.0,1.99,22.7
2016-04-04,17.2,12.0,5.9,1.96,20.9
2016-04-05,15.0,8.6,0.0,2.47,17.2
2016-04-06,16.3,5.3,0.0,2.58,9.7
2016-04-07,17.3,7.8,0.0,1.99,19.5
2016-04-08,17.9,12.3,1.8,2.18,24.5
2016-04-09,17.5,8.2,0.5,1.54,7.6
2016-04-10,18.1,11.1,0.1,1.69,10.8
2016-04-11,17.9,10.0,0.0,2.29,18.8
2016-04-12,18.8,12.7,3.8,1.58,27.0
2016-04-13,15.3,9.4,0.7,1.86,16.7
2016-04-14,16.1,4.0,0.0,2.46,10.8
2016-04-15,17.2,6.8,0.0,2.38,12.9
2016-04-16,17.5,6.3,0.0,2.53,16.9
2016-04-17,17.2,9.7,0.0,1.49,14.3
2016-04-18,16.5,10.2,0.0,2.06,20.5
2016-04-19,17.1,6.9,0.0,2.25,11.0
2016-04-20,17.7,6.8,0.0,2.13,18.6
2016-04-21,18.7,4.8,0.0,2.2,10.2
2016-04-22,17.0,10.5,0.8,1.71,16.1
2016-04-23,17.5,10.8,0.0,1.91,27.3
2016-04-24,14.8,9.5,3.8,1.35,22.7
2016-04-25,16.2,10.2,0.1,1.82,19.0
2016-04-26,16.3,9.6,0.0,1.6,16.9
2016-04-27,16.8,6.5,0.0,1.76,15.5
2016-04-28,16.8,8.2,0.0,1.72,15.7
2016-04-29,15.3,10.9,0.0,1.49,20.6
2016-04-30,18.2,8.8,0.0,1.96,22.8
2016-05-01,15.9,8.9,0.2,1.23,22.1
2016-05-02,17.5,11.0,0.0,1.91,23.6
2016-05-03,18.9,13.3,0.0,1.3,22.7
2016-05-04,18.6,14.6,0.0,1.7,20.2
2016-05-05,16.9,14.6,6.6,0.57,28.8
2016-05-06,18.6,10.8,0.3,1.54,11.4
2016-05-07,17.6,9.7,0.0,1.64,16.9
2016-05-08,17.4,7.7,0.0,1.62,12.7
2016-05-09,17.0,12.3,0.0,1.5,18.3
2016-05-10,16.5,6.8,0.0,1.2,17.6
2016-05-11,18.2,13.3,3.1,1.34,28.6
2016-05-12,16.7,13.8,2.6,1.95,29.9
2016-05-13,16.7,13.8,1.5,1.65,34.4
2016-05-14,16.4,12.2,0.3,1.5,27.8
2016-05-15,17.1,11.5,0.3,1.3,21.2
2016-05-16,15.7,10.6,8.1,1.02,31.1
2016-05-17,10.9,5.6,4.1,1.31,23.8
2016-05-18,13.0,6.9,13.9,0.99,33.6
2016-05-19,13.0,10.2,1.4,1.3,30.4
2016-05-20,14.7,10.0,7.7,0.96,28.8
2016-05-21,12.7,7.7,9.8,0.91,26.6
2016-05-22,12.2,3.5,3.9,1.08,32.1
2016-05-23,11.0,2.4,0.7,0.91,23.9
2016-05-24,12.3,8.1,7.2,1.0,29.5
2016-05-25,13.2,9.2,6.4,0.92,33.9
2016-05-26,12.3,8.9,9.9,0.66,24.4
2016-05-27,13.2,8.6,5.5,0.84,21.5
2016-05-28,14.2,12.0,22.7,0.9,34.7
2016-05-29,13.2,9.2,3.9,0.96,29.9
2016-05-30,11.9,7.7,2.8,0.99,24.2
2016-05-31,9.2,4.1,3.6,0.71,13.0
2016-06-01,9.4,3.8,0.0,0.81,18.7
2016-06-02,10.0,0.6,0.0,0.9,14.0
2016-06-03,11.5,0.8,0.0,1.03,10.6
2016-06-04,11.7,2.0,0.0,0.93,11.5
2016-06-05,11.6,1.2,0.0,1.09,9.5
2016-06-06,11.5,0.3,0.0,1.09,8.8
2016-06-07,12.0,-1.6,0.0,1.11,9.5
2016-06-08,13.8,0.1,0.0,1.08,9.2
2016-06-09,15.9,7.4,4.2,1.17,29.7
2016-06-10,15.5,12.2,4.8,0.47,29.3
2016-06-11,12.8,9.3,0.0,0.97,21.8
2016-06-12,14.2,6.5,15.2,0.96,33.0
2016-06-13,10.6,4.0,3.2,0.96,23.5
2016-06-14,12.9,4.6,0.1,0.81,24.9
2016-06-15,13.2,9.0,0.4,0.94,25.6
2016-06-16,11.8,5.6,0.0,0.89,18.7
2016-06-17,12.4,4.6,0.0,0.83,21.9
2016-06-18,12.2,7.1,0.0,0.95,20.9
2016-06-19,13.7,6.4,0.6,0.65,20.9
2016-06-20,14.6,8.9,0.3,0.97,16.9
2016-06-21,14.1,10.1,0.0,0.92,26.1
2016-06-22,15.9,12.4,1.6,0.95,35.5
2016-06-23,14.2,9.8,11.9,0.66,28.2
2016-06-24,12.8,9.3,0.7,0.92,26.6
2016-06-25,12.0,7.1,2.3,0.8,13.5
2016-06-26,12.3,8.1,3.6,0.78,34.0
2016-06-27,11.9,8.1,5.3,0.57,24.4
2016-06-28,12.5,8.2,0.2,0.73,22.0
2016-06-29,10.3,7.7,12.8,0.46,17.5
2016-06-30,9.1,6.6,4.6,0.52,23.9
2016-07-01,7.6,0.3,0.0,0.98,17.0
2016-07-02,9.8,-2.6,0.0,0.96,18.4
2016-07-03,10.5,4.3,0.0,0.89,18.0
2016-07-04,11.5,1.9,0.0,0.95,17.5
2016-07-05,12.6,5.3,0.3,0.83,20.5
2016-07-06,12.1,4.5,0.0,0.98,17.3
2016-07-07,12.2,4.0,0.0,1.1,17.3
2016-07-08,10.4,7.4,17.3,0.73,33.4
2016-07-09,9.5,4.5,0.0,1.46,33.6
2016-07-10,11.3,3.4,0.0,1.11,19.2
2016-07-11,11.0,-0.5,0.0,1.11,11.2
2016-07-12,11.0,-1.7,0.0,1.08,9.7
2016-07-13,10.0,2.2,4.5,1.08,38.7
2016-07-14,9.6,7.6,18.0,0.97,42.8
2016-07-15,10.5,6.3,6.3,0.77,30.6
2016-07-16,10.1,6.0,0.2,1.16,26.4
2016-07-17,10.5,6.6,3.4,1.21,35.6
2016-07-18,9.2,1.0,3.0,0.96,13.4
2016-07-19,10.9,0.5,7.7,0.63,39.1
2016-07-20,11.2,6.9,0.5,1.23,34.6
2016-07-21,10.6,1.8,0.0,1.15,31.0
2016-07-22,11.0,1.4,0.0,1.09,16.7
2016-07-23,14.6,7.7,7.2,0.81,43.0
2016-07-24,14.0,7.6,13.1,1.27,43.7
2016-07-25,9.5,5.0,5.6,1.08,35.7
2016-07-26,9.8,2.9,3.1,0.99,12.2
2016-07-27,12.3,3.5,0.4,1.23,26.2
2016-07-28,12.4,6.2,18.0,0.87,36.6
2016-07-29,9.4,6.3,6.2,1.57,40.0
2016-07-30,11.6,5.5,7.5,1.1,34.2
2016-07-31,7.3,4.3,3.4,1.32,37.1
2016-08-01,11.4,5.1,3.0,1.13,26.9
2016-08-02,10.5,5.4,0.2,1.24,14.8
2016-08-03,11.9,7.9,11.1,0.48,32.6
2016-08-04,9.7,5.7,8.7,0.65,17.6
2016-08-05,7.0,3.5,15.8,0.48,25.3
2016-08-06,6.2,3.3,7.7,0.74,37.5
2016-08-07,6.4,1.4,0.1,1.22,23.7
2016-08-08,6.9,-2.8,0.0,1.09,14.3
2016-08-09,8.0,1.0,0.0,1.07,19.2
2016-08-10,10.8,-0.2,0.0,1.47,14.8
2016-08-11,12.2,-2.2,0.0,1.6,9.0
2016-08-12,13.0,3.2,1.2,1.57,22.7
2016-08-13,11.4,7.3,12.1,0.87,23.9
2016-08-14,11.1,6.0,0.0,1.2,21.7
2016-08-15,11.8,4.1,0.0,1.26,12.0
2016-08-16,12.6,0.6,0.0,1.57,14.0
2016-08-17,12.7,-0.3,0.0,1.73,8.5
2016-08-18,12.1,1.0,0.0,1.56,14.3
2016-08-19,11.8,-0.3,0.0,1.68,10.2
2016-08-20,12.3,1.7,0.0,1.44,8.7
2016-08-21,12.9,3.0,0.0,1.84,13.0
2016-08-22,12.0,6.5,2.4,1.51,28.4
2016-08-23,12.9,6.4,0.0,1.53,16.2
2016-08-24,11.7,5.9,8.9,1.04,11.3
2016-08-25,11.5,7.7,9.2,0.68,16.8
2016-08-26,14.7,9.2,11.6,1.11,23.8
2016-08-27,10.4,6.7,7.4,1.5,37.4
2016-08-28,12.1,4.7,0.0,1.63,21.1
2016-08-29,11.6,5.3,0.0,1.17,18.9
2016-08-30,14.6,5.8,0.0,2.04,12.7
2016-08-31,13.9,4.2,0.0,2.15,9.0
2016-09-01,11.5,4.9,0.0,1.25,21.6
2016-09-02,14.1,8.1,1.3,1.3,30.0
2016-09-03,13.7,8.4,0.0,1.66,27.4
2016-09-04,15.2,8.4,7.7,1.15,29.6
2016-09-05,11.3,9.5,4.1,0.75,34.2
2016-09-06,12.4,5.5,1.8,1.59,20.0
2016-09-07,11.5,5.8,10.3,1.29,38.2
2016-09-08,6.0,3.6,5.2,1.45,33.1
2016-09-09,7.7,3.0,1.5,1.65,27.7
2016-09-10,9.3,5.2,0.3,1.33,23.6
2016-09-11,13.1,2.3,0.0,2.42,9.0
2016-09-12,11.2,3.2,0.0,1.49,21.9
2016-09-13,13.2,6.8,0.1,1.12,19.4
2016-09-14,13.8,10.0,1.4,1.29,19.7
2016-09-15,15.9,10.2,1.4,1.84,16.8
2016-09-16,14.4,11.7,6.2,0.77,30.2
2016-09-17,14.9,12.1,7.6,0.86,29.3
2016-09-18,13.5,8.9,12.7,0.94,21.0
2016-09-19,11.9,6.7,0.0,1.16,14.4
2016-09-20,11.5,5.1,0.0,2.23,17.8
2016-09-21,10.9,5.9,5.9,1.15,17.1
2016-09-22,13.2,5.9,0.0,1.83,19.5
2016-09-23,15.2,7.9,0.0,2.39,13.9
2016-09-24,16.7,7.2,5.4,1.86,8.7
2016-09-25,13.6,8.7,11.3,1.03,18.3
2016-09-26,14.2,8.5,5.9,1.32,15.4
2016-09-27,15.8,9.0,0.4,1.58,13.8
2016-09-28,16.3,6.8,1.3,2.21,13.6
2016-09-29,15.4,7.6,3.3,1.59,14.6
2016-09-30,15.9,7.9,7.8,2.2,9.0
2016-10-01,15.6,9.6,5.7,1.59,21.6
2016-10-02,16.7,9.7,4.8,2.36,30.3
2016-10-03,16.1,9.2,9.7,2.3,15.8
2016-10-04,14.7,8.9,2.8,1.97,21.2
2016-10-05,15.0,10.1,7.2,2.15,30.9
2016-10-06,13.6,8.0,18.6,1.61,30.5
2016-10-07,11.8,5.4,7.0,2.0,27.0
2016-10-08,15.6,4.6,0.7,2.11,31.1
2016-10-09,12.5,7.4,12.5,1.95,25.6
2016-10-10,15.3,5.5,0.0,3.31,12.7
2016-10-11,17.1,6.7,0.0,2.47,28.3
2016-10-12,14.8,8.1,1.1,1.73,35.5
2016-10-13,13.6,7.0,0.5,2.77,20.9
2016-10-14,12.4,6.5,9.6,1.58,29.4
2016-10-15,9.9,5.1,3.2,1.25,26.5
2016-10-16,13.3,3.9,0.0,2.14,33.2
2016-10-17,16.4,9.5,0.0,3.29,27.5
2016-10-18,15.8,9.7,0.0,2.82,24.1
2016-10-19,17.1,9.7,0.1,2.39,24.6
2016-10-20,16.2,9.6,1.1,2.23,16.6
2016-10-21,12.8,7.9,18.1,1.62,24.0
2016-10-22,12.2,5.4,0.0,2.33,18.7
2016-10-23,16.7,1.9,0.0,3.1,16.4
2016-10-24,17.2,8.3,0.1,2.77,16.5
2016-10-25,16.1,12.0,2.7,2.32,29.8
2016-10-26,15.2,10.3,7.7,2.19,29.2
2016-10-27,14.9,9.4,0.8,2.56,23.9
2016-10-28,16.3,9.2,2.6,2.58,25.0
2016-10-29,11.9,6.6,3.4,2.59,19.6
2016-10-30,10.5,5.0,3.8,2.62,22.7
2016-10-31,12.8,1.8,0.0,3.13,15.3
2016-11-01,13.9,3.2,0.8,3.37,20.3
2016-11-02,14.4,9.3,7.5,2.44,29.1
2016-11-03,14.5,8.3,2.9,2.8,24.6
2016-11-04,12.6,7.8,1.2,2.85,22.7
2016-11-05,15.3,8.1,7.4,2.38,22.8
2016-11-06,17.5,10.1,2.6,2.53,31.1
2016-11-07,14.9,9.5,33.7,1.23,31.9
2016-11-08,15.0,8.4,19.9,3.09,35.5
2016-11-09,18.9,8.0,0.0,3.76,24.7
2016-11-10,18.0,13.3,0.7,2.23,23.2
2016-11-11,18.5,13.8,3.5,2.76,29.9
2016-11-12,14.8,9.8,5.6,1.65,30.5
2016-11-13,13.9,9.3,1.0,2.93,25.2
2016-11-14,16.1,8.3,7.8,2.14,37.6
2016-11-15,16.9,13.3,7.2,1.4,40.5
2016-11-16,15.2,10.3,11.3,2.51,34.3
2016-11-17,13.2,8.2,11.4,2.63,29.3
2016-11-18,13.5,7.6,0.3,3.92,22.5
2016-11-19,16.8,10.0,3.9,2.1,31.4
2016-11-20,14.5,9.5,0.0,3.52,33.2
2016-11-21,15.8,9.1,0.0,3.38,26.7
2016-11-22,19.5,8.5,0.0,4.47,20.8
2016-11-23,18.9,9.8,0.0,4.11,25.5
2016-11-24,19.7,10.7,0.0,4.19,13.0
2016-11-25,18.0,10.3,4.5,1.93,42.9
2016-11-26,16.3,10.2,9.4,2.83,30.9
2016-11-27,13.2,7.7,16.2,1.55,35.7
2016-11-28,13.3,7.2,1.8,3.01,40.0
2016-11-29,15.5,9.9,1.4,2.49,29.1
2016-11-30,14.9,11.6,5.1,1.35,26.1
2016-12-01,17.9,10.4,0.0,4.17,16.1
2016-12-02,15.5,10.5,0.0,3.1,13.3
2016-12-03,17.8,8.1,0.0,4.25,14.8
2016-12-04,15.9,9.4,0.6,2.18,16.0
2016-12-05,19.1,11.9,2.3,3.72,10.9
2016-12-06,19.8,10.4,1.1,3.9,19.0
2016-12-07,19.6,13.2,0.0,3.57,28.7
2016-12-08,18.0,14.6,1.1,2.69,27.9
2016-12-09,21.6,12.8,2.2,3.85,13.7
2016-12-10,19.8,12.0,6.0,2.19,34.7
2016-12-11,14.7,9.7,1.8,3.3,30.9
2016-12-12,15.2,9.4,2.3,3.47,35.1
2016-12-13,14.9,6.9,0.3,3.33,25.6
2016-12-14,18.3,10.4,3.1,2.97,31.4
2016-12-15,17.2,11.3,7.9,1.48,37.4
2016-12-16,15.5,10.0,0.0,4.04,28.2
2016-12-17,20.8,8.0,0.0,4.99,13.6
2016-12-18,17.8,10.3,0.0,3.84,25.8
2016-12-19,15.6,10.2,5.0,2.87,27.6
2016-12-20,18.9,8.2,0.0,4.79,15.8
2016-12-21,20.4,8.1,0.0,4.72,20.1
2016-12-22,20.4,13.6,2.1,4.73,30.4
2016-12-23,14.1,9.3,23.8,3.09,25.2
2016-12-24,16.1,8.2,0.3,3.84,19.4
2016-12-25,16.4,11.2,0.3,2.96,24.4
2016-12-26,19.0,9.6,0.5,3.99,13.4
2016-12-27,16.8,11.4,0.0,2.91,28.1
2016-12-28,18.7,10.1,0.0,4.77,22.3
2016-12-29,14.4,9.5,0.6,2.59,22.5
2016-12-30,18.6,5.9,0.0,4.97,12.2
2016-12-31,18.7,6.9,0.0,4.5,20.7
2017-01-01,18.7,13.2,1.8,2.4,35.1
2017-01-02,19.1,14.4,5.9,2.17,22.6
2017-01-03,18.1,12.7,15.0,0.88,41.4
2017-01-04,15.9,9.6,1.3,3.26,36.2
2017-01-05,15.9,5.7,0.1,3.83,15.9
2017-01-06,14.6,7.3,0.2,2.56,25.9
2017-01-07,16.4,11.1,0.3,3.7,23.1
2017-01-08,16.0,10.6,0.8,3.27,28.9
2017-01-09,18.5,12.4,2.6,3.4,31.3
2017-01-10,19.1,12.7,7.1,4.07,22.4
2017-01-11,22.5,12.8,0.3,4.62,22.6
2017-01-12,18.9,14.4,8.8,2.84,37.7
2017-01-13,17.7,10.9,1.7,4.33,30.1
2017-01-14,19.1,10.2,0.0,3.58,26.8
2017-01-15,18.8,14.1,5.1,1.91,34.2
2017-01-16,17.4,11.0,0.2,4.49,23.2
2017-01-17,20.0,10.8,0.0,4.15,23.2
2017-01-18,20.6,12.7,1.7,3.16,31.6
2017-01-19,16.4,9.9,13.3,3.14,43.4
2017-01-20,15.4,8.9,3.8,3.72,18.4
2017-01-21,18.4,7.0,7.3,3.17,45.9
2017-01-22,16.9,12.2,11.1,2.46,52.0
2017-01-23,15.8,11.6,6.3,2.78,33.7
2017-01-24,19.9,11.2,0.0,4.17,19.2
2017-01-25,17.0,10.4,2.2,1.94,39.0
2017-01-26,16.5,9.9,0.0,3.02,25.6
2017-01-27,19.1,11.9,0.0,3.94,26.6
2017-01-28,21.8,11.4,0.0,4.65,13.3
2017-01-29,20.0,11.7,0.0,4.49,20.9
2017-01-30,21.1,11.9,0.8,2.56,16.5
2017-01-31,21.6,13.5,1.6,2.6,20.1
2017-02-01,18.8,13.7,0.2,2.19,30.0
2017-02-02,17.9,16.6,35.1,0.79,33.5
2017-02-03,20.2,12.0,0.4,4.28,27.2
2017-02-04,18.8,10.8,0.0,3.66,21.6
2017-02-05,22.2,12.0,0.0,4.71,13.5
2017-02-06,22.2,12.4,0.0,3.64,24.1
2017-02-07,21.8,14.2,4.2,1.41,20.6
2017-02-08,16.8,11.4,0.1,2.21,34.1
2017-02-09,16.5,9.4,0.0,3.2,23.9
2017-02-10,17.9,8.9,0.8,3.28,14.6
2017-02-11,19.4,8.6,0.0,4.29,11.9
2017-02-12,20.4,9.8,0.0,2.99,31.1
2017-02-13,21.5,14.8,2.0,2.39,49.1
2017-02-14,20.1,13.6,0.9,2.6,22.0
2017-02-15,17.1,10.2,0.0,3.42,15.2
2017-02-16,21.0,9.6,2.8,2.54,14.1
2017-02-17,19.9,14.1,28.1,1.51,21.3
2017-02-18,21.4,15.4,7.6,2.02,14.5
2017-02-19,22.9,15.6,11.6,2.9,13.4
2017-02-20,22.7,15.8,5.3,2.73,12.0
2017-02-21,20.4,15.9,1.7,1.98,12.4
2017-02-22,20.8,11.4,0.1,3.64,13.8
2017-02-23,20.6,11.6,0.2,3.08,19.3
2017-02-24,20.7,12.1,0.0,4.17,13.7
2017-02-25,21.9,10.3,0.0,3.98,18.0
2017-02-26,20.5,9.7,0.0,3.86,21.3
2017-02-27,21.6,14.2,1.1,2.83,14.3
2017-02-28,22.2,13.6,0.4,3.62,13.1
2017-03-01,22.0,11.5,0.4,3.7,15.5
2017-03-02,19.3,12.2,0.0,3.56,18.4
2017-03-03,18.6,11.4,0.0,2.59,20.5
2017-03-04,20.4,12.2,1.0,2.93,26.2
2017-03-05,19.9,12.6,0.0,3.15,23.0
2017-03-06,20.0,13.1,0.0,2.92,18.3
2017-03-07,17.6,10.6,11.6,1.06,26.5
2017-03-08,14.6,10.1,0.7,2.87,36.7
2017-03-09,21.3,10.1,0.0,3.35,22.5
2017-03-10,24.1,13.9,7.4,3.32,20.0
2017-03-11,21.5,16.6,30.4,1.41,32.1
2017-03-12,22.0,13.1,9.4,1.58,28.0
2017-03-13,19.4,13.1,3.3,2.05,20.2
2017-03-14,14.7,10.9,2.0,1.88,27.5
2017-03-15,14.9,9.1,0.0,2.41,23.0
2017-03-16,20.0,8.1,0.0,3.35,10.7
2017-03-17,22.1,10.9,0.0,3.15,14.6
2017-03-18,19.1,11.3,0.4,2.04,21.7
2017-03-19,18.8,8.7,0.0,3.31,16.4
2017-03-20,17.3,10.1,0.0,2.21,23.1
2017-03-21,20.1,12.6,0.0,3.2,18.0
2017-03-22,19.9,14.0,1.7,0.85,21.4
2017-03-23,19.4,11.8,0.4,1.59,14.1
2017-03-24,18.2,10.9,0.6,1.37,20.6
2017-03-25,19.8,14.8,4.3,1.37,12.8
2017-03-26,19.8,15.2,1.0,2.09,21.3
2017-03-27,19.9,15.6,18.8,1.47,15.8
2017-03-28,21.7,14.4,1.2,2.25,14.5
2017-03-29,20.1,13.9,19.0,1.14,23.4
2017-03-30,19.0,13.5,3.1,1.54,19.2
2017-03-31,19.2,12.6,0.0,2.17,12.3
2017-04-01,19.6,10.9,0.0,2.25,14.5
2017-04-02,19.5,12.9,0.0,1.24,22.1
2017-04-03,18.0,12.7,16.4,0.42,20.4
2017-04-04,13.0,11.1,78.9,0.82,35.9
2017-04-05,17.2,12.1,72.5,0.73,27.0
2017-04-06,15.2,10.9,3.3,1.74,40.1
2017-04-07,16.0,7.2,0.7,1.98,14.8
2017-04-08,15.7,7.0,0.0,2.39,18.5
2017-04-09,18.0,7.6,0.0,2.14,12.0
2017-04-10,19.8,8.4,0.0,2.53,11.4
2017-04-11,20.1,13.2,3.7,1.52,20.4
2017-04-12,18.9,16.7,24.0,0.86,23.5
2017-04-13,18.7,14.8,27.1,0.87,26.0
2017-04-14,17.5,13.4,11.5,1.65,29.2
2017-04-15,15.7,11.3,4.9,1.37,26.0
2017-04-16,15.9,11.2,0.5,1.57,24.0
2017-04-17,15.4,9.7,6.8,1.23,17.1
2017-04-18,15.6,6.8,0.0,1.78,15.5
2017-04-19,14.3,5.9,0.7,1.33,19.5
2017-04-20,13.4,6.2,0.0,1.62,19.1
2017-04-21,13.9,5.5,0.0,1.95,11.4
2017-04-22,17.0,4.6,0.0,1.91,9.8
2017-04-23,17.2,6.9,0.0,1.94,12.0
2017-04-24,16.8,8.6,0.0,1.7,15.7
2017-04-25,17.4,8.8,0.0,1.85,15.5
2017-04-26,16.9,7.0,0.0,1.83,12.8
2017-04-27,17.5,8.7,0.0,1.64,14.7
2017-04-28,17.9,11.1,0.0,1.66,33.1
2017-04-29,16.8,14.1,2.4,0.81,23.5
2017-04-30,15.3,8.3,14.9,1.05,28.6
2017-05-01,10.1,5.3,9.3,1.33,29.6
2017-05-02,12.6,3.0,0.0,1.37,12.8
2017-05-03,13.9,8.1,4.1,1.24,30.0
2017-05-04,13.0,8.3,3.0,1.77,32.3
2017-05-05,13.4,5.5,0.2,1.4,18.4
2017-05-06,14.8,4.2,0.0,1.52,8.2
2017-05-07,14.2,5.1,0.0,1.03,11.2
2017-05-08,14.8,7.3,0.0,1.27,17.7
2017-05-09,16.1,9.1,0.0,1.27,18.9
2017-05-10,17.5,10.7,0.4,1.45,14.2
2017-05-11,14.8,11.6,60.6,0.57,27.5
2017-05-12,11.7,9.8,24.6,0.52,28.2
2017-05-13,10.2,5.5,0.0,1.18,29.3
2017-05-14,13.1,4.0,0.0,0.8,9.5
2017-05-15,13.3,5.9,0.6,0.82,11.0
2017-05-16,13.1,7.0,0.5,1.21,24.5
2017-05-17,15.8,11.4,1.9,1.13,35.2
2017-05-18,13.9,10.6,8.2,0.47,30.7
2017-05-19,12.1,8.0,2.8,1.87,32.9
2017-05-20,9.4,2.2,15.4,0.79,31.5
2017-05-21,9.4,0.9,0.0,1.43,20.5
2017-05-22,10.7,-0.8,0.0,1.27,12.8
2017-05-23,12.7,4.0,1.5,0.88,20.4
2017-05-24,12.7,7.2,7.1,0.84,17.1
2017-05-25,13.1,3.4,0.0,1.22,13.6
2017-05-26,14.8,4.1,0.1,1.5,25.0
2017-05-27,14.9,10.8,7.2,0.79,21.8
2017-05-28,12.0,9.7,3.8,0.47,21.8
2017-05-29,14.1,7.7,1.6,0.94,14.0
2017-05-30,13.6,8.4,0.0,1.06,15.6
2017-05-31,14.4,6.2,1.3,0.99,17.9
2017-06-01,14.9,4.8,0.0,1.08,9.7
2017-06-02,13.9,4.3,0.0,1.17,17.7
2017-06-03,11.6,4.9,0.0,0.89,22.9
2017-06-04,9.9,2.8,0.0,0.92,15.8
2017-06-05,11.9,4.8,2.6,1.01,18.1
2017-06-06,11.4,3.5,1.1,0.88,9.6
2017-06-07,11.5,3.8,0.0,0.92,12.0
2017-06-08,10.5,3.3,0.0,0.8,16.9
2017-06-09,11.1,3.8,0.0,0.77,14.2
2017-06-10,12.9,6.4,2.4,1.0,29.0
2017-06-11,12.4,3.4,0.0,0.99,14.5
2017-06-12,12.7,8.1,0.4,0.67,21.2
2017-06-13,12.6,8.9,11.0,0.57,33.0
2017-06-14,10.7,3.8,4.8,1.54,37.5
2017-06-15,10.4,0.9,0.1,0.96,20.5
2017-06-16,12.4,5.4,1.3,0.87,21.5
2017-06-17,12.4,3.2,0.0,0.98,7.5
2017-06-18,12.7,4.4,0.3,0.63,19.8
2017-06-19,13.4,6.7,0.0,0.83,13.4
2017-06-20,14.2,1.5,0.0,1.07,9.6
2017-06-21,13.6,2.4,0.0,1.22,13.9
2017-06-22,11.9,2.1,10.3,0.54,21.9
2017-06-23,12.0,8.6,14.5,0.23,23.7
2017-06-24,11.0,8.8,7.2,0.47,25.2
2017-06-25,11.8,5.8,2.5,0.72,17.9
2017-06-26,10.0,4.8,0.0,0.8,14.5
2017-06-27,10.9,2.1,0.0,0.78,7.3
2017-06-28,11.3,4.0,0.0,0.77,7.7
2017-06-29,10.6,1.8,0.0,0.99,9.2
2017-06-30,11.1,1.3,0.1,0.96,24.0
2017-07-01,13.2,8.9,9.9,1.3,42.5
2017-07-02,12.9,7.8,5.2,0.74,29.7
2017-07-03,11.9,6.0,1.5,0.77,14.4
2017-07-04,11.9,4.9,1.1,0.8,31.0
2017-07-05,9.7,2.2,0.4,0.81,13.5
2017-07-06,9.9,1.6,0.1,0.68,9.7
2017-07-07,10.4,5.6,4.7,0.65,20.1
2017-07-08,11.1,4.3,0.2,0.86,19.9
2017-07-09,9.9,6.9,7.9,0.48,15.6
2017-07-10,11.5,5.6,4.8,0.83,16.7
2017-07-11,10.9,5.6,1.2,0.89,20.9
2017-07-12,6.8,2.6,16.9,0.6,29.8
2017-07-13,5.6,3.0,30.6,0.28,40.3
2017-07-14,7.7,3.8,2.5,0.7,32.0
2017-07-15,9.4,4.1,0.4,0.83,14.2
2017-07-16,11.1,3.9,0.8,1.0,17.0
2017-07-17,11.1,7.7,26.9,0.57,31.3
2017-07-18,11.8,4.3,0.1,1.12,11.9
2017-07-19,13.8,6.7,0.0,1.1,23.8
2017-07-20,14.9,8.6,9.6,0.88,35.1
2017-07-21,11.9,8.2,8.2,0.98,32.5
2017-07-22,10.4,7.6,15.7,0.44,31.8
2017-07-23,9.9,6.1,0.0,0.65,18.2
2017-07-24,10.9,7.3,1.8,0.76,20.7
2017-07-25,11.6,6.6,0.3,1.14,22.4
2017-07-26,11.5,6.2,0.0,1.09,22.9
2017-07-27,9.6,6.2,14.5,0.43,28.5
2017-07-28,7.6,3.2,4.7,0.65,20.8
2017-07-29,7.5,0.7,0.9,0.97,23.4
2017-07-30,9.7,-2.4,0.0,1.22,8.9
2017-07-31,9.6,-1.0,0.0,1.04,17.0
2017-08-01,11.2,6.7,28.6,0.35,18.7
2017-08-02,8.6,5.6,14.7,0.34,17.1
2017-08-03,8.5,3.6,0.0,1.45,26.1
2017-08-04,10.3,1.9,0.0,1.24,19.1
2017-08-05,12.2,-0.6,0.0,1.49,11.2
2017-08-06,10.4,4.9,8.5,1.05,31.3
2017-08-07,15.0,8.4,0.7,1.3,20.1
2017-08-08,14.1,8.4,5.0,0.78,27.7
2017-08-09,12.8,10.1,18.6,0.56,36.2
2017-08-10,12.5,8.1,3.0,1.01,27.5
2017-08-11,11.7,7.8,3.3,1.04,26.8
2017-08-12,14.1,7.2,6.9,1.01,27.7
2017-08-13,13.4,8.6,0.1,1.38,28.0
2017-08-14,10.5,6.8,3.2,1.1,23.8
2017-08-15,10.8,5.8,2.6,1.08,26.3
2017-08-16,13.1,7.0,5.2,1.45,24.8
2017-08-17,12.6,9.7,6.0,0.71,37.6
2017-08-18,14.1,5.8,0.0,1.71,14.2
2017-08-19,13.1,8.3,7.3,0.85,22.9
2017-08-20,9.5,6.8,4.4,0.65,27.4
2017-08-21,9.5,3.5,0.0,1.13,27.1
2017-08-22,9.2,1.9,0.1,1.51,15.3
2017-08-23,12.2,-1.6,0.0,1.78,10.6
2017-08-24,13.1,1.9,0.0,1.69,14.5
2017-08-25,13.9,4.2,0.0,1.88,15.9
2017-08-26,13.9,5.2,0.0,1.74,21.9
2017-08-27,14.6,7.8,0.4,2.15,30.9
2017-08-28,15.8,11.2,6.7,1.91,34.3
2017-08-29,14.9,7.3,1.0,1.15,15.6
2017-08-30,14.6,6.6,3.2,1.45,9.3
2017-08-31,12.8,7.1,4.4,1.1,15.9
2017-09-01,10.9,6.9,2.3,0.92,17.8
2017-09-02,9.9,6.2,4.3,0.83,25.9
2017-09-03,10.1,4.6,0.8,1.15,21.6
2017-09-04,11.1,3.5,0.8,1.49,8.5
2017-09-05,12.5,4.3,4.8,1.41,29.5
2017-09-06,14.6,8.9,17.5,1.6,33.9
2017-09-07,11.4,6.8,18.0,1.53,30.2
2017-09-08,11.9,6.7,2.0,2.0,30.4
2017-09-09,9.2,4.6,16.1,0.7,28.8
2017-09-10,8.4,4.3,4.3,1.33,24.5
2017-09-11,9.4,3.0,3.4,1.61,16.1
2017-09-12,10.6,4.0,0.9,1.79,34.4
2017-09-13,13.4,7.8,3.5,1.61,23.8
2017-09-14,18.5,10.9,4.3,2.0,23.3
2017-09-15,15.9,11.9,1.3,2.16,43.2
2017-09-16,12.2,8.1,12.2,1.81,32.4
2017-09-17,13.6,6.8,9.4,1.85,34.3
2017-09-18,10.3,6.0,9.1,1.55,29.5
2017-09-19,11.9,3.5,0.3,1.95,16.0
2017-09-20,13.3,6.5,0.4,1.7,9.7
2017-09-21,13.1,6.3,14.0,1.12,20.8
2017-09-22,11.9,4.1,1.0,1.92,15.8
2017-09-23,14.0,5.2,0.6,2.16,21.3
2017-09-24,15.9,8.7,0.9,1.37,21.9
2017-09-25,15.1,10.9,4.6,1.49,38.6
2017-09-26,14.0,10.9,19.9,0.93,45.5
2017-09-27,14.7,8.4,1.5,2.19,11.0
2017-09-28,15.2,5.2,0.2,2.06,18.6
2017-09-29,14.1,5.7,1.5,1.45,20.0
2017-09-30,13.6,8.5,3.1,1.95,19.8
2017-10-01,10.5,6.4,7.3,1.01,29.1
2017-10-02,13.8,7.3,1.5,2.18,42.3
2017-10-03,13.9,9.8,1.3,2.17,28.3
2017-10-04,14.4,8.8,0.4,2.1,26.8
2017-10-05,15.2,9.6,1.5,2.38,19.9
2017-10-06,15.6,9.9,4.5,1.65,21.2
2017-10-07,13.2,9.8,9.9,0.94,18.4
2017-10-08,15.6,9.8,10.0,1.49,22.9
2017-10-09,17.0,8.9,13.7,2.23,14.3
2017-10-10,16.1,8.4,8.7,2.24,21.3
2017-10-11,12.6,8.1,12.2,1.56,38.5
2017-10-12,14.1,7.1,1.1,2.1,21.2
2017-10-13,12.9,5.9,0.7,1.14,26.1
2017-10-14,15.9,7.3,0.0,3.08,20.6
2017-10-15,12.1,8.0,4.5,2.72,30.9
2017-10-16,14.6,9.1,0.9,2.15,30.4
2017-10-17,13.1,8.1,0.3,1.88,29.8
2017-10-18,12.4,5.6,1.0,1.92,28.5
2017-10-19,12.8,3.3,0.0,2.59,15.3
2017-10-20,17.4,8.1,0.0,3.54,12.6
2017-10-21,14.1,8.9,1.6,2.0,31.0
2017-10-22,13.9,7.9,0.0,2.44,27.6
2017-10-23,14.9,8.7,0.9,1.83,18.6
2017-10-24,15.1,9.1,2.3,2.75,23.1
2017-10-25,13.9,9.4,1.0,2.02,26.6
2017-10-26,14.5,9.4,5.4,2.82,22.1
2017-10-27,17.5,5.4,0.0,3.71,17.6
2017-10-28,18.9,10.6,1.2,2.59,12.4
2017-10-29,16.8,12.4,10.1,1.43,22.0
2017-10-30,17.8,12.0,2.0,2.27,16.8
2017-10-31,18.4,11.6,1.4,2.88,11.4
2017-11-01,18.0,11.5,0.3,2.73,17.5
2017-11-02,18.1,9.9,0.0,3.44,22.8
2017-11-03,18.4,11.9,4.9,1.86,36.2
2017-11-04,19.4,12.9,1.9,2.87,25.5
2017-11-05,14.8,9.9,0.9,2.07,21.3
2017-11-06,12.9,7.0,1.0,3.18,25.4
2017-11-07,15.6,5.1,0.0,3.5,40.8
2017-11-08,14.3,8.6,17.3,2.89,47.2
2017-11-09,15.1,7.3,0.0,2.97,21.0
2017-11-10,16.7,9.6,0.4,3.21,20.5
2017-11-11,14.6,7.4,0.0,3.37,32.8
2017-11-12,12.1,6.2,0.6,2.35,23.7
2017-11-13,13.6,6.3,0.4,2.51,16.8
2017-11-14,15.3,3.9,0.0,3.87,18.7
2017-11-15,15.8,7.0,0.4,2.84,12.8
2017-11-16,15.8,7.2,2.3,2.77,16.8
2017-11-17,17.8,8.8,0.0,3.42,18.5
2017-11-18,14.3,9.2,0.0,3.2,32.3
2017-11-19,15.6,7.5,0.0,3.78,29.7
2017-11-20,17.6,8.4,0.0,4.38,24.9
2017-11-21,18.3,8.7,0.0,4.09,17.7
2017-11-22,19.1,9.4,0.0,4.59,15.5
2017-11-23,22.4,8.4,0.0,5.23,11.7
2017-11-24,22.0,11.4,0.0,3.95,16.6
2017-11-25,20.2,11.6,0.0,2.63,16.6
2017-11-26,19.0,13.5,3.7,1.81,9.2
2017-11-27,19.5,12.9,8.0,2.13,11.6
2017-11-28,21.6,11.9,5.8,3.88,11.2
2017-11-29,18.9,12.4,17.7,2.17,9.3
2017-11-30,20.6,12.9,2.5,3.42,16.9
2017-12-01,20.8,13.0,11.9,3.83,13.0
2017-12-02,20.2,13.3,3.0,3.32,12.0
2017-12-03,21.5,11.6,0.1,4.18,17.6
2017-12-04,23.0,10.1,0.0,5.24,15.5
2017-12-05,22.8,11.2,0.0,5.45,16.5
2017-12-06,24.5,11.8,0.0,5.35,16.9
2017-12-07,23.5,16.1,1.2,4.22,18.6
2017-12-08,21.2,17.0,4.0,2.64,13.2
2017-12-09,20.7,15.1,0.7,3.54,22.6
2017-12-10,21.5,15.1,0.8,3.67,25.4
2017-12-11,21.9,14.2,0.7,4.87,23.0
2017-12-12,20.7,12.9,0.1,4.36,22.6
2017-12-13,19.0,13.1,1.5,3.99,26.0
2017-12-14,19.5,11.4,1.5,4.23,24.0
2017-12-15,21.5,9.8,0.1,4.3,18.5
2017-12-16,22.5,12.4,0.2,3.07,14.3
2017-12-17,24.5,12.8,1.2,5.02,19.5
2017-12-18,20.5,12.5,2.8,3.08,21.2
2017-12-19,19.3,11.1,0.1,4.67,32.8
2017-12-20,17.1,10.2,3.6,4.31,28.1
2017-12-21,21.2,8.7,0.0,5.26,16.3
2017-12-22,22.5,14.0,1.2,3.59,21.6
2017-12-23,22.0,13.6,1.1,2.56,9.4
2017-12-24,21.4,15.9,1.0,3.19,18.1
2017-12-25,22.1,14.4,0.4,4.1,26.5
2017-12-26,17.8,11.6,8.7,2.36,24.2
2017-12-27,15.1,10.3,6.8,4.04,24.9
2017-12-28,14.1,9.0,0.8,3.4,30.8
2017-12-29,18.1,11.2,0.0,3.34,24.8
2017-12-30,20.6,9.8,0.1,4.15,15.5
2017-12-31,21.0,11.4,0.1,3.2,21.2
2018-01-01,21.4,13.6,12.3,2.71,18.3
2018-01-02,23.6,16.2,8.1,3.43,17.7
2018-01-03,23.0,15.6,4.3,3.34,16.7
2018-01-04,22.0,16.8,28.4,1.61,18.4
2018-01-05,20.8,15.6,40.9,1.31,27.0
2018-01-06,18.8,11.6,2.4,3.43,22.1
2018-01-07,19.5,10.1,0.0,4.67,18.7
2018-01-08,23.2,13.2,0.9,5.06,15.3
2018-01-09,23.5,13.7,0.5,4.18,18.0
2018-01-10,22.4,17.0,4.5,3.05,20.0
2018-01-11,22.6,15.6,0.3,3.29,14.5
2018-01-12,24.5,15.5,3.1,4.51,17.7
2018-01-13,22.6,16.5,7.0,3.83,22.7
2018-01-14,24.5,15.9,1.8,4.43,12.3
2018-01-15,24.2,16.9,0.9,4.09,12.0
2018-01-16,24.2,16.6,0.0,4.98,26.4
2018-01-17,21.4,15.8,2.0,3.54,33.8
2018-01-18,20.2,16.7,13.3,2.32,33.6
2018-01-19,22.9,17.2,6.4,2.78,24.7
2018-01-20,22.6,17.5,1.5,3.39,22.6
2018-01-21,25.0,16.0,0.1,4.04,12.2
2018-01-22,20.6,18.1,17.7,1.42,20.9
2018-01-23,24.2,17.2,1.1,4.26,17.7
2018-01-24,23.4,16.5,0.0,4.49,22.1
2018-01-25,25.6,17.0,0.0,4.56,20.0
2018-01-26,24.5,17.4,0.6,3.17,16.6
2018-01-27,25.5,17.0,0.5,4.28,14.6
2018-01-28,25.0,16.2,0.6,3.78,13.0
2018-01-29,26.4,16.7,1.1,4.87,9.2
2018-01-30,27.3,18.0,0.7,4.41,15.7
2018-01-31,24.9,17.9,0.0,5.31,34.1
2018-02-01,23.1,18.0,7.5,3.55,53.7
2018-02-02,18.6,14.2,0.8,3.33,19.9
2018-02-03,17.4,10.9,0.0,3.89,26.8
2018-02-04,20.6,7.8,0.0,4.91,14.3
2018-02-05,21.0,12.1,1.1,3.61,21.9
2018-02-06,19.3,11.2,0.9,3.58,24.9
2018-02-07,21.3,10.9,1.3,3.39,10.7
2018-02-08,22.2,12.2,0.0,4.59,19.4
2018-02-09,22.0,12.4,3.9,3.2,5.9
2018-02-10,22.2,16.5,14.3,1.59,14.8
2018-02-11,25.3,18.8,17.6,2.14,30.2
2018-02-12,24.8,18.9,1.6,3.81,24.6
2018-02-13,23.8,17.8,19.7,2.45,16.9
2018-02-14,21.1,14.6,1.5,2.35,16.7
2018-02-15,22.0,13.5,0.0,4.04,15.9
2018-02-16,23.7,14.6,0.9,3.34,15.7
2018-02-17,23.9,15.9,1.3,3.44,22.8
2018-02-18,23.6,17.3,1.7,3.26,16.2
2018-02-19,24.0,16.2,11.3,2.85,17.3
2018-02-20,24.5,18.3,3.6,3.52,56.1
2018-02-21,19.0,14.2,1.1,3.7,29.1
2018-02-22,17.2,11.4,1.5,2.72,21.6
2018-02-23,19.3,9.6,0.0,3.64,16.9
2018-02-24,19.9,11.1,0.4,2.48,17.6
2018-02-25,19.9,12.4,0.1,3.11,25.5
2018-02-26,17.8,11.9,11.3,1.45,25.0
2018-02-27,18.9,10.9,14.2,1.38,20.2
2018-02-28,22.5,15.1,0.9,4.0,20.7
2018-03-01,23.2,14.2,0.1,3.87,18.0
2018-03-02,22.8,15.9,1.8,2.33,10.8
2018-03-03,22.9,16.2,0.1,3.46,13.3
2018-03-04,23.7,14.1,0.0,3.46,13.7
2018-03-05,23.9,14.6,1.1,3.12,12.0
2018-03-06,21.6,15.3,2.2,2.11,14.2
2018-03-07,17.5,15.1,26.1,0.69,29.0
2018-03-08,16.2,13.2,12.2,1.28,34.9
2018-03-09,15.8,11.6,0.3,2.18,26.5
2018-03-10,17.0,8.7,0.0,3.0,21.4
2018-03-11,19.0,6.2,0.0,3.59,12.6
2018-03-12,20.0,8.4,0.0,2.83,13.2
2018-03-13,19.0,13.2,1.9,2.45,32.1
2018-03-14,17.8,11.7,1.0,3.26,22.5
2018-03-15,18.5,12.5,1.6,2.13,20.0
2018-03-16,19.4,14.1,6.1,1.56,23.9
2018-03-17,19.4,13.1,0.2,2.91,23.7
2018-03-18,20.2,9.1,0.0,3.32,11.6
2018-03-19,20.9,10.1,0.0,3.08,7.1
2018-03-20,21.8,11.6,0.0,3.02,13.0
2018-03-21,18.0,12.6,5.0,1.2,13.8
2018-03-22,18.9,13.7,6.4,1.41,18.2
2018-03-23,19.5,14.2,1.4,2.31,15.1
2018-03-24,19.0,13.8,5.7,2.23,25.5
2018-03-25,18.6,11.2,1.5,2.42,16.1
2018-03-26,20.1,9.9,0.0,2.93,15.9
2018-03-27,21.4,14.4,0.0,2.55,25.8
2018-03-28,18.4,15.4,6.1,0.9,22.0
2018-03-29,19.9,12.3,1.2,1.78,18.4
2018-03-30,19.1,10.1,0.0,2.9,10.2
2018-03-31,19.2,9.6,0.7,1.77,25.6
2018-04-01,17.2,9.2,0.0,2.29,14.8
2018-04-02,16.8,9.8,0.0,1.93,18.7
2018-04-03,20.6,11.1,0.9,2.07,22.4
2018-04-04,19.0,13.1,0.3,2.36,21.8
2018-04-05,19.1,10.9,0.0,2.8,20.0
2018-04-06,18.2,10.0,0.0,2.25,19.9
2018-04-07,18.2,11.4,1.5,1.91,25.5
2018-04-08,17.8,7.3,0.2,2.22,22.5
2018-04-09,16.9,10.5,2.1,1.97,26.8
2018-04-10,16.4,3.4,79.2,1.08,44.0
2018-04-11,7.4,4.8,24.3,0.8,32.3
2018-04-12,13.1,6.7,4.7,1.49,31.0
2018-04-13,14.4,9.8,4.4,2.01,30.8
2018-04-14,15.1,8.9,0.1,1.2,11.9
2018-04-15,17.5,8.9,0.5,1.78,21.5
2018-04-16,17.9,12.1,13.2,1.29,29.7
2018-04-17,18.2,10.6,5.4,1.38,28.8
2018-04-18,11.9,9.1,7.8,1.56,31.1
2018-04-19,15.5,9.0,0.7,1.63,21.3
2018-04-20,15.8,11.2,0.8,1.63,30.4
2018-04-21,15.6,12.4,1.3,1.53,27.1
2018-04-22,13.4,6.8,1.7,1.88,24.8
2018-04-23,14.0,6.8,0.7,1.1,17.7
2018-04-24,14.0,8.9,0.8,1.24,20.1
2018-04-25,15.1,8.9,0.3,1.45,15.0
2018-04-26,15.2,8.9,0.0,1.16,18.4
2018-04-27,15.5,7.4,0.0,1.63,24.5
2018-04-28,16.9,12.4,7.4,0.9,20.9
2018-04-29,19.3,12.1,9.4,1.63,25.5
2018-04-30,18.9,12.4,3.5,1.41,16.2
2018-05-01,16.0,9.5,0.3,0.88,15.1
2018-05-02,13.3,6.2,0.0,1.57,30.1
2018-05-03,13.6,5.7,0.0,1.74,12.1
2018-05-04,15.7,3.0,0.0,1.43,8.1
2018-05-05,14.4,8.0,0.0,1.02,21.0
2018-05-06,15.7,10.9,7.3,1.42,27.4
2018-05-07,14.4,9.8,0.6,1.82,26.5
2018-05-08,15.8,9.4,0.0,1.38,27.0
2018-05-09,17.2,8.8,0.1,1.41,18.1
2018-05-10,15.6,8.2,0.0,1.13,16.0
2018-05-11,16.3,12.0,7.3,0.87,36.4
2018-05-12,17.2,11.9,13.9,0.75,23.5
2018-05-13,17.5,11.8,17.4,1.12,25.5
2018-05-14,16.5,9.2,0.4,1.21,16.2
2018-05-15,17.5,9.8,3.4,1.15,22.7
2018-05-16,15.8,11.4,1.9,0.75,32.0
2018-05-17,11.2,9.1,2.4,1.05,23.1
2018-05-18,13.8,8.8,0.9,1.24,26.7
2018-05-19,13.9,9.6,16.3,0.81,29.2
2018-05-20,14.2,8.9,0.2,1.26,26.9
2018-05-21,14.1,9.1,3.9,1.2,27.6
2018-05-22,14.4,7.5,5.1,1.27,32.7
2018-05-23,11.5,4.7,11.2,1.0,27.4
2018-05-24,11.4,3.9,13.4,0.87,31.3
2018-05-25,9.9,5.0,9.7,0.96,24.0
2018-05-26,9.6,3.5,1.6,0.89,23.3
2018-05-27,10.2,6.1,6.8,0.84,26.3
2018-05-28,6.9,4.0,7.5,0.88,30.5
2018-05-29,8.9,4.6,0.9,0.88,20.8
2018-05-30,8.6,2.3,0.0,0.81,15.3
2018-05-31,10.1,1.5,0.0,1.01,11.2
2018-06-01,11.1,1.0,0.0,1.06,9.5
2018-06-02,13.6,2.9,0.0,1.15,12.9
2018-06-03,11.9,4.7,7.6,0.57,24.0
2018-06-04,14.9,8.1,0.3,0.77,16.1
2018-06-05,11.2,6.8,0.5,0.47,23.8
2018-06-06,8.6,2.5,7.9,0.51,26.0
2018-06-07,8.8,2.3,7.7,0.53,32.8
2018-06-08,10.7,2.7,0.4,0.8,28.8
2018-06-09,11.8,1.6,0.0,0.99,15.4
2018-06-10,12.2,5.2,0.0,0.79,12.4
2018-06-11,11.1,5.7,1.1,0.8,30.8
2018-06-12,12.5,9.6,3.0,0.83,41.6
2018-06-13,11.9,10.1,17.0,0.24,16.2
2018-06-14,12.4,8.6,0.5,0.75,23.6
2018-06-15,13.9,7.3,0.3,0.85,16.4
2018-06-16,14.1,9.9,1.6,0.89,19.7
2018-06-17,12.9,7.1,3.0,0.86,20.8
2018-06-18,11.6,8.8,14.6,0.44,35.1
2018-06-19,10.7,6.9,2.1,0.94,27.0
2018-06-20,9.8,4.5,0.0,1.02,32.6
2018-06-21,10.4,3.6,0.0,1.12,21.7
2018-06-22,8.2,1.2,0.0,0.89,12.0
2018-06-23,9.9,1.1,1.0,0.56,17.3
2018-06-24,11.6,5.8,4.8,0.68,25.9
2018-06-25,9.4,5.1,8.2,0.65,25.0
2018-06-26,7.2,2.8,4.2,0.87,26.2
2018-06-27,9.9,-0.6,0.0,0.98,10.0
2018-06-28,10.1,2.3,0.1,0.71,9.2
2018-06-29,9.6,-0.2,0.0,0.83,15.8
2018-06-30,9.6,-3.6,0.0,0.6,11.7
2018-07-01,11.0,4.7,18.8,0.5,34.2
2018-07-02,10.8,7.1,12.9,0.65,25.6
2018-07-03,9.4,2.7,0.0,1.01,20.7
2018-07-04,10.8,0.1,0.0,0.83,16.2
2018-07-05,10.6,2.2,0.0,0.87,10.8
2018-07-06,11.1,1.8,0.0,1.0,17.3
2018-07-07,12.6,6.4,3.3,0.87,38.1
2018-07-08,13.2,10.4,17.7,0.91,48.3
2018-07-09,10.6,6.4,11.2,0.87,36.4
2018-07-10,8.9,3.8,3.9,0.6,18.0
2018-07-11,10.4,5.4,1.0,0.82,19.6
2018-07-12,11.1,2.8,3.2,0.79,16.9
2018-07-13,10.9,2.3,0.0,0.76,18.4
2018-07-14,13.7,5.2,0.0,1.18,18.5
2018-07-15,13.4,5.0,4.8,0.64,16.1
2018-07-16,12.1,7.8,2.4,0.85,25.3
2018-07-17,11.9,6.8,0.2,1.02,22.7
2018-07-18,11.6,5.1,0.5,0.9,16.2
2018-07-19,11.9,5.3,2.2,0.8,19.7
2018-07-20,11.4,6.2,1.2,0.59,20.0
2018-07-21,10.8,5.5,1.4,1.1,34.6
2018-07-22,11.9,6.7,17.8,0.9,31.1
2018-07-23,10.1,4.1,1.1,1.11,24.6
2018-07-24,10.8,2.5,0.4,1.04,10.0
2018-07-25,10.3,1.1,3.4,0.87,15.1
2018-07-26,10.9,6.9,7.7,0.79,28.4
2018-07-27,11.6,6.3,7.9,0.99,20.8
2018-07-28,11.5,7.1,4.0,0.96,29.3
2018-07-29,11.4,6.7,7.4,0.7,25.6
2018-07-30,9.9,1.6,0.0,1.2,16.0
2018-07-31,10.6,2.3,0.5,1.07,25.9
2018-08-01,13.4,7.7,1.1,1.16,22.3
2018-08-02,12.4,7.4,5.3,1.08,24.0
2018-08-03,12.2,5.2,7.3,1.2,17.7
2018-08-04,10.9,2.5,0.0,0.87,11.4
2018-08-05,10.9,6.4,8.0,0.56,14.8
2018-08-06,13.8,6.7,5.5,1.12,19.4
2018-08-07,14.4,6.1,0.3,1.4,18.9
2018-08-08,12.9,8.9,4.2,0.95,34.5
2018-08-09,12.6,7.9,1.8,1.18,27.0
2018-08-10,12.7,6.7,0.3,0.99,15.0
2018-08-11,13.1,3.5,0.0,1.59,12.0
2018-08-12,13.5,0.8,0.0,1.66,10.1
2018-08-13,12.2,4.0,1.0,1.56,22.0
2018-08-14,11.8,8.0,11.5,1.1,27.3
2018-08-15,10.1,4.9,5.5,0.72,20.7
2018-08-16,13.6,6.6,2.7,1.35,26.0
2018-08-17,11.9,6.4,10.7,0.81,26.5
2018-08-18,9.0,2.8,3.9,0.83,22.8
2018-08-19,11.4,-0.2,0.0,1.39,13.3
2018-08-20,12.6,5.8,10.6,1.07,32.8
2018-08-21,12.0,7.2,3.0,1.26,26.2
2018-08-22,10.8,6.2,6.2,1.21,27.3
2018-08-23,8.9,2.7,14.4,1.08,13.8
2018-08-24,10.2,2.4,4.9,1.34,17.4
2018-08-25,11.7,2.8,2.3,1.28,24.5
2018-08-26,12.9,1.8,0.0,1.54,16.2
2018-08-27,13.6,5.6,0.0,1.45,15.6
2018-08-28,13.6,6.3,0.0,1.55,17.1
2018-08-29,14.9,7.6,1.3,1.89,41.7
2018-08-30,13.9,7.4,0.0,1.95,13.9
2018-08-31,11.8,3.9,4.2,1.11,15.9
2018-09-01,14.1,4.2,0.3,1.8,21.2
2018-09-02,13.2,9.2,13.4,1.25,29.8
2018-09-03,10.9,5.8,8.4,1.49,31.4
2018-09-04,9.1,5.2,13.4,0.89,34.8
2018-09-05,8.8,6.6,4.7,0.7,34.7
2018-09-06,9.4,5.5,1.4,1.37,37.5
2018-09-07,8.8,6.2,0.7,1.02,31.8
2018-09-08,10.2,5.2,0.3,1.4,22.7
2018-09-09,9.8,2.0,0.0,1.64,17.8
2018-09-10,13.4,0.8,0.0,1.93,14.0
2018-09-11,11.9,3.8,0.0,1.51,23.1
2018-09-12,13.9,2.3,0.0,2.2,15.6
2018-09-13,11.8,5.0,0.0,1.23,20.6
2018-09-14,13.6,7.2,0.7,1.16,23.0
2018-09-15,17.2,7.8,0.1,2.45,17.6
2018-09-16,15.6,7.9,0.2,2.16,28.7
2018-09-17,15.8,9.4,2.6,1.91,31.5
2018-09-18,14.5,8.6,9.0,2.01,23.7
2018-09-19,17.1,7.5,0.0,1.76,10.5
2018-09-20,17.7,7.1,0.1,2.47,14.8
2018-09-21,14.4,6.7,2.4,1.13,14.1
2018-09-22,13.8,7.1,0.0,2.34,24.8
2018-09-23,15.2,4.1,0.0,2.62,18.1
2018-09-24,13.9,7.2,6.2,1.95,23.6
2018-09-25,10.3,5.1,6.2,1.9,35.6
2018-09-26,11.1,7.1,0.2,2.27,34.6
2018-09-27,11.4,3.3,1.7,2.14,14.4
2018-09-28,11.8,2.5,0.9,2.02,18.2
2018-09-29,13.3,5.3,1.6,1.97,22.0
2018-09-30,14.1,6.0,0.0,2.1,24.0
2018-10-01,13.2,8.0,8.4,1.02,29.2
2018-10-02,14.9,7.2,1.6,1.91,25.2
2018-10-03,15.3,7.3,0.1,2.51,17.8
2018-10-04,14.4,6.5,0.5,1.73,18.6
2018-10-05,16.5,5.9,0.0,2.78,15.9
2018-10-06,17.9,8.2,0.1,2.79,13.2
2018-10-07,14.5,6.0,0.5,1.81,16.9
2018-10-08,16.0,5.0,0.3,2.64,18.2
2018-10-09,14.0,6.5,0.0,2.72,21.4
2018-10-10,13.3,6.8,1.3,1.82,20.4
2018-10-11,16.4,7.3,4.1,2.39,28.9
2018-10-12,11.9,4.9,14.4,1.37,30.1
2018-10-13,8.5,3.2,1.0,2.08,27.1
2018-10-14,11.9,2.5,0.2,2.71,18.9
2018-10-15,14.2,1.7,0.0,2.91,14.2
2018-10-16,14.1,5.7,0.2,2.45,20.5
2018-10-17,13.3,7.9,0.2,2.38,27.4
2018-10-18,16.2,7.2,0.0,2.78,22.7
2018-10-19,19.5,1.2,0.0,4.35,16.1
2018-10-20,17.4,8.6,0.0,2.63,16.9
2018-10-21,16.5,8.0,0.2,2.1,13.4
2018-10-22,19.5,6.3,0.0,3.17,13.0
2018-10-23,19.9,9.1,0.0,2.83,16.1
2018-10-24,18.4,10.5,0.0,3.04,18.8
2018-10-25,17.3,10.1,2.7,2.63,22.9
2018-10-26,14.8,6.9,3.0,2.44,16.8
2018-10-27,14.4,7.1,7.4,1.5,29.9
2018-10-28,15.7,8.1,1.1,2.33,20.6
2018-10-29,15.1,8.3,7.6,1.98,19.7
2018-10-30,13.1,7.3,4.3,1.61,24.9
2018-10-31,14.9,7.7,1.7,3.03,19.5
2018-11-01,10.4,7.2,11.2,1.5,36.5
2018-11-02,15.3,4.1,0.0,3.5,19.4
2018-11-03,15.8,8.8,6.5,1.24,37.4
2018-11-04,14.6,9.6,2.1,2.93,34.1
2018-11-05,14.6,9.6,0.8,2.59,27.0
2018-11-06,18.5,8.1,0.0,3.34,15.3
2018-11-07,19.0,10.8,0.0,3.12,28.9
2018-11-08,20.2,14.7,0.5,3.07,35.9
2018-11-09,17.1,8.4,10.5,1.53,38.2
2018-11-10,14.3,8.4,1.0,2.54,16.6
2018-11-11,17.9,10.5,1.8,2.95,15.0
2018-11-12,17.0,9.1,16.4,2.09,14.9
2018-11-13,18.1,8.0,1.1,4.23,13.9
2018-11-14,19.3,7.9,2.4,3.09,11.8
2018-11-15,19.5,12.9,1.3,2.98,16.6
2018-11-16,19.2,10.6,0.1,3.54,18.6
2018-11-17,18.0,8.7,0.6,3.16,14.4
2018-11-18,15.1,9.0,7.0,1.5,22.1
2018-11-19,11.4,4.3,3.6,2.03,15.6
2018-11-20,12.9,2.8,7.6,2.9,11.0
2018-11-21,13.8,5.2,5.4,2.16,20.0
2018-11-22,14.1,5.2,1.0,3.39,18.2
2018-11-23,20.1,7.2,0.0,4.22,14.6
2018-11-24,18.6,11.6,4.1,2.63,24.3
2018-11-25,21.0,9.1,26.5,2.52,14.6
2018-11-26,17.5,11.4,17.6,2.5,13.4
2018-11-27,16.2,10.1,4.0,1.67,26.2
2018-11-28,19.8,10.5,2.5,3.58,20.8
2018-11-29,17.3,10.1,0.8,3.06,21.9
2018-11-30,20.5,11.1,3.6,3.17,10.8
2018-12-01,19.1,13.1,7.4,1.51,18.3
2018-12-02,21.7,12.2,4.7,4.3,19.4
2018-12-03,20.9,12.0,4.2,3.73,20.7
2018-12-04,20.2,12.9,6.2,3.35,31.7
2018-12-05,15.9,10.6,4.0,3.29,37.1
2018-12-06,14.6,9.2,5.6,3.03,21.3
2018-12-07,15.4,6.8,0.6,3.48,21.9
2018-12-08,21.8,8.2,0.0,4.82,20.9
2018-12-09,22.2,10.4,0.0,5.27,17.2
2018-12-10,20.6,11.9,0.1,3.63,20.9
2018-12-11,19.9,13.1,4.6,2.58,20.8
2018-12-12,19.5,13.6,4.1,2.98,13.4
2018-12-13,20.6,11.4,9.6,3.74,13.2
2018-12-14,21.1,12.8,18.4,3.39,14.5
2018-12-15,20.2,10.3,7.1,4.16,13.3
2018-12-16,23.0,11.7,0.0,5.28,14.4
2018-12-17,23.2,12.9,0.0,4.98,14.7
2018-12-18,21.5,12.4,0.0,4.72,23.4
2018-12-19,18.4,13.3,15.5,1.83,21.6
2018-12-20,16.8,11.7,8.7,2.36,15.3
2018-12-21,18.8,9.4,6.5,3.13,22.7
2018-12-22,18.9,11.6,1.1,3.95,18.4
2018-12-23,20.1,10.6,0.8,3.78,22.9
2018-12-24,22.4,14.2,11.2,2.79,17.1
2018-12-25,20.5,15.2,26.3,2.54,22.5
2018-12-26,20.2,13.1,1.7,3.7,16.2
2018-12-27,19.1,11.4,0.5,3.75,15.3
2018-12-28,21.2,10.8,0.4,4.24,14.5
2018-12-29,18.5,13.1,0.1,2.58,23.6
2018-12-30,21.4,12.1,0.0,3.42,21.1
2018-12-31,21.5,14.2,1.2,2.82,20.2
2019-01-01,24.0,13.8,0.3,4.5,18.5
2019-01-02,22.6,15.5,0.4,4.16,23.1
2019-01-03,22.6,14.6,1.6,3.68,29.5
2019-01-04,20.6,13.4,0.0,4.28,27.1
2019-01-05,23.8,11.9,0.0,5.13,20.9
2019-01-06,22.9,14.0,0.0,4.57,22.2
2019-01-07,23.2,13.5,0.5,3.72,24.5
2019-01-08,21.0,11.7,0.0,5.04,21.6
2019-01-09,23.9,10.1,0.0,4.87,22.5
2019-01-10,22.5,15.3,2.8,3.45,25.4
2019-01-11,21.8,14.0,2.3,4.44,23.9
2019-01-12,24.0,12.4,0.5,4.85,18.9
2019-01-13,21.5,15.8,1.0,4.29,26.8
2019-01-14,15.9,12.2,31.8,2.19,28.1
2019-01-15,17.7,11.8,3.2,1.78,30.7
2019-01-16,16.5,13.2,1.2,1.76,23.1
2019-01-17,23.4,14.6,0.0,4.94,18.1
2019-01-18,21.7,14.0,0.7,3.53,21.7
2019-01-19,23.0,15.1,0.1,4.61,26.0
2019-01-20,18.8,14.4,2.8,4.53,32.8
2019-01-21,19.6,13.4,1.9,3.5,34.2
2019-01-22,19.9,12.7,0.0,4.28,29.0
2019-01-23,23.5,14.6,0.9,3.88,27.1
2019-01-24,18.7,11.4,5.2,3.43,25.3
2019-01-25,21.9,9.4,0.0,4.6,16.3
2019-01-26,19.2,11.2,0.2,3.23,22.4
2019-01-27,23.1,12.1,1.2,2.48,24.9
2019-01-28,23.2,18.2,0.4,3.31,23.1
2019-01-29,29.2,15.7,0.0,5.02,15.6
2019-01-30,25.5,18.0,1.1,3.84,14.1
2019-01-31,27.0,17.0,0.0,4.6,14.9
2019-02-01,23.4,16.1,1.3,3.38,22.7
2019-02-02,21.6,12.8,1.7,4.39,25.0
2019-02-03,23.9,12.4,0.0,4.59,16.6
2019-02-04,24.0,14.5,0.1,4.08,16.8
2019-02-05,23.9,15.2,0.2,3.99,23.1
2019-02-06,20.2,13.0,1.4,3.18,30.5
2019-02-07,20.8,12.2,0.0,3.57,23.9
2019-02-08,20.9,12.3,0.0,3.78,11.9
2019-02-09,22.9,12.1,0.0,4.32,16.2
2019-02-10,23.5,12.8,0.0,4.29,18.6
2019-02-11,24.6,13.1,0.0,5.22,13.9
2019-02-12,22.5,14.4,1.2,3.38,23.5
2019-02-13,24.2,14.6,0.2,4.42,12.5
2019-02-14,26.6,12.0,0.0,4.98,16.3
2019-02-15,21.5,12.5,0.5,3.44,19.5
2019-02-16,20.1,12.8,0.0,4.04,23.4
2019-02-17,23.4,10.2,0.0,3.64,21.4
2019-02-18,21.2,12.1,0.1,3.93,20.5
2019-02-19,24.7,11.4,0.0,4.62,20.6
2019-02-20,22.6,14.6,0.3,3.23,14.4
2019-02-21,23.8,12.9,3.1,3.11,23.3
2019-02-22,20.6,16.8,13.3,1.71,28.9
2019-02-23,17.8,11.4,7.0,2.6,18.5
2019-02-24,15.8,10.4,15.5,2.14,33.1
2019-02-25,14.9,8.4,0.8,2.9,31.2
2019-02-26,18.0,5.3,0.0,4.01,11.8
2019-02-27,19.0,9.1,0.8,2.73,25.8
2019-02-28,15.6,9.1,0.0,3.63,23.5
2019-03-01,17.6,6.7,0.0,3.98,15.9
2019-03-02,18.0,9.5,0.0,3.73,21.0
2019-03-03,21.4,8.0,0.0,4.08,12.6
2019-03-04,21.2,7.7,0.0,3.97,17.7
2019-03-05,19.9,9.9,0.0,2.83,22.9
2019-03-06,20.2,13.4,3.9,2.02,18.9
2019-03-07,22.2,12.6,0.0,4.35,24.0
2019-03-08,18.5,12.7,26.5,1.01,26.7
2019-03-09,19.8,10.8,2.9,2.95,18.4
2019-03-10,19.3,11.3,0.1,2.49,18.9
2019-03-11,21.4,11.9,0.1,2.34,14.1
2019-03-12,21.2,13.8,1.6,2.38,21.4
2019-03-13,21.8,15.4,12.7,1.89,24.2
2019-03-14,22.2,17.2,15.9,1.97,14.1
2019-03-15,22.5,15.3,0.5,2.66,18.5
2019-03-16,22.3,14.2,0.1,2.53,16.1
2019-03-17,23.4,13.9,0.0,3.32,16.2
2019-03-18,22.5,14.1,0.3,2.94,14.6
2019-03-19,21.9,13.9,0.1,3.14,12.3
2019-03-20,20.6,12.9,0.0,2.92,15.9
2019-03-21,21.9,12.3,0.2,2.36,14.1
2019-03-22,21.6,12.6,0.2,2.61,14.1
2019-03-23,20.6,13.0,0.3,2.07,11.8
2019-03-24,21.2,12.0,0.0,2.41,13.0
2019-03-25,21.0,13.9,0.1,2.42,19.8
2019-03-26,20.6,14.6,0.0,2.85,32.7
2019-03-27,19.8,15.2,12.9,2.15,39.2
2019-03-28,19.5,10.9,0.1,2.31,27.1
2019-03-29,21.4,13.1,0.0,2.3,10.6
2019-03-30,21.5,11.8,0.3,2.36,7.9
2019-03-31,21.7,12.6,0.3,2.91,24.7
2019-04-01,19.3,14.2,24.3,1.44,37.7
2019-04-02,16.0,9.9,0.2,2.47,20.2
2019-04-03,15.2,8.4,0.0,2.74,21.2
2019-04-04,15.9,6.2,0.0,2.2,13.9
2019-04-05,15.5,6.8,0.5,1.6,23.5
2019-04-06,12.6,7.8,2.6,1.39,21.7
2019-04-07,13.7,6.6,0.2,1.87,15.8
2019-04-08,14.8,7.6,2.1,1.37,21.1
2019-04-09,17.0,6.3,0.0,1.91,15.9
2019-04-10,18.5,10.9,0.8,1.76,20.2
2019-04-11,14.1,11.8,26.3,0.72,30.7
2019-04-12,13.5,9.5,14.6,1.41,29.2
2019-04-13,11.9,6.0,0.4,1.73,20.5
2019-04-14,13.9,6.7,0.0,1.94,17.7
2019-04-15,13.5,6.8,0.1,1.96,16.6
2019-04-16,13.4,6.2,0.0,1.66,19.5
2019-04-17,14.0,7.6,0.0,1.69,16.9
2019-04-18,16.1,1.4,0.0,2.17,9.7
2019-04-19,17.0,5.5,0.0,2.16,9.7
2019-04-20,16.2,6.4,0.0,1.61,16.4
2019-04-21,15.2,10.1,12.8,0.96,29.5
2019-04-22,14.4,9.6,12.7,0.95,22.6
2019-04-23,16.7,7.6,0.2,1.72,11.9
2019-04-24,16.3,10.9,0.0,1.26,12.8
2019-04-25,18.2,10.9,0.1,1.42,15.8
2019-04-26,17.5,10.7,0.2,1.56,22.8
2019-04-27,18.1,10.9,1.8,1.5,25.6
2019-04-28,15.1,11.2,10.6,1.23,19.9
2019-04-29,14.0,8.7,14.4,1.36,31.6
2019-04-30,11.3,7.1,0.6,1.66,28.4
2019-05-01,12.2,5.3,0.0,1.29,18.2
2019-05-02,15.6,4.4,0.0,1.52,16.2
2019-05-03,17.6,4.4,0.0,1.78,7.3
2019-05-04,15.6,7.1,0.1,1.3,19.9
2019-05-05,16.9,9.1,0.0,1.53,14.7
2019-05-06,15.8,5.1,0.0,1.27,10.7
2019-05-07,16.9,7.3,0.0,1.39,9.2
2019-05-08,16.9,9.4,0.0,1.38,16.4
2019-05-09,17.0,10.1,0.9,1.8,34.4
2019-05-10,17.2,11.1,4.7,1.35,28.6
2019-05-11,16.6,11.2,0.0,1.17,14.0
2019-05-12,17.1,11.8,16.7,1.13,45.4
2019-05-13,14.8,7.8,14.2,1.2,32.1
2019-05-14,13.8,6.8,0.2,1.45,20.3
2019-05-15,14.8,10.1,5.9,1.42,28.0
2019-05-16,14.4,9.2,1.8,1.69,38.9
2019-05-17,9.6,4.7,0.2,0.94,16.0
2019-05-18,13.7,4.3,1.1,0.96,25.6
2019-05-19,14.1,8.9,2.4,1.22,30.8
2019-05-20,13.8,7.1,0.0,1.07,23.2
2019-05-21,12.9,7.8,0.1,0.84,18.4
2019-05-22,12.9,6.9,0.2,0.89,19.8
2019-05-23,14.6,9.1,1.3,0.67,13.1
2019-05-24,14.8,8.7,0.0,1.04,18.5
2019-05-25,14.1,7.2,0.0,1.16,16.6
2019-05-26,14.8,7.8,0.1,0.91,17.2
2019-05-27,16.1,8.2,0.6,1.08,25.4
2019-05-28,17.2,11.1,10.5,0.81,42.3
2019-05-29,14.9,10.6,2.6,1.41,34.0
2019-05-30,15.6,10.9,6.4,0.95,33.2
2019-05-31,13.8,8.6,25.9,0.88,34.3
2019-06-01,9.4,5.9,12.7,1.04,30.9
2019-06-02,8.1,5.9,11.4,0.86,28.7
2019-06-03,10.4,2.4,0.2,1.13,15.4
2019-06-04,12.3,7.6,1.0,0.84,20.8
2019-06-05,13.6,8.1,21.7,0.59,22.5
2019-06-06,11.3,3.5,4.8,1.01,22.6
2019-06-07,9.9,3.8,7.0,0.79,30.7
2019-06-08,12.9,7.6,2.6,1.04,35.6
2019-06-09,11.9,5.4,0.0,1.16,16.6
2019-06-10,12.5,8.6,1.1,0.71,19.7
2019-06-11,13.1,8.8,0.6,0.67,19.1
2019-06-12,13.1,9.2,1.7,0.68,20.7
2019-06-13,13.4,8.6,4.1,0.47,15.1
2019-06-14,14.9,8.9,0.0,0.71,12.5
2019-06-15,12.8,9.9,2.7,0.55,23.6
2019-06-16,12.1,7.3,1.9,0.98,27.2
2019-06-17,10.2,5.3,8.1,0.82,28.6
2019-06-18,10.5,3.0,0.0,0.96,13.3
2019-06-19,10.0,0.8,0.0,1.0,12.1
2019-06-20,11.2,1.2,0.2,1.33,29.9
2019-06-21,13.6,7.2,6.5,1.09,32.7
2019-06-22,11.4,5.4,0.1,0.78,11.5
2019-06-23,9.4,5.2,5.0,0.46,10.9
2019-06-24,10.2,4.7,0.6,0.86,17.9
2019-06-25,10.2,2.3,0.0,0.89,17.6
2019-06-26,11.2,-0.7,0.0,0.94,8.1
2019-06-27,11.2,-0.9,0.0,0.94,9.9
2019-06-28,10.9,-1.4,0.0,0.97,9.1
2019-06-29,10.5,-1.2,0.0,0.9,13.7
2019-06-30,11.4,3.1,0.0,0.89,12.3
2019-07-01,12.9,3.5,0.0,1.08,13.9
2019-07-02,14.2,7.8,0.1,1.22,22.9
2019-07-03,15.8,10.2,6.6,0.87,29.0
2019-07-04,13.7,7.3,23.2,0.4,28.2
2019-07-05,7.4,5.6,4.5,0.66,28.9
2019-07-06,9.6,5.5,3.4,0.77,29.3
2019-07-07,10.1,2.5,0.1,0.86,19.9
2019-07-08,11.1,5.9,0.7,1.05,27.8
2019-07-09,10.9,5.1,0.8,0.66,19.8
2019-07-10,11.9,6.2,4.0,0.83,24.9
2019-07-11,12.4,8.1,1.7,0.89,21.3
2019-07-12,13.2,8.4,6.2,0.71,26.6
2019-07-13,14.1,8.7,0.8,1.0,23.4
2019-07-14,13.0,7.6,26.0,0.58,33.6
2019-07-15,11.3,5.9,3.0,1.32,32.8
2019-07-16,12.0,7.2,42.3,0.91,42.2
2019-07-17,10.4,6.6,16.2,0.86,29.9
2019-07-18,11.5,6.1,1.5,1.03,22.8
2019-07-19,13.5,8.8,4.4,0.98,26.5
2019-07-20,11.4,7.1,8.3,0.63,19.6
2019-07-21,11.6,7.3,2.3,0.77,23.9
2019-07-22,12.9,4.2,0.0,1.13,9.1
2019-07-23,11.9,4.4,0.6,0.87,15.8
2019-07-24,13.1,3.2,1.2,1.08,7.9
2019-07-25,13.3,3.7,0.2,1.13,9.7
2019-07-26,14.2,3.2,0.4,1.23,7.4
2019-07-27,14.5,6.2,0.0,1.4,12.5
2019-07-28,13.1,5.4,0.0,1.23,15.9
2019-07-29,14.0,5.0,0.0,1.41,13.8
2019-07-30,11.8,7.5,15.0,0.69,20.3
2019-07-31,8.6,4.8,14.0,0.91,20.6
2019-08-01,8.6,2.2,4.0,1.17,20.1
2019-08-02,10.9,4.2,10.3,0.94,35.4
2019-08-03,10.9,6.4,5.6,1.52,33.0
2019-08-04,9.9,4.1,9.0,1.32,32.8
2019-08-05,8.1,3.3,2.7,1.59,33.0
2019-08-06,10.1,6.8,1.5,1.26,29.3
2019-08-07,11.2,6.7,9.8,1.11,26.7
2019-08-08,12.6,7.4,3.7,1.06,20.8
2019-08-09,13.1,7.9,9.9,0.86,21.3
2019-08-10,12.4,6.7,2.8,0.92,28.4
2019-08-11,11.4,8.1,9.7,0.67,28.4
2019-08-12,10.9,7.1,7.8,0.68,26.3
2019-08-13,11.0,6.2,1.3,1.35,32.1
2019-08-14,11.4,5.7,2.2,1.43,30.4
2019-08-15,10.9,1.5,0.0,1.3,13.4
2019-08-16,10.9,6.9,1.2,1.06,25.1
2019-08-17,11.4,4.8,12.2,0.58,26.8
2019-08-18,7.4,1.2,0.0,1.48,28.0
2019-08-19,10.2,-1.1,0.0,1.72,13.4
2019-08-20,11.4,2.2,1.5,1.83,41.2
2019-08-21,10.6,6.8,3.0,1.36,25.1
2019-08-22,12.1,6.9,9.6,1.25,27.4
2019-08-23,9.1,3.7,10.7,0.69,20.0
2019-08-24,10.1,4.0,5.1,1.23,27.4
2019-08-25,12.7,7.9,2.6,1.32,32.4
2019-08-26,11.5,7.8,7.2,1.31,40.7
2019-08-27,10.9,5.5,1.0,1.53,21.5
2019-08-28,12.1,6.1,0.2,1.49,21.8
2019-08-29,12.1,5.2,1.9,1.52,25.9
2019-08-30,12.4,5.9,2.5,1.18,17.8
2019-08-31,13.1,3.3,0.0,1.78,19.4
2019-09-01,14.1,1.5,0.0,2.08,16.9
2019-09-02,13.5,4.8,0.2,1.17,13.3
2019-09-03,13.8,4.2,2.1,1.25,13.0
2019-09-04,17.4,9.3,3.9,1.31,17.1
2019-09-05,15.4,9.5,11.8,0.81,13.6
2019-09-06,9.4,6.8,7.3,0.75,21.7
2019-09-07,10.8,6.3,8.5,1.51,20.5
2019-09-08,9.4,4.1,12.4,0.71,19.2
2019-09-09,8.7,4.8,2.6,1.12,24.3
2019-09-10,11.1,3.5,1.2,1.46,20.8
2019-09-11,11.6,3.4,0.2,1.74,27.9
2019-09-12,12.2,6.1,0.4,1.55,27.7
2019-09-13,14.2,8.5,2.0,1.8,24.7
2019-09-14,13.4,9.4,4.4,1.47,26.9
2019-09-15,12.2,6.9,2.6,2.02,27.9
2019-09-16,13.7,7.6,1.9,1.82,26.5
2019-09-17,13.8,6.3,3.6,1.3,26.7
2019-09-18,14.4,2.8,0.0,2.62,14.0
2019-09-19,13.8,2.5,0.0,2.54,16.6
2019-09-20,13.4,3.3,0.0,2.32,21.8
2019-09-21,13.4,4.2,0.0,2.42,13.6
2019-09-22,14.3,2.8,0.0,2.27,16.2
2019-09-23,14.1,6.0,1.1,1.8,24.9
2019-09-24,11.9,7.2,27.7,0.8,33.1
2019-09-25,11.2,4.6,20.3,1.69,35.9
2019-09-26,10.2,4.9,1.2,2.61,38.1
2019-09-27,13.0,8.7,1.8,2.15,33.5
2019-09-28,13.3,8.5,1.9,1.96,27.7
2019-09-29,15.2,7.6,2.8,1.86,24.2
2019-09-30,14.2,9.0,8.2,1.35,35.1
2019-10-01,11.0,4.4,16.7,1.22,19.2
2019-10-02,10.6,3.2,11.9,1.42,38.2
2019-10-03,10.5,2.7,5.4,1.5,18.7
2019-10-04,12.6,2.8,0.0,2.48,18.1
2019-10-05,15.0,7.4,9.8,2.04,29.8
2019-10-06,13.9,4.9,0.0,2.73,20.6
2019-10-07,15.9,6.2,0.6,2.26,25.0
2019-10-08,14.6,8.8,0.7,1.91,20.9
2019-10-09,17.2,9.2,0.0,2.51,22.3
2019-10-10,17.6,10.9,1.9,2.11,36.8
2019-10-11,16.2,8.5,9.0,2.2,22.8
2019-10-12,15.2,7.8,0.2,2.63,13.0
2019-10-13,14.6,6.4,0.2,2.66,12.5
2019-10-14,15.8,5.7,1.8,2.33,20.9
2019-10-15,13.2,8.8,7.9,1.49,31.2
2019-10-16,12.2,7.6,4.4,0.86,29.8
2019-10-17,15.1,9.6,3.3,2.06,31.3
2019-10-18,16.0,11.2,5.5,1.7,32.1
2019-10-19,14.2,10.8,8.9,1.79,37.1
2019-10-20,15.9,7.6,0.8,2.61,16.8
2019-10-21,13.7,7.2,4.6,2.36,29.5
2019-10-22,13.0,8.3,13.6,2.53,36.7
2019-10-23,9.5,4.1,12.3,1.84,35.7
2019-10-24,13.7,5.1,11.0,1.8,41.1
2019-10-25,12.2,5.6,0.2,2.51,35.3
2019-10-26,15.6,5.7,0.0,3.1,23.4
2019-10-27,18.3,9.2,0.0,3.62,23.8
2019-10-28,16.3,9.6,6.3,2.08,24.3
2019-10-29,13.6,7.3,3.0,2.47,25.0
2019-10-30,13.6,6.8,1.2,2.41,28.1
2019-10-31,15.4,7.7,2.3,3.76,26.3
2019-11-01,13.4,8.3,1.0,2.64,27.9
2019-11-02,17.0,6.3,0.0,3.79,11.5
2019-11-03,21.5,7.9,0.0,4.6,18.4
2019-11-04,21.4,9.3,0.0,4.4,16.7
2019-11-05,20.4,9.1,0.0,4.3,18.7
2019-11-06,18.6,9.4,0.1,2.89,18.1
2019-11-07,22.0,12.5,0.0,4.41,26.1
2019-11-08,20.5,12.4,0.0,4.07,29.7
2019-11-09,21.5,13.9,0.9,3.8,35.3
2019-11-10,18.5,13.6,17.2,2.14,33.4
2019-11-11,14.4,9.2,5.0,3.23,23.6
2019-11-12,14.2,8.4,0.6,3.57,20.4
2019-11-13,14.6,8.1,0.0,2.87,28.9
2019-11-14,15.5,9.2,12.7,3.29,38.2
2019-11-15,14.4,9.0,5.2,2.94,30.3
2019-11-16,18.2,11.2,2.9,3.2,31.8
2019-11-17,18.2,13.6,6.3,2.34,33.2
2019-11-18,14.8,7.3,6.0,1.45,24.9
2019-11-19,14.3,6.9,0.1,2.6,22.7
2019-11-20,14.7,8.4,2.2,3.4,26.2
2019-11-21,15.6,7.7,0.1,3.85,13.8
2019-11-22,16.5,8.4,0.0,3.9,22.1
2019-11-23,22.0,9.4,0.0,4.87,14.2
2019-11-24,21.5,9.8,0.0,4.34,21.3
2019-11-25,20.1,9.4,0.0,4.38,17.3
2019-11-26,22.0,8.6,0.0,4.88,17.7
2019-11-27,21.1,10.5,0.0,5.21,21.1
2019-11-28,20.8,12.6,0.0,3.81,19.9
2019-11-29,21.6,11.1,0.8,4.13,16.6
2019-11-30,23.0,12.2,10.0,3.64,12.8
2019-12-01,21.2,14.4,0.7,3.99,33.0
2019-12-02,19.3,15.0,0.5,2.42,30.2
2019-12-03,19.9,13.2,14.2,2.71,48.8
2019-12-04,18.9,12.4,0.0,4.18,29.2
2019-12-05,19.7,11.1,3.1,3.4,30.8
2019-12-06,19.5,10.9,0.1,4.25,24.0
2019-12-07,21.8,13.9,2.4,3.64,36.6
2019-12-08,19.2,12.4,35.3,1.76,43.2
2019-12-09,15.9,10.0,0.9,3.75,20.3
2019-12-10,18.4,8.4,0.0,5.0,20.6
2019-12-11,20.4,5.1,0.0,5.34,15.0
2019-12-12,22.6,9.4,0.8,4.12,17.6
2019-12-13,22.2,12.4,0.1,4.61,21.9
2019-12-14,17.9,11.8,3.7,3.51,20.9
2019-12-15,19.0,10.1,0.1,3.68,25.7
2019-12-16,21.2,13.6,8.5,2.63,22.3
2019-12-17,18.9,13.4,38.8,1.82,27.4
2019-12-18,13.4,10.9,12.6,1.65,27.8
2019-12-19,17.5,10.1,0.1,3.91,27.2
2019-12-20,16.2,9.6,21.0,2.8,39.1
2019-12-21,15.3,7.8,0.8,3.8,20.6
2019-12-22,18.7,6.2,0.0,4.9,13.2
2019-12-23,20.4,10.1,0.0,3.8,25.0
2019-12-24,17.0,11.7,0.6,2.1,19.5
2019-12-25,18.4,12.1,2.6,2.63,16.4
2019-12-26,18.6,9.7,7.0,3.53,18.3
2019-12-27,17.7,9.7,0.0,3.35,22.3
2019-12-28,16.1,10.1,1.0,4.21,27.4
2019-12-29,16.6,10.3,0.0,3.9,23.7
2019-12-30,19.5,12.2,1.9,3.69,23.4
2019-12-31,22.7,11.5,0.0,5.08,15.8
2020-01-01,22.8,10.3,0.0,5.25,16.9
2020-01-02,21.5,11.1,0.4,4.74,19.5
2020-01-03,17.6,11.9,0.4,4.22,34.2
2020-01-04,15.6,10.6,0.0,3.94,31.6
2020-01-05,19.0,9.7,5.1,3.1,27.7
2020-01-06,15.4,11.1,0.3,3.86,42.0
2020-01-07,16.2,9.0,1.8,3.83,31.3
2020-01-08,16.9,7.2,0.1,3.56,14.1
2020-01-09,18.0,9.0,0.0,3.54,22.7
2020-01-10,17.1,10.6,0.1,4.09,22.3
2020-01-11,21.5,9.1,0.0,5.13,17.9
2020-01-12,21.9,10.9,0.0,5.23,20.9
2020-01-13,17.6,10.6,13.3,1.3,23.5
2020-01-14,17.9,8.9,0.0,3.83,29.7
2020-01-15,18.0,6.3,0.0,4.74,20.9
2020-01-16,20.1,8.5,0.0,4.89,24.4
2020-01-17,20.0,9.6,0.0,5.05,20.6
2020-01-18,19.8,8.8,0.0,3.8,23.0
2020-01-19,20.1,12.1,0.4,3.64,22.2
2020-01-20,24.4,12.1,0.0,5.11,17.8
2020-01-21,23.7,12.8,0.0,5.35,11.8
2020-01-22,21.7,13.1,0.1,3.35,15.4
2020-01-23,23.6,12.8,0.0,3.98,21.4
2020-01-24,24.4,12.8,0.0,4.52,17.0
2020-01-25,23.4,11.6,0.0,4.45,25.3
2020-01-26,24.8,15.2,0.0,5.05,14.1
2020-01-27,24.9,17.2,0.1,4.66,19.1
2020-01-28,23.5,15.6,1.6,2.68,20.4
2020-01-29,21.3,15.9,2.2,2.87,22.5
2020-01-30,22.9,14.1,1.1,4.88,24.3
2020-01-31,23.6,12.3,0.0,4.59,29.0
2020-02-01,24.8,15.4,0.0,5.24,22.3
2020-02-02,24.8,14.6,0.0,4.85,26.6
2020-02-03,26.7,16.3,0.0,4.26,15.5
2020-02-04,25.3,17.5,4.8,5.05,41.5
2020-02-05,18.0,11.9,1.1,3.4,26.2
2020-02-06,20.2,10.4,0.0,4.18,23.8
2020-02-07,23.4,9.2,0.0,4.94,19.5
2020-02-08,18.4,11.1,0.1,3.52,31.3
2020-02-09,19.6,10.8,0.0,4.15,14.1
2020-02-10,22.8,8.8,0.0,4.89,11.8
2020-02-11,23.4,10.7,0.0,4.58,15.1
2020-02-12,26.6,11.6,0.1,4.87,15.3
2020-02-13,22.9,13.1,0.0,4.51,20.7
2020-02-14,25.9,12.1,0.0,4.81,12.8
2020-02-15,25.5,15.6,0.5,3.68,14.1
2020-02-16,24.5,16.9,0.1,4.69,26.7
2020-02-17,23.2,17.5,2.7,3.32,27.9
2020-02-18,21.6,17.0,4.2,2.19,15.3
2020-02-19,23.1,15.0,4.9,3.25,19.5
2020-02-20,23.6,12.3,0.0,4.62,13.0
2020-02-21,24.0,14.1,0.0,4.1,31.1
2020-02-22,19.9,13.3,8.5,2.06,27.9
2020-02-23,15.9,10.1,4.3,2.4,23.9
2020-02-24,19.6,8.3,0.0,4.02,18.7
2020-02-25,21.8,8.8,0.0,4.27,13.6
2020-02-26,24.8,11.6,0.5,3.99,14.5
2020-02-27,23.9,13.4,0.4,3.45,17.6
2020-02-28,23.8,11.6,0.0,4.37,20.7
2020-02-29,20.4,11.8,4.5,2.65,24.4
2020-03-01,24.4,10.3,0.0,4.32,13.0
2020-03-02,22.2,14.7,0.2,2.04,14.9
2020-03-03,24.4,15.4,2.8,4.06,25.3
2020-03-04,21.2,12.8,16.9,2.64,29.7
2020-03-05,19.5,11.2,0.0,4.37,27.3
2020-03-06,21.0,9.6,0.0,4.07,19.0
2020-03-07,21.0,9.6,0.0,3.78,12.3
2020-03-08,23.0,10.7,0.0,4.01,11.3
2020-03-09,19.4,14.6,14.1,2.43,29.7
2020-03-10,18.0,12.9,1.2,2.38,22.7
2020-03-11,18.8,10.8,2.9,2.47,18.9
2020-03-12,16.6,7.3,0.0,3.36,17.8
2020-03-13,21.1,8.9,0.0,3.57,17.8
2020-03-14,20.9,8.9,0.0,3.55,12.7
2020-03-15,21.7,9.6,0.0,3.37,12.0
2020-03-16,19.9,11.9,0.2,2.28,26.5
2020-03-17,14.7,8.9,0.1,3.03,33.8
2020-03-18,16.6,7.7,0.0,3.52,22.2
2020-03-19,15.9,8.6,0.6,1.95,25.4
2020-03-20,18.6,12.1,2.3,2.36,22.7
2020-03-21,20.2,10.9,0.0,2.77,20.6
2020-03-22,20.6,13.8,11.3,2.34,28.8
2020-03-23,17.9,12.4,3.8,2.13,30.0
2020-03-24,13.9,8.4,2.5,2.77,31.6
2020-03-25,16.0,8.7,1.1,1.78,17.7
2020-03-26,16.5,9.6,0.8,2.0,18.4
2020-03-27,15.1,8.6,13.2,1.85,18.0
2020-03-28,11.4,8.4,14.7,0.67,32.7
2020-03-29,14.6,8.6,4.4,1.3,18.9
2020-03-30,19.4,6.7,2.2,2.48,15.5
2020-03-31,17.6,9.1,0.9,2.27,13.7
2020-04-01,18.9,10.4,0.1,2.28,12.2
2020-04-02,17.0,9.4,0.0,2.38,14.2
2020-04-03,16.6,8.4,0.0,2.35,17.1
2020-04-04,19.0,7.2,0.0,2.55,10.2
2020-04-05,18.5,9.9,0.0,2.24,13.4
2020-04-06,17.5,8.6,0.0,2.0,13.4
2020-04-07,18.5,9.8,0.2,2.09,20.7
2020-04-08,15.1,10.6,8.4,0.99,15.1
2020-04-09,12.8,7.1,7.4,1.45,24.3
2020-04-10,14.9,6.5,0.0,2.15,14.9
2020-04-11,17.3,4.1,0.0,2.26,17.0
2020-04-12,18.0,8.9,4.1,2.52,35.0
2020-04-13,15.1,9.4,25.9,1.73,34.8
2020-04-14,11.9,7.4,13.0,1.91,31.4
2020-04-15,12.8,7.1,1.0,1.65,25.8
2020-04-16,14.4,10.0,4.9,1.11,24.4
2020-04-17,17.8,11.6,24.4,1.31,26.1
2020-04-18,15.6,11.1,8.5,1.51,30.1
2020-04-19,16.5,10.9,3.2,1.74,26.3
2020-04-20,15.8,10.1,0.7,1.36,18.9
2020-04-21,15.4,7.3,0.0,1.32,10.5
2020-04-22,16.4,5.5,0.0,1.82,8.3
2020-04-23,16.4,9.1,0.0,1.3,21.1
2020-04-24,16.6,9.2,0.6,1.77,14.9
2020-04-25,15.7,8.8,0.1,1.55,22.1
2020-04-26,17.5,9.6,0.0,1.92,12.6
2020-04-27,16.2,9.1,0.2,1.44,24.4
2020-04-28,15.9,7.3,0.6,1.78,20.4
2020-04-29,17.5,5.7,0.0,1.85,16.1
2020-04-30,16.2,9.1,0.0,1.31,17.8
2020-05-01,15.5,8.4,0.0,1.52,13.2
2020-05-02,16.9,9.3,0.9,2.06,36.1
2020-05-03,16.9,13.9,40.6,1.12,39.8
2020-05-04,15.2,9.9,9.3,1.14,29.0
2020-05-05,11.1,6.6,11.3,1.01,33.1
2020-05-06,11.0,4.7,3.6,1.19,22.8
2020-05-07,14.1,5.1,1.1,1.11,26.2
2020-05-08,15.1,10.3,0.9,1.26,22.7
2020-05-09,16.0,8.1,0.0,1.61,10.1
2020-05-10,16.2,7.4,0.0,1.42,15.3
2020-05-11,16.1,6.7,0.0,1.55,10.8
2020-05-12,15.6,6.3,0.0,1.39,9.0
2020-05-13,15.1,4.8,0.0,1.45,8.0
2020-05-14,15.5,5.2,0.0,1.29,8.1
2020-05-15,15.5,4.5,0.0,1.4,11.6
2020-05-16,14.9,5.2,0.0,1.2,17.9
2020-05-17,15.9,7.2,0.1,1.34,16.5
2020-05-18,14.4,6.0,0.0,1.27,12.8
2020-05-19,11.6,4.9,0.2,1.06,22.0
2020-05-20,11.2,1.1,0.0,1.27,9.2
2020-05-21,12.2,1.4,0.0,1.24,11.4
2020-05-22,11.9,-0.9,0.0,1.2,9.1
2020-05-23,12.5,0.5,0.0,1.09,15.1
2020-05-24,13.8,8.6,10.1,0.88,26.3
2020-05-25,16.1,9.6,14.1,0.45,32.7
2020-05-26,12.9,6.9,0.0,1.14,21.0
2020-05-27,13.1,4.0,0.0,1.25,17.8
2020-05-28,13.1,0.8,0.0,1.17,7.9
2020-05-29,13.6,3.9,1.2,0.95,16.3
2020-05-30,14.4,7.7,0.1,1.05,14.8
2020-05-31,15.2,2.8,0.0,1.24,14.4
2020-06-01,12.4,9.2,9.4,0.58,23.2
2020-06-02,14.4,10.2,0.4,0.8,20.2
2020-06-03,13.9,7.3,2.0,1.13,31.4
2020-06-04,14.4,10.8,10.2,0.73,30.9
2020-06-05,11.1,4.8,1.5,0.55,16.8
2020-06-06,12.4,4.9,5.2,0.76,27.0
2020-06-07,10.6,5.0,1.5,0.91,25.6
2020-06-08,11.4,6.3,2.1,0.88,22.0
2020-06-09,12.6,4.3,0.5,0.93,24.1
2020-06-10,12.1,2.5,0.0,0.81,16.5
2020-06-11,12.3,8.4,0.6,0.88,23.3
2020-06-12,12.2,7.8,6.0,0.51,22.2
2020-06-13,10.7,3.3,0.0,0.98,15.9
2020-06-14,12.1,2.8,0.6,0.88,10.4
2020-06-15,12.2,6.9,0.0,1.28,23.1
2020-06-16,12.7,8.8,0.9,1.09,22.1
2020-06-17,13.2,9.5,5.3,0.91,30.0
2020-06-18,13.0,10.4,30.2,0.61,30.7
2020-06-19,13.9,8.9,12.8,0.84,19.6
2020-06-20,13.1,7.8,0.9,0.7,16.9
2020-06-21,13.3,8.8,0.4,0.58,27.0
2020-06-22,15.0,6.7,0.0,1.11,19.2
2020-06-23,14.9,4.0,0.0,1.08,11.4
2020-06-24,14.1,2.9,0.0,1.04,13.1
2020-06-25,12.2,7.3,4.9,1.03,24.5
2020-06-26,14.4,9.0,0.0,1.4,21.3
2020-06-27,15.9,9.1,2.3,1.24,23.0
2020-06-28,12.5,8.4,4.3,0.86,25.9
2020-06-29,10.8,6.9,4.3,0.73,25.3
2020-06-30,8.1,2.3,2.2,0.83,26.7
2020-07-01,7.7,1.8,5.3,0.7,25.2
2020-07-02,7.0,3.2,8.4,0.59,31.6
2020-07-03,10.3,2.2,0.2,0.84,14.8
2020-07-04,12.0,4.9,0.0,0.92,17.8
2020-07-05,12.6,6.6,1.0,1.49,28.8
2020-07-06,12.1,7.0,7.5,0.83,32.1
2020-07-07,10.9,6.7,10.2,0.75,32.1
2020-07-08,7.4,5.1,17.8,0.33,18.6
2020-07-09,7.9,0.5,5.6,0.96,19.7
2020-07-10,11.2,0.7,0.1,1.04,16.7
2020-07-11,10.6,6.4,1.0,0.69,21.7
2020-07-12,11.6,5.4,0.6,1.07,26.0
2020-07-13,13.7,9.9,10.9,0.81,23.0
2020-07-14,13.8,7.0,0.2,0.9,11.4
2020-07-15,9.8,6.5,1.2,0.67,25.7
2020-07-16,7.7,6.7,8.3,0.85,27.2
2020-07-17,11.9,7.1,0.3,1.16,20.9
2020-07-18,15.1,9.4,0.1,1.36,20.0
2020-07-19,15.6,7.6,0.0,1.27,10.9
2020-07-20,14.3,3.5,0.2,1.06,22.2
2020-07-21,11.9,6.8,8.8,0.53,24.5
2020-07-22,9.4,5.6,6.7,0.6,25.3
2020-07-23,10.9,6.8,16.8,0.93,33.1
2020-07-24,9.9,5.8,5.8,1.27,25.3
2020-07-25,11.1,5.3,0.3,1.13,20.0
2020-07-26,11.4,3.0,0.7,1.17,15.0
2020-07-27,12.5,0.9,0.0,1.3,10.3
2020-07-28,12.6,2.1,0.0,1.12,17.7
2020-07-29,13.4,6.8,0.1,1.14,12.6
2020-07-30,13.1,3.7,0.0,1.35,15.2
2020-07-31,12.9,7.2,0.0,1.66,22.0
2020-08-01,11.9,3.6,0.0,0.97,19.2
2020-08-02,13.4,4.1,0.0,1.12,8.9
2020-08-03,14.0,4.0,0.0,1.4,7.3
2020-08-04,13.4,2.4,0.0,1.42,10.3
2020-08-05,13.8,4.0,0.0,1.27,8.5
2020-08-06,14.0,4.0,0.0,1.26,28.6
2020-08-07,12.1,7.3,14.7,0.96,25.9
2020-08-08,9.2,4.2,3.6,0.9,27.8
2020-08-09,11.4,4.6,1.0,1.1,25.2
2020-08-10,12.1,6.8,0.3,1.2,23.8
2020-08-11,11.1,5.3,7.2,0.84,18.9
2020-08-12,11.2,4.2,0.8,0.97,28.4
2020-08-13,11.9,1.0,0.4,0.96,13.7
2020-08-14,9.6,1.8,0.0,1.31,26.6
2020-08-15,9.6,-2.2,0.0,1.54,10.9
2020-08-16,10.1,-0.4,0.0,1.56,17.4
2020-08-17,11.9,0.3,0.0,1.72,11.0
2020-08-18,12.8,0.8,0.0,2.03,27.7
2020-08-19,13.8,9.8,6.1,1.15,32.2
2020-08-20,13.8,8.3,5.5,1.01,36.8
2020-08-21,12.6,9.0,10.6,1.28,27.7
2020-08-22,13.5,7.7,1.4,1.49,22.2
2020-08-23,14.9,7.7,2.3,1.64,24.9
2020-08-24,11.3,7.7,10.1,1.06,27.0
2020-08-25,11.1,7.4,6.4,0.82,22.0
2020-08-26,10.6,5.1,3.5,1.46,14.4
2020-08-27,9.4,3.8,8.1,0.84,23.9
2020-08-28,11.5,1.2,1.3,1.38,19.8
2020-08-29,14.1,6.2,3.7,1.44,21.8
2020-08-30,12.8,8.4,0.0,1.44,26.1
2020-08-31,12.7,7.4,0.0,1.25,20.4
2020-09-01,14.1,7.6,5.7,1.16,30.6
2020-09-02,10.5,5.3,6.1,1.33,21.7
2020-09-03,9.8,3.0,0.0,1.82,19.8
2020-09-04,12.6,0.9,0.0,2.13,15.9
2020-09-05,13.6,5.9,0.3,1.09,18.6
2020-09-06,14.3,10.4,10.9,1.17,32.2
2020-09-07,11.1,4.2,4.0,1.85,36.3
2020-09-08,12.8,0.9,0.0,2.32,10.4
2020-09-09,11.9,5.2,0.0,1.38,19.9
2020-09-10,11.9,6.9,6.7,1.02,23.4
2020-09-11,9.2,3.2,6.4,1.48,22.7
2020-09-12,11.0,1.4,0.0,2.22,15.7
2020-09-13,12.1,6.3,1.1,1.42,25.4
2020-09-14,13.9,8.1,0.9,1.81,25.3
2020-09-15,12.9,8.9,8.8,1.87,36.9
2020-09-16,11.4,7.1,1.2,2.19,34.6
2020-09-17,14.4,6.2,1.3,1.78,29.9
2020-09-18,12.0,6.9,14.5,0.89,35.8
2020-09-19,12.1,7.4,0.6,1.72,28.0
2020-09-20,15.0,5.4,0.4,2.22,9.9
2020-09-21,15.1,6.1,0.0,2.31,16.8
2020-09-22,14.6,7.3,0.4,1.91,23.7
2020-09-23,14.6,10.5,2.4,1.39,38.0
2020-09-24,14.4,8.6,9.4,1.26,23.6
2020-09-25,14.7,8.5,4.3,2.18,31.2
2020-09-26,15.9,8.3,0.6,2.55,34.4
2020-09-27,14.4,9.2,25.7,1.92,42.3
2020-09-28,11.1,6.5,16.0,2.04,39.6
2020-09-29,8.5,5.2,8.2,2.05,42.2
2020-09-30,11.3,4.3,0.0,2.37,23.5
2020-10-01,12.9,2.2,0.4,1.87,12.6
2020-10-02,13.2,4.8,0.3,1.88,19.9
2020-10-03,15.2,7.2,0.5,2.3,23.2
2020-10-04,16.9,8.4,0.0,2.77,19.4
2020-10-05,19.7,6.2,0.0,3.58,14.6
2020-10-06,15.6,8.1,0.0,2.35,19.6
2020-10-07,13.3,6.5,4.1,1.95,27.0
2020-10-08,12.8,6.1,0.0,2.88,23.6
2020-10-09,13.9,4.4,0.0,2.04,11.5
2020-10-10,15.1,7.9,0.0,2.35,21.2
2020-10-11,14.8,9.4,0.1,2.44,33.8
2020-10-12,14.8,10.9,17.5,1.4,32.2
2020-10-13,15.3,9.6,5.9,2.18,18.4
2020-10-14,13.6,9.1,2.1,1.65,21.7
2020-10-15,8.5,4.0,0.9,1.49,30.2
2020-10-16,13.5,1.8,0.0,3.16,19.4
2020-10-17,12.2,3.4,0.9,1.54,13.1
2020-10-18,15.2,3.5,0.1,2.51,23.7
2020-10-19,17.7,11.2,13.3,1.7,37.1
2020-10-20,15.8,9.3,1.4,1.87,21.9
2020-10-21,15.4,8.4,0.0,1.57,11.5
2020-10-22,17.6,8.6,2.0,2.47,12.0
2020-10-23,18.6,9.9,0.7,2.98,13.6
2020-10-24,18.2,10.4,1.2,2.44,16.8
2020-10-25,19.0,12.3,1.5,2.9,23.2
2020-10-26,19.3,13.0,2.0,2.61,20.4
2020-10-27,16.6,9.5,21.0,1.38,29.6
2020-10-28,15.2,9.2,18.6,0.99,20.8
2020-10-29,15.9,12.6,5.9,0.89,16.2
2020-10-30,18.5,12.6,0.6,2.64,19.4
2020-10-31,17.8,12.8,6.4,1.93,39.1
2020-11-01,15.9,9.8,0.8,2.93,27.9
2020-11-02,18.5,9.3,2.2,3.26,15.1
2020-11-03,18.8,11.9,2.8,2.11,25.2
2020-11-04,20.2,14.6,0.4,2.5,27.2
2020-11-05,19.1,13.9,15.4,1.96,25.7
2020-11-06,18.2,13.4,7.5,2.18,24.0
2020-11-07,19.0,14.0,3.0,3.02,26.3
2020-11-08,17.0,8.6,11.3,2.8,30.7
2020-11-09,11.1,7.4,23.0,1.47,35.6
2020-11-10,13.1,8.1,6.2,1.98,24.6
2020-11-11,14.0,7.5,1.3,2.25,21.2
2020-11-12,17.0,6.6,0.9,2.71,18.9
2020-11-13,18.5,9.2,0.0,3.58,17.0
2020-11-14,16.7,9.8,1.1,2.85,24.5
2020-11-15,18.3,9.4,0.2,3.1,18.8
2020-11-16,16.7,10.6,6.6,1.63,20.8
2020-11-17,19.2,11.5,0.0,3.92,18.4
2020-11-18,15.9,9.8,13.9,2.24,25.9
2020-11-19,13.6,8.4,1.0,3.02,28.8
2020-11-20,17.9,9.1,0.0,3.76,15.8
2020-11-21,17.2,9.1,0.8,2.71,23.9
2020-11-22,13.2,7.8,2.8,3.22,25.4
2020-11-23,14.4,5.6,4.4,3.28,11.5
2020-11-24,16.3,7.1,3.3,2.99,14.6
2020-11-25,18.5,10.4,41.8,1.84,20.2
2020-11-26,18.9,13.9,12.1,2.56,28.8
2020-11-27,17.1,9.6,2.0,2.77,31.7
2020-11-28,15.6,7.8,0.2,3.78,23.7
2020-11-29,16.5,9.6,25.0,2.22,28.9
2020-11-30,17.5,11.9,13.9,1.67,38.6
2020-12-01,12.6,7.4,3.8,1.78,34.1
2020-12-02,18.1,4.2,0.3,3.84,23.7
2020-12-03,16.0,9.8,2.3,3.79,32.1
2020-12-04,15.7,9.6,0.0,3.23,25.7
2020-12-05,16.2,9.8,13.3,2.87,25.7
2020-12-06,17.7,9.8,0.7,3.24,21.5
2020-12-07,19.7,12.4,8.5,2.09,36.6
2020-12-08,19.8,16.9,21.3,1.54,29.6
2020-12-09,19.3,16.9,35.4,1.42,29.8
2020-12-10,18.5,11.8,13.5,3.1,30.0
2020-12-11,17.5,10.6,2.2,3.02,31.7
2020-12-12,15.6,10.4,0.9,3.8,29.9
2020-12-13,16.5,9.8,0.0,3.09,22.7
2020-12-14,17.6,7.4,0.0,4.39,15.3
2020-12-15,21.5,7.7,0.0,5.23,14.0
2020-12-16,19.2,10.5,0.0,3.94,16.6
2020-12-17,21.4,8.9,0.0,4.81,15.1
2020-12-18,20.9,13.4,0.0,4.14,19.6
2020-12-19,19.6,12.1,0.0,3.59,20.9
2020-12-20,22.5,12.2,0.1,3.66,17.8
2020-12-21,21.2,12.3,0.6,2.66,14.6
2020-12-22,20.4,15.3,1.0,3.19,27.0
2020-12-23,19.7,15.6,10.1,1.48,28.2
2020-12-24,17.6,12.6,22.3,2.46,32.5
2020-12-25,17.2,10.0,0.3,3.68,21.6
2020-12-26,15.5,9.5,1.3,3.54,23.9
2020-12-27,13.2,7.3,3.8,2.99,29.3
2020-12-28,13.0,7.8,5.9,3.14,24.1
2020-12-29,14.4,7.8,0.0,3.36,19.4
2020-12-30,19.5,8.0,0.0,4.01,17.3
2020-12-31,20.5,9.1,0.0,4.92,15.2
2021-01-01,21.4,10.2,0.4,4.29,14.8
2021-01-02,19.8,13.5,13.7,2.76,21.3
2021-01-03,19.6,14.9,17.8,2.95,19.4
2021-01-04,20.4,14.2,5.0,4.06,17.3
2021-01-05,22.0,12.2,1.5,4.12,15.1
2021-01-06,21.5,12.4,0.0,4.5,14.8
2021-01-07,19.9,13.8,12.3,2.34,26.9
2021-01-08,20.1,12.8,10.6,3.07,16.4
2021-01-09,21.1,11.1,1.1,4.28,16.9
2021-01-10,19.2,11.9,0.0,3.46,21.7
2021-01-11,21.0,13.2,0.2,3.69,19.8
2021-01-12,22.4,14.7,1.8,3.82,14.8
2021-01-13,22.0,14.8,3.4,2.95,11.2
2021-01-14,21.6,13.9,0.8,3.61,14.3
2021-01-15,22.4,13.1,1.6,3.94,10.8
2021-01-16,22.0,13.6,1.1,3.6,14.9
2021-01-17,20.2,14.1,9.9,2.87,32.0
2021-01-18,16.5,12.4,3.0,3.64,29.8
2021-01-19,19.1,13.7,15.8,3.39,39.7
2021-01-20,13.6,8.6,7.8,3.05,32.1
2021-01-21,14.4,8.6,8.8,2.46,28.7
2021-01-22,17.0,10.8,1.5,2.93,21.8
2021-01-23,17.9,11.5,1.3,2.89,22.3
2021-01-24,19.5,12.8,3.8,3.99,24.9
2021-01-25,20.8,12.2,0.0,4.52,19.8
2021-01-26,23.2,14.5,0.0,4.42,15.3
2021-01-27,25.2,13.6,0.0,4.98,13.9
2021-01-28,21.8,11.6,2.3,2.67,28.1
2021-01-29,15.0,9.2,0.3,3.08,19.3
2021-01-30,15.4,7.2,0.2,3.17,21.6
2021-01-31,20.0,6.1,0.0,4.76,11.8
2021-02-01,21.2,7.5,0.0,4.98,13.4
2021-02-02,22.1,9.4,0.0,5.02,14.0
2021-02-03,22.5,10.1,0.0,4.99,12.1
2021-02-04,20.2,10.1,0.0,4.41,25.5
2021-02-05,17.5,8.9,0.0,3.31,24.0
2021-02-06,21.1,9.7,0.0,4.55,17.9
2021-02-07,22.8,13.4,0.0,4.1,15.7
2021-02-08,22.0,13.9,0.0,4.0,16.5
2021-02-09,21.7,14.9,0.5,3.34,28.6
2021-02-10,17.6,12.3,10.6,1.39,30.6
2021-02-11,17.5,8.8,0.0,3.45,15.5
2021-02-12,17.7,10.1,0.3,3.11,18.8
2021-02-13,21.4,11.9,0.0,3.1,14.5
2021-02-14,21.9,12.2,0.0,3.2,15.2
2021-02-15,18.1,13.2,25.4,1.01,18.8
2021-02-16,16.5,11.3,5.6,2.16,40.5
2021-02-17,15.6,9.2,0.0,3.78,29.8
2021-02-18,18.4,7.2,0.0,4.1,14.7
2021-02-19,21.7,7.7,0.0,4.51,11.8
2021-02-20,23.0,8.1,0.0,4.28,14.2
2021-02-21,24.0,10.0,0.0,4.64,13.0
2021-02-22,24.5,10.6,0.0,4.46,13.6
2021-02-23,23.9,13.4,0.0,4.24,26.5
2021-02-24,23.0,14.6,0.0,4.42,27.8
2021-02-25,22.6,14.4,0.1,2.79,12.8
2021-02-26,23.3,14.8,0.2,3.7,12.6
2021-02-27,21.0,14.9,2.5,2.88,13.5
2021-02-28,21.6,15.2,1.5,2.57,12.2
2021-03-01,23.0,15.5,1.1,3.46,18.8
2021-03-02,22.4,14.6,0.4,3.52,21.7
2021-03-03,22.2,16.3,1.8,3.3,22.7
2021-03-04,18.9,13.0,12.6,2.17,15.3
2021-03-05,20.1,11.1,0.0,3.16,20.6
2021-03-06,18.5,13.1,9.4,1.55,33.8
2021-03-07,16.2,11.6,5.4,2.76,27.8
2021-03-08,16.0,12.4,0.4,2.61,30.9
2021-03-09,17.5,11.4,0.2,2.13,18.8
2021-03-10,18.6,11.4,4.8,1.63,32.0
2021-03-11,15.9,11.1,21.8,1.23,23.9
2021-03-12,16.0,8.9,0.0,3.17,23.2
2021-03-13,19.0,7.3,0.0,3.35,18.8
2021-03-14,21.3,9.1,0.0,3.55,12.3
2021-03-15,21.5,10.4,0.7,2.86,20.1
2021-03-16,18.0,10.9,2.0,1.17,23.4
2021-03-17,18.0,7.8,0.0,3.47,18.5
2021-03-18,15.6,8.3,0.0,3.3,23.9
2021-03-19,17.9,5.9,0.0,3.05,14.9
2021-03-20,16.0,6.5,0.0,2.89,21.2
2021-03-21,15.8,9.1,0.3,2.09,21.6
2021-03-22,16.5,8.1,0.0,2.85,22.7
2021-03-23,18.3,9.9,0.0,3.03,11.0
2021-03-24,18.5,7.2,0.0,2.76,14.8
2021-03-25,20.2,10.1,0.0,2.91,17.2
2021-03-26,21.8,12.1,0.4,3.13,15.0
2021-03-27,21.5,12.5,0.0,3.16,21.3
2021-03-28,21.4,13.5,10.7,2.98,27.0
2021-03-29,19.6,15.1,12.6,1.89,28.1
2021-03-30,21.1,16.0,17.2,1.94,24.9
2021-03-31,21.0,14.3,19.6,1.72,24.3
2021-04-01,14.8,8.8,3.6,1.22,22.4
2021-04-02,17.0,5.1,4.6,1.66,26.0
2021-04-03,16.3,8.6,0.2,2.81,18.8
2021-04-04,16.8,9.4,0.0,1.97,19.7
2021-04-05,19.5,10.3,0.6,1.63,23.3
2021-04-06,18.0,10.9,0.2,2.13,17.9
2021-04-07,19.6,7.8,0.0,2.49,14.5
2021-04-08,18.6,11.4,0.7,1.99,14.4
2021-04-09,18.5,12.4,0.1,1.69,26.2
2021-04-10,17.2,13.7,8.2,1.42,36.4
2021-04-11,19.8,12.8,1.6,1.8,27.4
2021-04-12,21.8,12.1,0.0,2.29,17.0
2021-04-13,18.8,11.5,3.0,1.84,31.1
2021-04-14,15.8,8.7,1.0,1.54,17.6
2021-04-15,14.9,7.6,3.5,1.01,22.5
2021-04-16,17.2,12.1,1.2,1.91,24.8
2021-04-17,12.9,7.2,6.1,1.58,21.8
2021-04-18,14.3,7.3,1.3,1.4,23.8
2021-04-19,15.6,9.7,0.2,1.56,19.6
2021-04-20,15.6,8.9,5.9,1.0,20.2
2021-04-21,17.0,11.1,7.7,1.14,18.2
2021-04-22,17.8,8.9,0.0,1.88,15.9
2021-04-23,16.7,8.6,0.4,1.49,20.1
2021-04-24,15.9,11.2,3.7,1.43,21.3
2021-04-25,14.3,10.3,1.3,1.64,23.8
2021-04-26,13.1,8.5,0.4,1.62,21.4
2021-04-27,13.9,6.3,2.7,1.32,22.2
2021-04-28,13.5,4.1,0.1,1.47,9.3
2021-04-29,14.4,2.3,0.6,1.67,10.2
2021-04-30,15.6,9.9,1.5,1.25,22.7
2021-05-01,12.9,4.9,0.1,1.64,24.9
2021-05-02,13.4,3.8,0.0,1.59,9.9
2021-05-03,14.9,2.3,0.0,1.72,8.5
2021-05-04,13.8,5.2,0.4,1.18,22.5
2021-05-05,16.3,9.4,0.1,1.31,19.1
2021-05-06,16.8,10.4,0.1,1.01,18.8
2021-05-07,18.0,10.0,0.0,1.68,19.3
2021-05-08,17.1,11.0,0.0,1.68,25.2
2021-05-09,16.9,13.9,15.2,0.88,31.7
2021-05-10,18.6,15.3,1.0,1.15,24.7
2021-05-11,17.7,14.7,4.8,1.25,33.4
2021-05-12,15.4,7.9,5.6,0.95,26.5
2021-05-13,10.1,4.0,0.0,1.34,24.3
2021-05-14,12.1,2.5,0.0,1.72,28.2
2021-05-15,14.9,9.6,6.0,1.18,39.7
2021-05-16,15.3,7.6,0.0,1.38,24.6
2021-05-17,14.6,10.4,8.6,0.78,30.3
2021-05-18,11.7,9.0,8.3,1.2,38.8
2021-05-19,13.9,9.7,1.9,1.3,36.1
2021-05-20,16.4,9.1,0.0,1.33,16.6
2021-05-21,13.6,7.6,0.1,0.91,15.9
2021-05-22,13.6,5.2,0.0,1.24,22.4
2021-05-23,11.8,7.7,0.0,1.17,29.6
2021-05-24,11.1,8.6,0.0,0.94,37.4
2021-05-25,10.6,5.2,0.0,1.16,34.0
2021-05-26,12.9,3.5,0.0,1.2,16.9
2021-05-27,12.4,2.2,0.0,1.16,9.5
2021-05-28,11.1,4.4,0.5,0.99,23.4
2021-05-29,14.5,9.1,7.0,0.87,32.9
2021-05-30,12.2,7.2,0.3,0.73,22.4
2021-05-31,12.1,4.8,5.2,0.8,17.7
2021-06-01,11.2,6.0,2.2,0.95,25.3
2021-06-02,12.8,4.7,0.1,0.89,21.1
2021-06-03,13.2,4.8,0.0,0.98,12.3
2021-06-04,13.4,6.1,0.0,0.9,13.4
2021-06-05,13.4,6.9,0.0,1.38,26.6
2021-06-06,14.0,10.2,1.4,0.9,29.3
2021-06-07,15.1,10.1,1.2,1.0,14.9
2021-06-08,14.8,8.9,0.0,1.52,24.1
2021-06-09,16.1,5.1,0.0,1.13,13.8
2021-06-10,15.9,8.2,0.0,0.95,16.6
2021-06-11,15.2,5.6,0.0,1.02,10.5
2021-06-12,15.5,7.4,0.0,0.94,9.4
2021-06-13,14.0,9.1,1.4,0.87,28.1
2021-06-14,15.1,12.4,14.3,0.45,27.8
2021-06-15,13.9,11.0,6.2,0.46,18.4
2021-06-16,13.6,8.9,2.0,0.72,16.3
2021-06-17,12.9,7.7,1.7,0.71,16.9
2021-06-18,11.9,7.1,2.0,0.68,11.9
2021-06-19,10.9,6.6,9.9,0.32,18.8
2021-06-20,11.4,6.6,10.1,0.39,21.5
2021-06-21,11.4,6.9,12.4,0.35,29.9
2021-06-22,10.2,5.3,0.8,0.82,25.2
2021-06-23,9.8,2.5,0.0,0.9,13.9
2021-06-24,11.5,1.2,0.5,0.76,20.6
2021-06-25,13.0,7.3,0.2,0.97,29.6
2021-06-26,14.3,11.4,14.4,0.63,29.3
2021-06-27,14.4,10.2,22.0,0.53,36.3
2021-06-28,11.8,6.6,11.5,1.04,37.5
2021-06-29,6.8,3.7,9.6,0.92,30.7
2021-06-30,9.9,3.7,0.1,0.97,16.6
2021-07-01,10.3,2.5,0.0,0.96,16.9
2021-07-02,10.4,-2.5,0.0,0.99,8.7
2021-07-03,10.4,-2.3,0.0,1.02,9.2
2021-07-04,10.6,-1.0,0.0,1.04,9.1
2021-07-05,9.6,-0.4,0.0,0.79,12.6
2021-07-06,11.9,3.3,1.1,1.22,40.4
2021-07-07,12.3,6.4,12.8,0.89,38.2
2021-07-08,10.4,4.8,0.7,1.02,23.5
2021-07-09,9.8,5.6,1.2,1.08,28.7
2021-07-10,10.6,6.4,4.4,0.97,24.2
2021-07-11,7.8,1.9,0.0,1.06,23.0
2021-07-12,9.6,1.4,0.0,1.07,16.8
2021-07-13,8.6,1.8,0.1,0.77,21.1
2021-07-14,10.0,-2.1,0.4,0.95,16.2
2021-07-15,12.6,4.7,0.7,1.11,25.3
2021-07-16,12.9,8.4,1.1,1.51,42.2
2021-07-17,14.3,11.1,27.6,0.85,48.9
2021-07-18,12.5,9.4,13.7,0.67,38.7
2021-07-19,10.7,8.5,6.4,0.61,18.2
2021-07-20,11.9,5.9,0.5,0.93,11.5
2021-07-21,12.4,6.5,0.7,1.13,32.3
2021-07-22,12.9,9.1,8.7,1.0,28.4
2021-07-23,11.6,4.5,1.8,1.01,13.2
2021-07-24,13.1,3.4,0.0,1.15,7.8
2021-07-25,13.2,4.5,0.2,1.63,25.9
2021-07-26,13.4,9.7,8.4,1.2,37.0
2021-07-27,10.3,7.1,10.2,0.94,27.8
2021-07-28,12.0,6.1,0.5,0.99,24.6
2021-07-29,13.6,6.8,0.4,1.11,14.6
2021-07-30,14.9,6.4,0.0,1.43,17.1
2021-07-31,14.9,3.2,0.0,1.47,8.3
2021-08-01,12.6,2.8,0.0,1.1,8.7
2021-08-02,13.2,2.2,2.2,1.12,13.0
2021-08-03,9.0,6.8,25.8,0.52,34.8
2021-08-04,8.9,4.2,0.0,1.6,23.2
2021-08-05,12.2,4.8,3.0,1.37,29.9
2021-08-06,12.1,6.8,3.2,0.81,22.1
2021-08-07,12.2,6.6,1.0,1.39,35.4
2021-08-08,10.6,5.7,10.9,0.73,34.8
2021-08-09,5.9,3.2,12.6,1.1,33.2
2021-08-10,10.8,0.4,0.0,1.44,18.4
2021-08-11,12.5,7.7,0.6,1.22,18.9
2021-08-12,12.4,8.4,0.5,1.17,22.2
2021-08-13,12.2,6.1,9.9,1.15,28.4
2021-08-14,11.8,4.6,3.6,1.12,31.5
2021-08-15,11.2,2.5,0.0,1.22,20.0
2021-08-16,12.2,5.1,1.3,1.3,30.3
2021-08-17,11.8,7.4,19.0,0.69,42.7
2021-08-18,10.1,4.1,11.4,0.98,28.8
2021-08-19,10.4,1.6,0.7,1.06,23.9
2021-08-20,12.2,5.8,1.5,1.26,27.8
2021-08-21,12.1,1.9,0.0,1.77,17.9
2021-08-22,12.6,4.3,0.0,1.91,21.6
2021-08-23,12.7,3.5,0.0,1.89,17.9
2021-08-24,12.2,4.1,0.0,1.95,18.1
2021-08-25,12.8,3.3,0.0,1.78,19.6
2021-08-26,12.6,3.8,0.4,1.81,25.1
2021-08-27,12.5,8.6,10.1,0.97,27.7
2021-08-28,14.6,7.3,5.2,1.52,31.0
2021-08-29,13.1,7.2,9.3,0.9,14.8
2021-08-30,10.6,5.9,0.8,1.35,31.1
2021-08-31,11.8,4.9,0.0,2.0,23.9
2021-09-01,12.5,1.5,0.0,1.82,10.2
2021-09-02,12.2,2.5,0.2,1.63,13.9
2021-09-03,14.0,1.4,0.0,2.14,11.8
2021-09-04,12.4,3.8,0.0,1.76,18.1
2021-09-05,13.6,4.7,0.0,2.2,15.4
2021-09-06,13.1,3.8,0.0,2.19,28.9
2021-09-07,13.6,8.1,12.6,1.29,33.5
2021-09-08,9.2,3.8,8.5,1.13,32.4
2021-09-09,12.2,3.7,2.3,1.62,32.8
2021-09-10,14.3,8.2,8.8,1.69,36.4
2021-09-11,11.6,6.2,2.0,2.11,27.0
2021-09-12,12.4,5.9,0.1,1.68,24.3
2021-09-13,14.2,9.2,23.3,1.44,43.2
2021-09-14,12.1,5.9,14.7,2.07,24.8
2021-09-15,9.1,5.7,9.8,0.66,16.4
2021-09-16,11.2,5.3,14.1,0.57,33.3
2021-09-17,8.9,3.5,3.8,1.29,35.3
2021-09-18,10.8,2.3,0.0,1.86,15.7
2021-09-19,12.4,0.5,0.2,1.77,24.9
2021-09-20,12.6,8.2,3.7,1.8,31.4
2021-09-21,13.3,6.1,0.0,1.93,26.5
2021-09-22,15.4,9.8,8.4,1.38,28.5
2021-09-23,15.8,8.9,21.5,1.37,34.0
2021-09-24,14.1,8.9,0.6,1.8,29.9
2021-09-25,15.6,6.1,0.0,2.35,26.6
2021-09-26,12.1,5.1,5.8,1.52,23.0
2021-09-27,11.0,1.6,1.7,1.99,20.2
2021-09-28,8.6,2.5,6.1,0.9,19.8
2021-09-29,12.1,4.4,2.3,1.95,28.2
2021-09-30,12.6,4.9,6.7,1.46,29.7
2021-10-01,12.6,4.6,0.3,1.72,18.7
2021-10-02,13.1,6.8,0.5,1.53,16.4
2021-10-03,14.6,6.0,0.0,2.57,20.5
2021-10-04,16.9,10.7,26.4,2.05,28.9
2021-10-05,15.8,9.8,8.8,1.58,15.5
2021-10-06,16.5,10.9,1.1,1.25,20.6
2021-10-07,15.2,11.8,15.8,0.95,21.6
2021-10-08,15.6,8.9,13.6,2.17,20.3
2021-10-09,13.8,8.8,1.9,2.29,22.1
2021-10-10,14.6,8.1,1.8,2.15,15.5
2021-10-11,14.0,8.2,3.1,1.97,37.1
2021-10-12,12.4,6.4,21.1,2.12,38.6
2021-10-13,11.4,4.4,7.2,1.94,32.9
2021-10-14,11.1,4.7,0.2,2.42,25.3
2021-10-15,13.5,3.0,0.5,2.28,18.1
2021-10-16,15.7,5.8,0.0,3.22,16.8
2021-10-17,15.5,7.8,10.0,2.03,44.1
2021-10-18,16.5,10.7,2.1,2.49,29.3
2021-10-19,15.1,8.1,0.7,2.37,22.5
2021-10-20,15.6,6.8,0.2,2.16,15.8
2021-10-21,15.4,10.1,0.2,2.13,13.0
2021-10-22,17.8,8.2,0.1,3.42,16.9
2021-10-23,17.0,6.9,0.0,3.08,16.2
2021-10-24,14.2,11.1,1.4,1.51,21.7
2021-10-25,19.1,13.1,1.0,3.04,27.7
2021-10-26,20.5,13.6,1.3,2.97,20.6
2021-10-27,18.7,12.6,3.1,2.2,17.7
2021-10-28,18.5,12.6,26.1,1.5,11.2
2021-10-29,15.8,9.8,15.8,1.91,16.0
2021-10-30,17.6,10.6,0.9,2.64,26.3
2021-10-31,15.8,9.6,0.4,2.76,30.1
2021-11-01,15.6,8.2,0.6,2.49,18.6
2021-11-02,17.1,8.4,0.1,3.08,28.4
2021-11-03,10.2,7.8,1.9,2.2,46.1
2021-11-04,14.2,7.6,0.9,2.31,37.9
2021-11-05,17.0,9.2,0.3,2.46,26.4
2021-11-06,15.4,10.4,0.7,1.71,25.5
2021-11-07,20.1,10.8,0.6,3.3,16.1
2021-11-08,19.8,9.1,0.3,4.07,16.2
2021-11-09,19.4,7.7,0.0,3.92,14.6
2021-11-10,20.6,8.2,1.4,3.96,13.4
2021-11-11,20.5,10.1,1.0,3.86,18.3
2021-11-12,20.2,14.2,1.4,3.2,29.5
2021-11-13,20.9,15.6,4.7,1.92,35.1
2021-11-14,19.4,14.1,9.1,2.19,29.3
2021-11-15,18.0,12.9,3.9,3.21,29.5
2021-11-16,15.6,11.8,6.4,2.47,32.2
2021-11-17,16.2,10.5,5.8,3.42,27.5
2021-11-18,16.8,8.6,0.2,3.84,19.8
2021-11-19,19.0,6.3,0.0,4.24,19.6
2021-11-20,19.6,6.8,0.0,4.62,13.5
2021-11-21,20.3,9.8,2.2,2.94,36.9
2021-11-22,18.6,12.3,6.1,2.79,22.7
2021-11-23,19.0,8.8,0.0,4.02,20.4
2021-11-24,18.2,8.9,0.0,4.68,17.5
2021-11-25,20.7,7.6,0.6,4.11,15.2
2021-11-26,18.6,9.6,1.2,3.03,20.2
2021-11-27,19.5,11.4,0.7,3.46,17.8
2021-11-28,18.7,12.8,1.9,1.98,17.1
2021-11-29,20.2,11.9,0.4,2.76,9.7
2021-11-30,18.0,12.2,22.6,0.97,16.1
2021-12-01,19.5,13.4,3.1,2.49,20.2
2021-12-02,20.6,14.5,14.7,2.43,8.9
2021-12-03,21.7,14.7,17.9,2.83,14.3
2021-12-04,18.1,15.1,6.9,1.7,22.4
2021-12-05,21.8,15.4,0.5,3.46,31.9
2021-12-06,20.2,16.4,29.6,2.08,32.2
2021-12-07,20.4,17.0,12.9,2.05,23.2
2021-12-08,20.4,15.9,10.9,2.21,19.6
2021-12-09,21.5,15.1,2.3,3.56,17.6
2021-12-10,22.4,14.1,1.6,3.62,12.0
2021-12-11,22.6,14.2,1.2,3.96,27.7
2021-12-12,19.2,15.2,19.6,1.74,21.2
2021-12-13,22.1,14.8,21.5,3.05,18.4
2021-12-14,19.4,16.0,40.6,1.29,26.5
2021-12-15,23.5,15.2,12.3,4.17,32.7
2021-12-16,18.9,15.1,7.3,2.7,25.8
2021-12-17,17.5,13.2,2.1,3.42,32.5
2021-12-18,16.8,12.1,0.0,3.95,30.8
2021-12-19,19.0,10.8,0.0,4.25,23.8
2021-12-20,20.9,10.2,0.0,4.63,27.6
2021-12-21,20.2,13.7,2.9,2.91,36.7
2021-12-22,20.1,12.1,0.5,4.08,23.1
2021-12-23,22.1,13.1,0.1,4.65,15.3
2021-12-24,20.2,11.1,0.0,4.92,17.0
2021-12-25,22.5,11.4,0.0,4.7,22.2
2021-12-26,22.8,10.8,0.2,5.22,15.5
2021-12-27,23.0,12.8,0.2,4.2,17.5
2021-12-28,19.8,14.8,15.5,1.67,20.1
2021-12-29,19.1,12.0,2.6,3.28,16.5
2021-12-30,18.0,11.6,0.4,3.57,27.1
2021-12-31,20.7,12.2,0.0,4.4,20.9
2022-01-01,21.6,12.1,0.0,5.0,22.6
2022-01-02,25.6,12.1,0.0,5.59,14.0
2022-01-03,23.7,12.8,0.0,5.01,16.1
2022-01-04,25.3,14.1,0.0,5.9,12.6
2022-01-05,24.5,13.2,0.0,5.33,15.9
2022-01-06,19.9,13.1,0.8,2.62,23.5
2022-01-07,17.7,10.9,0.0,4.95,23.5
2022-01-08,22.2,9.4,0.0,5.27,10.4
2022-01-09,22.7,11.7,0.5,4.2,24.5
2022-01-10,21.6,14.6,0.9,3.48,18.9
2022-01-11,22.9,15.4,2.4,4.07,19.4
2022-01-12,19.5,13.6,0.3,3.62,26.4
2022-01-13,20.0,10.4,0.0,5.0,29.5
2022-01-14,20.1,8.6,0.0,5.33,23.1
2022-01-15,23.0,10.1,0.0,5.33,17.6
2022-01-16,23.9,9.6,0.0,5.75,15.5
2022-01-17,22.5,10.0,0.0,5.33,18.5
2022-01-18,22.7,10.6,0.0,5.42,11.6
2022-01-19,23.8,15.3,0.4,3.73,25.6
2022-01-20,18.6,12.4,7.2,4.02,24.1
2022-01-21,20.5,11.0,0.5,4.03,20.0
2022-01-22,24.0,10.2,0.0,4.59,15.9
2022-01-23,23.4,12.8,0.0,3.97,16.1
2022-01-24,20.9,13.6,1.2,1.95,13.0
2022-01-25,22.2,15.1,5.7,3.02,19.1
2022-01-26,23.8,15.4,16.6,3.66,22.7
2022-01-27,17.6,11.4,0.7,4.52,27.3
2022-01-28,19.9,10.2,0.0,4.85,19.1
2022-01-29,23.5,9.4,0.0,5.1,16.5
2022-01-30,21.9,12.1,0.0,4.79,21.3
2022-01-31,26.6,12.6,0.0,5.04,18.2
2022-02-01,26.4,15.9,0.0,5.31,24.1
2022-02-02,26.0,16.9,0.0,5.51,35.3
2022-02-03,25.4,17.6,0.4,4.51,31.0
2022-02-04,26.7,16.0,0.0,6.07,27.6
2022-02-05,22.1,17.1,54.2,1.36,26.4
2022-02-06,19.0,13.5,78.7,0.78,31.9
2022-02-07,22.0,12.9,7.4,3.08,26.1
2022-02-08,27.0,15.4,3.3,4.56,9.7
2022-02-09,27.0,19.1,3.3,3.73,17.0
2022-02-10,26.1,19.7,0.0,4.35,26.4
2022-02-11,22.0,19.1,22.1,1.34,15.2
2022-02-12,22.6,18.0,37.7,1.12,28.3
2022-02-13,22.2,10.4,34.1,1.13,35.7
2022-02-14,15.8,10.1,1.0,3.03,21.9
2022-02-15,19.0,8.8,0.0,3.95,12.2
2022-02-16,19.3,9.9,0.2,3.38,23.2
2022-02-17,22.4,9.6,0.0,4.16,12.8
2022-02-18,21.4,13.8,0.4,3.78,21.9
2022-02-19,21.0,14.1,1.0,3.24,23.2
2022-02-20,19.1,12.6,6.6,3.12,19.4
2022-02-21,23.1,11.0,0.0,4.18,13.3
2022-02-22,21.4,13.1,2.1,3.48,16.3
2022-02-23,19.2,11.7,0.4,2.81,25.4
2022-02-24,19.2,10.1,0.0,3.95,25.6
2022-02-25,19.9,7.9,0.0,3.53,19.2
2022-02-26,19.9,9.6,0.0,4.0,16.9
2022-02-27,17.9,9.2,0.0,3.8,24.8
2022-02-28,17.9,8.2,0.0,3.57,19.0
2022-03-01,19.5,9.4,0.0,3.85,14.2
2022-03-02,17.6,10.0,0.4,2.82,26.6
2022-03-03,19.5,7.2,0.0,3.77,17.1
2022-03-04,19.2,9.7,0.0,2.84,11.9
2022-03-05,20.8,11.1,0.1,2.38,9.9
2022-03-06,22.2,12.1,0.0,3.76,17.1
2022-03-07,21.6,12.1,0.0,3.36,15.3
2022-03-08,23.1,11.6,0.0,3.03,11.6
2022-03-09,22.1,14.6,0.3,3.0,15.1
2022-03-10,23.5,13.4,0.0,3.49,14.9
2022-03-11,21.9,14.4,0.3,3.8,20.5
2022-03-12,20.0,13.4,1.6,2.15,20.7
2022-03-13,18.4,11.6,0.3,3.37,29.7
2022-03-14,19.6,10.2,0.0,3.02,24.6
2022-03-15,17.4,10.2,0.3,2.14,27.5
2022-03-16,17.4,10.1,0.1,2.61,27.8
2022-03-17,17.6,8.9,0.0,3.06,23.4
2022-03-18,16.8,7.6,0.0,3.09,13.3
2022-03-19,20.4,5.1,0.0,3.25,13.4
2022-03-20,21.8,13.6,0.0,3.19,17.4
2022-03-21,18.5,12.9,34.2,0.93,15.7
2022-03-22,22.8,14.6,0.5,2.78,21.1
2022-03-23,20.0,14.9,2.8,1.45,19.3
2022-03-24,16.4,14.9,40.3,0.46,26.8
2022-03-25,15.8,12.8,18.3,0.66,33.9
2022-03-26,16.2,11.6,0.1,2.27,26.4
2022-03-27,16.3,10.7,0.5,1.89,24.9
2022-03-28,16.4,10.1,0.2,2.18,29.9
2022-03-29,19.0,11.6,0.3,1.63,21.3
2022-03-30,21.5,13.7,0.0,2.39,14.8
2022-03-31,22.5,11.6,0.0,2.81,9.3
2022-04-01,18.0,10.4,0.4,1.52,17.8
2022-04-02,21.1,11.0,0.5,2.29,17.4
2022-04-03,21.0,13.6,0.0,2.21,14.0
2022-04-04,20.4,12.7,0.0,2.63,12.3
2022-04-05,20.4,12.2,1.3,2.04,23.6
2022-04-06,20.1,13.5,18.1,1.96,29.4
2022-04-07,13.9,6.4,0.2,2.13,22.4
2022-04-08,15.8,4.9,0.2,1.79,22.1
2022-04-09,16.8,7.4,0.0,2.38,17.9
2022-04-10,17.2,5.8,0.1,1.97,17.9
2022-04-11,17.3,6.9,0.0,1.79,16.1
2022-04-12,18.6,11.2,0.3,1.84,24.8
2022-04-13,14.6,10.7,1.0,1.21,33.0
2022-04-14,14.1,7.8,0.0,2.37,19.7
2022-04-15,17.1,2.2,0.0,2.28,9.0
2022-04-16,17.0,8.5,0.0,1.8,23.4
2022-04-17,17.5,8.6,0.0,2.47,24.0
2022-04-18,18.1,6.4,0.0,1.9,8.4
2022-04-19,21.1,10.8,5.9,1.94,18.6
2022-04-20,21.6,15.6,0.0,2.48,22.6
2022-04-21,21.0,15.8,0.0,2.58,35.7
2022-04-22,16.4,11.3,20.0,1.48,25.3
2022-04-23,14.4,5.8,0.1,1.87,15.5
2022-04-24,16.3,11.4,3.6,1.77,31.8
2022-04-25,16.0,8.1,0.7,1.45,11.8
2022-04-26,17.0,4.3,0.2,1.67,16.8
2022-04-27,16.6,9.2,0.0,1.82,19.7
2022-04-28,14.6,7.0,0.0,1.84,16.5
2022-04-29,16.2,4.7,0.0,1.55,9.0
2022-04-30,16.5,6.1,0.0,1.8,10.5
2022-05-01,17.2,7.4,0.0,1.71,20.6
2022-05-02,17.6,10.6,0.2,1.26,18.0
2022-05-03,18.2,10.9,0.1,1.41,10.9
2022-05-04,17.8,10.4,0.4,1.39,9.3
2022-05-05,18.3,9.1,0.0,1.65,9.5
2022-05-06,16.8,6.7,0.0,1.47,10.4
2022-05-07,17.7,6.8,0.0,1.66,13.1
2022-05-08,17.4,10.0,0.3,1.08,20.2
2022-05-09,15.7,11.6,4.7,0.7,25.8
2022-05-10,13.9,6.9,13.2,1.28,26.8
2022-05-11,10.5,5.2,0.0,1.21,23.2
2022-05-12,12.7,3.0,0.0,1.41,14.5
2022-05-13,13.9,2.0,0.0,1.34,13.1
2022-05-14,14.8,9.2,0.7,0.94,23.3
2022-05-15,15.9,13.1,36.0,0.42,24.5
2022-05-16,16.8,13.9,14.6,0.69,24.4
2022-05-17,18.1,13.8,21.8,0.54,29.9
2022-05-18,17.6,11.6,0.0,1.33,12.3
2022-05-19,16.9,11.4,2.3,1.11,29.2
2022-05-20,11.9,6.8,15.7,1.04,37.9
2022-05-21,12.2,8.4,3.3,1.79,34.9
2022-05-22,13.6,9.8,5.9,1.35,29.9
2022-05-23,13.1,7.1,1.5,1.2,16.8
2022-05-24,13.7,5.8,0.0,1.13,17.8
2022-05-25,14.1,7.5,0.6,1.19,26.2
2022-05-26,10.2,4.3,0.7,0.98,18.7
2022-05-27,11.6,3.3,0.0,1.15,13.4
2022-05-28,13.2,2.6,0.0,1.22,10.8
2022-05-29,14.8,4.3,0.0,1.18,13.6
2022-05-30,15.3,7.9,18.9,0.69,30.7
2022-05-31,16.2,12.0,1.8,1.29,32.5
2022-06-01,15.1,12.1,10.8,0.93,37.9
2022-06-02,12.6,9.1,14.8,0.47,28.1
2022-06-03,14.1,8.6,4.0,0.78,19.3
2022-06-04,11.9,4.1,0.0,1.19,18.0
2022-06-05,13.1,4.0,0.0,1.33,19.1
2022-06-06,14.6,9.8,1.5,1.17,21.0
2022-06-07,15.4,11.2,5.0,1.24,31.8
2022-06-08,14.9,9.8,5.3,1.14,25.5
2022-06-09,13.4,8.4,10.6,0.93,29.7
2022-06-10,12.6,9.2,4.2,1.47,36.4
2022-06-11,11.9,8.2,6.4,1.12,33.4
2022-06-12,11.6,8.1,7.3,0.78,37.2
2022-06-13,10.8,6.9,16.1,1.14,37.3
2022-06-14,11.4,8.4,6.4,1.32,33.4
2022-06-15,11.8,9.5,8.1,0.94,30.2
2022-06-16,11.8,8.8,3.8,0.66,23.5
2022-06-17,13.6,9.1,9.9,0.69,11.7
2022-06-18,13.6,9.2,6.6,0.81,19.1
2022-06-19,10.4,5.0,4.0,0.91,26.0
2022-06-20,7.5,3.8,0.3,0.96,37.2
2022-06-21,7.8,2.5,0.0,0.65,25.7
2022-06-22,9.9,3.8,0.0,0.76,19.6
2022-06-23,11.4,0.6,0.0,0.97,10.0
2022-06-24,11.6,3.5,0.0,1.14,20.9
2022-06-25,12.9,8.8,2.8,0.84,25.8
2022-06-26,13.3,9.2,0.4,0.75,15.5
2022-06-27,12.1,6.8,0.1,0.85,16.6
2022-06-28,13.2,6.0,0.0,1.0,15.5
2022-06-29,10.4,5.4,4.1,0.43,16.5
2022-06-30,12.3,2.8,0.0,1.01,25.1
2022-07-01,10.6,6.8,0.8,1.01,21.6
2022-07-02,11.9,4.8,0.2,0.92,13.7
2022-07-03,11.4,6.5,0.7,0.71,21.0
2022-07-04,13.2,6.1,0.0,1.08,13.8
2022-07-05,10.9,7.4,3.4,0.65,34.8
2022-07-06,12.2,4.0,0.8,0.93,18.3
2022-07-07,12.8,2.5,0.6,1.0,12.8
2022-07-08,15.8,9.1,22.5,0.79,41.5
2022-07-09,13.7,9.5,5.2,1.16,34.0
2022-07-10,11.9,5.4,5.9,0.75,17.3
2022-07-11,12.6,6.3,8.7,0.62,17.7
2022-07-12,15.7,8.9,25.6,0.71,33.2
2022-07-13,13.5,9.8,1.2,1.11,27.5
2022-07-14,12.3,7.7,1.2,0.83,20.6
2022-07-15,10.6,6.6,2.2,1.03,19.1
2022-07-16,9.8,3.2,0.4,1.0,12.7
2022-07-17,10.6,1.2,0.1,0.88,17.4
2022-07-18,10.8,5.3,0.0,1.15,34.5
2022-07-19,13.8,8.6,1.3,1.02,31.0
2022-07-20,13.8,7.4,16.3,0.53,21.8
2022-07-21,8.0,5.9,9.1,0.54,33.8
2022-07-22,8.8,4.1,0.0,1.07,23.1
2022-07-23,10.4,1.6,0.0,1.11,16.1
2022-07-24,10.9,1.4,0.0,0.88,9.5
2022-07-25,10.4,5.9,13.3,0.47,18.1
2022-07-26,15.1,10.6,3.8,1.62,33.9
2022-07-27,12.8,9.4,10.5,0.54,29.5
2022-07-28,12.4,9.1,12.6,0.83,30.9
2022-07-29,11.2,7.8,4.4,0.99,27.3
2022-07-30,12.7,8.4,0.6,1.26,33.5
2022-07-31,9.6,3.8,13.4,0.58,32.8
2022-08-01,11.1,1.8,0.0,1.19,19.1
2022-08-02,11.9,5.7,0.3,1.12,31.9
2022-08-03,13.1,9.0,4.0,0.8,30.1
2022-08-04,14.0,4.8,0.0,1.35,10.8
2022-08-05,13.3,3.7,0.0,1.39,14.4
2022-08-06,12.6,6.6,0.9,1.18,33.1
2022-08-07,13.7,8.1,6.8,1.14,33.9
2022-08-08,11.1,5.8,1.5,0.84,24.7
2022-08-09,10.9,6.2,1.7,0.83,30.3
2022-08-10,9.1,2.4,0.1,0.96,21.9
2022-08-11,8.1,1.9,0.2,1.03,24.0
2022-08-12,8.6,0.3,0.0,1.3,12.6
2022-08-13,9.5,-1.9,0.0,1.23,9.2
2022-08-14,11.4,-2.0,0.0,1.51,11.7
2022-08-15,11.8,3.3,0.0,1.22,17.2
2022-08-16,15.1,8.0,4.2,1.36,32.8
2022-08-17,15.9,12.2,13.8,1.22,37.7
2022-08-18,16.2,13.3,19.0,1.1,41.8
2022-08-19,17.0,14.6,16.1,0.82,37.1
2022-08-20,15.9,12.6,11.8,1.01,37.5
2022-08-21,15.1,10.8,1.1,1.34,29.4
2022-08-22,13.6,7.0,19.5,0.83,18.8
2022-08-23,12.6,5.9,1.0,1.07,15.8
2022-08-24,11.7,6.7,0.4,1.29,21.9
2022-08-25,13.6,7.1,3.9,1.27,29.1
2022-08-26,12.5,9.1,27.4,0.5,22.7
2022-08-27,10.8,6.2,0.9,0.89,20.2
2022-08-28,11.1,4.9,0.0,1.43,25.9
2022-08-29,11.7,3.7,0.0,1.73,20.5
2022-08-30,13.9,0.3,0.0,2.03,10.9
2022-08-31,13.2,2.3,0.0,1.84,14.1
2022-09-01,13.1,4.3,0.0,1.43,13.4
2022-09-02,13.4,5.5,0.4,1.51,19.0
2022-09-03,11.6,8.0,10.1,0.77,32.6
2022-09-04,11.3,7.8,0.8,1.78,34.1
2022-09-05,8.7,4.6,19.2,0.65,37.6
2022-09-06,7.5,0.8,0.1,1.7,35.3
2022-09-07,9.1,0.9,0.8,1.01,19.0
2022-09-08,12.1,4.2,0.0,1.4,11.4
2022-09-09,13.2,0.7,1.6,1.89,11.9
2022-09-10,13.0,5.2,10.5,1.39,19.7
2022-09-11,15.4,5.8,1.4,1.4,14.8
2022-09-12,14.6,9.4,10.9,1.43,36.1
2022-09-13,13.0,6.8,10.9,1.34,28.4
2022-09-14,10.1,3.5,4.0,1.45,18.4
2022-09-15,10.1,1.0,6.3,1.8,17.1
2022-09-16,12.4,4.7,0.3,1.84,16.1
2022-09-17,13.2,4.1,0.3,1.81,16.9
2022-09-18,13.8,4.2,0.0,2.01,14.6
2022-09-19,14.2,8.1,14.2,1.5,38.5
2022-09-20,16.4,10.0,0.9,2.3,20.2
2022-09-21,15.5,7.0,8.3,1.94,18.9
2022-09-22,14.0,6.8,0.6,1.76,26.6
2022-09-23,14.6,8.2,15.3,0.98,25.3
2022-09-24,14.2,8.2,4.3,1.39,16.1
2022-09-25,13.0,8.4,0.2,1.8,23.6
2022-09-26,17.4,4.5,0.0,2.81,16.4
2022-09-27,15.8,5.6,0.0,3.03,16.8
2022-09-28,15.6,8.2,1.6,2.17,23.8
2022-09-29,16.0,10.1,8.2,2.02,32.1
2022-09-30,16.7,8.7,7.7,1.38,27.0
2022-10-01,12.9,8.1,23.9,1.02,24.5
2022-10-02,17.6,9.4,4.8,1.75,21.2
2022-10-03,13.4,7.8,6.4,1.11,23.9
2022-10-04,15.8,4.7,0.0,3.1,19.1
2022-10-05,11.9,5.7,3.3,1.77,35.9
2022-10-06,6.8,1.2,4.4,2.18,20.5
2022-10-07,10.8,-0.1,0.0,2.86,19.5
2022-10-08,15.3,0.0,0.0,2.95,16.9
2022-10-09,15.4,5.7,0.0,2.65,19.3
2022-10-10,14.8,6.7,0.0,2.75,25.3
2022-10-11,14.1,9.5,6.0,1.17,33.4
2022-10-12,12.8,9.6,15.7,0.68,9.7
2022-10-13,15.2,7.8,8.8,1.44,19.8
2022-10-14,14.4,5.8,0.0,2.74,25.6
2022-10-15,13.8,6.2,0.0,2.09,14.7
2022-10-16,13.6,4.8,0.6,2.2,18.6
2022-10-17,15.8,9.8,2.2,2.71,22.1
2022-10-18,15.2,7.4,3.3,2.55,20.4
2022-10-19,12.5,7.4,1.3,2.37,23.6
2022-10-20,13.6,8.1,2.4,2.01,29.9
2022-10-21,12.0,4.8,0.8,2.36,22.2
2022-10-22,14.6,2.0,0.0,3.56,14.9
2022-10-23,17.3,2.5,0.0,3.77,17.0
2022-10-24,16.1,9.7,0.2,2.91,28.5
2022-10-25,14.8,7.8,0.3,2.92,25.1
2022-10-26,16.2,9.7,3.3,2.21,25.0
2022-10-27,17.4,10.3,0.5,2.57,23.2
2022-10-28,19.5,9.8,0.1,3.45,28.2
2022-10-29,19.8,14.2,2.8,2.99,37.9
2022-10-30,18.1,14.0,27.1,1.25,24.5
2022-10-31,19.1,11.6,2.7,2.88,19.8
2022-11-01,18.8,9.3,0.0,4.21,18.4
2022-11-02,19.1,10.2,0.0,3.44,31.1
2022-11-03,19.5,12.9,1.8,3.14,34.2
2022-11-04,17.1,11.2,0.3,3.67,23.6
2022-11-05,15.9,8.2,0.6,2.91,27.6
2022-11-06,18.3,7.6,1.2,2.91,12.3
2022-11-07,15.5,11.2,10.4,1.57,15.0
2022-11-08,18.5,9.9,1.4,3.62,18.4
2022-11-09,18.5,7.8,0.6,2.97,15.4
2022-11-10,16.7,9.5,0.0,3.96,41.8
2022-11-11,17.2,9.1,9.2,1.93,26.1
2022-11-12,20.3,13.6,0.8,3.6,25.6
2022-11-13,17.1,10.7,2.3,3.03,23.4
2022-11-14,21.1,8.3,0.7,3.97,16.4
2022-11-15,20.6,11.4,7.1,3.67,10.4
2022-11-16,19.4,10.8,14.9,2.45,15.5
2022-11-17,18.4,13.6,31.4,1.52,19.0
2022-11-18,20.2,12.1,24.8,2.83,18.2
2022-11-19,18.6,12.2,12.1,3.29,26.1
2022-11-20,18.0,12.9,5.3,2.85,28.8
2022-11-21,17.7,12.4,6.8,2.04,31.4
2022-11-22,20.4,11.8,9.2,3.69,30.4
2022-11-23,16.0,9.6,13.0,3.41,39.0
2022-11-24,14.6,8.6,36.0,2.89,33.7
2022-11-25,14.6,7.4,5.0,3.33,31.4
2022-11-26,17.0,9.6,1.7,3.43,24.3
2022-11-27,18.6,11.1,13.4,2.85,27.8
2022-11-28,16.1,8.8,1.6,3.16,25.5
2022-11-29,17.5,7.8,0.0,2.98,27.4
2022-11-30,18.9,9.6,23.6,2.52,28.4
2022-12-01,15.7,9.1,4.5,3.0,23.8
2022-12-02,16.3,9.1,0.3,3.69,24.6
2022-12-03,15.4,7.1,0.0,3.94,17.8
2022-12-04,18.6,6.1,0.0,3.99,22.7
2022-12-05,18.0,11.2,0.6,3.31,22.4
2022-12-06,15.9,9.8,0.9,2.33,16.3
2022-12-07,17.4,9.5,0.0,3.77,28.0
2022-12-08,18.9,7.4,0.0,4.06,13.1
2022-12-09,19.5,11.8,5.3,2.53,32.7
2022-12-10,20.5,15.1,30.5,2.04,16.5
2022-12-11,19.9,12.6,1.3,3.42,18.9
2022-12-12,19.9,11.7,2.3,3.64,14.2
2022-12-13,23.4,11.6,8.1,4.49,16.6
2022-12-14,21.8,13.4,4.1,3.04,14.4
2022-12-15,21.3,14.9,9.5,2.4,23.3
2022-12-16,23.5,16.9,11.0,3.3,18.6
2022-12-17,18.8,15.4,20.9,1.09,12.9
2022-12-18,18.3,14.4,16.5,1.66,11.9
2022-12-19,20.4,12.5,22.3,2.94,15.3
2022-12-20,19.0,10.1,5.7,3.35,12.3
2022-12-21,20.5,11.8,6.9,3.72,21.9
2022-12-22,20.1,12.6,15.9,3.86,16.9
2022-12-23,20.6,13.6,3.1,3.71,28.9
2022-12-24,20.0,12.8,0.8,4.2,17.3
2022-12-25,20.6,10.9,2.4,4.07,16.4
2022-12-26,22.0,8.2,2.2,4.71,17.3
2022-12-27,21.2,9.6,0.0,5.27,21.4
2022-12-28,23.0,10.6,0.0,5.17,21.2
2022-12-29,23.5,13.1,0.2,4.89,15.9
2022-12-30,21.5,12.5,0.0,4.6,25.0
2022-12-31,18.9,10.9,0.0,5.19,24.0
2023-01-01,17.9,9.0,0.0,4.08,24.0
2023-01-02,20.6,11.6,0.1,3.65,17.0
2023-01-03,22.6,13.5,0.0,4.64,14.8
2023-01-04,22.2,13.6,0.3,3.35,19.5
2023-01-05,22.9,14.9,20.0,4.17,33.3
2023-01-06,21.0,16.5,26.4,2.5,33.4
2023-01-07,20.0,15.2,27.7,1.57,18.2
2023-01-08,18.2,14.4,4.5,1.63,32.8
2023-01-09,23.2,13.6,0.0,5.28,28.1
2023-01-10,18.9,13.8,7.4,2.4,23.5
2023-01-11,20.4,13.5,24.4,2.18,29.0
2023-01-12,16.6,11.8,4.3,2.63,23.3
2023-01-13,18.1,10.1,0.4,3.31,20.1
2023-01-14,19.2,10.3,0.3,4.06,18.5
2023-01-15,21.1,12.2,0.0,4.86,16.8
2023-01-16,20.9,11.5,1.6,4.3,10.8
2023-01-17,21.6,13.9,1.5,4.39,13.2
2023-01-18,22.1,12.9,0.0,4.55,17.1
2023-01-19,22.0,12.4,1.3,3.87,16.1
2023-01-20,21.6,13.4,0.0,4.52,22.7
2023-01-21,22.2,13.9,0.4,4.59,15.5
2023-01-22,20.5,13.4,1.0,4.02,22.3
2023-01-23,21.0,10.5,0.0,4.42,17.6
2023-01-24,20.8,12.2,2.3,2.86,14.9
2023-01-25,21.2,14.1,14.2,3.22,13.9
2023-01-26,22.5,13.8,1.5,4.15,12.2
2023-01-27,21.1,14.9,29.5,1.47,18.3
2023-01-28,17.5,15.6,60.0,0.8,24.5
2023-01-29,23.4,16.6,4.4,2.71,23.9
2023-01-30,22.3,17.9,1.1,2.43,22.5
2023-01-31,22.5,15.7,0.5,2.53,9.9
2023-02-01,21.9,16.6,10.6,2.67,26.3
2023-02-02,24.2,17.7,2.4,3.28,23.8
2023-02-03,23.0,18.6,8.2,2.24,25.3
2023-02-04,25.8,18.6,1.3,4.28,17.0
2023-02-05,23.5,17.6,12.2,2.93,30.6
2023-02-06,21.8,14.9,2.1,4.02,27.1
2023-02-07,19.9,14.4,0.7,3.37,23.1
2023-02-08,19.5,13.6,0.7,3.8,25.2
2023-02-09,17.6,11.0,0.7,3.52,21.7
2023-02-10,20.0,11.1,3.5,3.47,10.4
2023-02-11,21.5,12.9,0.0,4.12,15.8
2023-02-12,19.5,13.2,0.0,2.86,24.6
2023-02-13,16.3,14.1,27.6,1.45,38.2
2023-02-14,16.8,13.7,22.5,1.07,41.0
2023-02-15,20.2,14.4,9.0,3.1,26.1
2023-02-16,15.6,12.9,7.5,1.42,30.3
2023-02-17,17.2,10.9,1.8,3.16,25.9
2023-02-18,20.6,8.4,0.9,3.96,11.9
2023-02-19,21.9,10.0,0.0,4.33,14.6
2023-02-20,21.9,12.5,0.3,3.31,14.8
2023-02-21,21.3,13.1,1.3,2.94,16.2
2023-02-22,20.6,14.9,1.8,3.01,18.7
2023-02-23,15.5,10.9,6.9,1.78,30.4
2023-02-24,16.0,10.7,8.3,2.4,30.4
2023-02-25,16.9,11.8,8.2,1.94,28.7
2023-02-26,19.1,11.6,1.4,2.5,21.0
2023-02-27,18.6,10.6,3.6,2.25,11.7
2023-02-28,19.0,11.9,4.4,2.74,18.1
2023-03-01,21.4,9.6,0.0,3.95,12.0
2023-03-02,19.8,11.0,0.4,2.43,14.1
2023-03-03,21.9,11.2,0.7,3.15,16.2
2023-03-04,21.0,12.4,1.4,2.84,18.1
2023-03-05,20.2,12.9,1.2,2.96,20.4
2023-03-06,17.1,9.9,0.0,3.02,23.7
2023-03-07,19.0,7.3,0.0,3.46,12.9
2023-03-08,20.1,10.4,0.3,2.51,18.7
2023-03-09,20.6,13.9,1.4,2.87,25.5
2023-03-10,19.2,14.1,18.2,1.93,21.9
2023-03-11,20.0,13.4,0.7,3.22,18.0
2023-03-12,19.5,13.1,1.3,2.71,20.8
2023-03-13,18.1,10.3,6.1,1.88,37.0
2023-03-14,17.4,6.8,0.0,2.63,11.2
2023-03-15,20.0,5.5,0.0,3.45,11.3
2023-03-16,19.6,9.9,0.0,2.75,29.5
2023-03-17,20.0,15.2,9.7,1.61,38.2
2023-03-18,19.2,11.4,12.6,2.66,16.6
2023-03-19,19.5,10.1,0.0,2.76,17.6
2023-03-20,19.0,10.1,0.4,2.15,23.3
2023-03-21,16.8,8.9,23.5,2.09,30.2
2023-03-22,15.1,8.2,3.1,2.34,18.5
2023-03-23,15.4,6.4,0.0,2.48,14.5
2023-03-24,17.3,6.4,0.0,2.57,11.5
2023-03-25,18.1,8.6,0.8,2.23,19.9
2023-03-26,17.8,13.1,3.0,1.38,25.2
2023-03-27,17.6,10.7,0.5,1.67,16.9
2023-03-28,17.2,7.2,14.7,1.76,24.7
2023-03-29,10.4,5.6,4.5,1.77,33.4
2023-03-30,13.7,7.6,0.0,1.66,19.9
2023-03-31,17.0,5.8,0.0,2.22,17.6
2023-04-01,17.5,12.1,14.1,1.47,31.4
2023-04-02,18.6,11.8,2.5,1.7,17.4
2023-04-03,15.2,9.4,1.4,1.67,16.6
2023-04-04,15.8,7.1,0.0,2.17,13.4
2023-04-05,16.8,6.2,0.7,1.96,20.2
2023-04-06,16.9,10.9,0.1,1.29,16.3
2023-04-07,16.0,8.8,0.0,2.21,31.3
2023-04-08,15.9,7.9,0.0,2.36,26.1
2023-04-09,19.6,7.6,5.5,2.68,29.5
2023-04-10,19.3,13.7,9.5,1.55,30.4
2023-04-11,17.9,12.6,10.2,1.78,38.0
2023-04-12,17.8,11.4,2.3,1.89,26.2
2023-04-13,18.9,10.7,8.4,1.64,12.0
2023-04-14,19.2,11.8,0.0,2.34,20.6
2023-04-15,18.3,8.1,0.0,2.55,23.1
2023-04-16,18.2,6.3,0.0,2.23,9.4
2023-04-17,18.2,6.5,0.0,2.27,9.7
2023-04-18,19.0,10.5,0.2,1.97,28.0
2023-04-19,20.0,15.6,1.0,1.83,31.3
2023-04-20,21.2,14.9,0.1,1.94,23.1
2023-04-21,18.1,15.2,11.6,0.91,17.4
2023-04-22,19.0,14.6,20.9,0.92,31.8
2023-04-23,18.3,12.6,0.0,1.49,20.5
2023-04-24,13.9,5.4,5.1,1.66,30.0
2023-04-25,14.8,3.8,0.1,1.76,33.5
2023-04-26,15.2,6.8,4.3,1.44,25.0
2023-04-27,14.1,5.9,0.0,1.75,12.6
2023-04-28,16.5,6.2,0.0,1.92,8.8
2023-04-29,16.3,7.2,0.0,1.36,8.8
2023-04-30,18.5,6.8,0.3,1.44,8.3
2023-05-01,21.1,11.8,1.9,1.8,24.6
2023-05-02,19.6,15.9,1.6,1.53,22.2
2023-05-03,20.1,14.2,11.9,1.34,29.0
2023-05-04,17.4,15.9,31.5,0.68,33.3
2023-05-05,18.0,15.4,5.6,1.01,28.2
2023-05-06,17.9,15.6,0.5,1.22,28.1
2023-05-07,18.7,14.0,0.5,1.51,20.4
2023-05-08,20.1,14.9,0.1,2.03,28.7
2023-05-09,18.0,14.3,12.6,1.11,32.1
2023-05-10,15.1,6.3,9.8,0.78,33.1
2023-05-11,8.1,4.9,4.6,0.65,21.2
2023-05-12,12.4,2.3,0.3,1.39,13.0
2023-05-13,14.1,2.5,0.0,1.32,7.3
2023-05-14,13.5,8.2,1.7,0.92,17.7
2023-05-15,12.9,6.6,5.8,1.02,19.8
2023-05-16,12.5,3.8,0.0,1.19,9.4
2023-05-17,13.6,2.2,1.3,0.93,18.0
2023-05-18,13.9,4.2,0.1,1.22,25.4
2023-05-19,15.8,10.1,3.6,1.43,31.9
2023-05-20,15.1,11.4,26.6,0.99,31.3
2023-05-21,13.1,9.1,10.8,1.09,31.7
2023-05-22,14.8,9.1,0.4,1.08,22.7
2023-05-23,14.8,7.1,0.0,1.12,17.1
2023-05-24,13.4,6.2,1.1,0.92,21.3
2023-05-25,13.8,4.2,0.0,1.29,9.4
2023-05-26,14.1,6.8,0.1,1.1,20.2
2023-05-27,14.3,9.6,0.0,1.16,23.4
2023-05-28,16.0,9.8,0.0,1.55,25.0
2023-05-29,15.8,13.2,7.3,1.52,34.5
2023-05-30,14.2,11.1,1.0,0.73,24.8
2023-05-31,13.1,8.0,0.5,1.03,19.8
2023-06-01,14.8,9.0,3.3,0.66,22.0
2023-06-02,13.8,8.8,2.7,1.09,25.3
2023-06-03,12.8,5.6,0.5,1.2,26.2
2023-06-04,11.8,5.8,0.9,0.71,26.3
2023-06-05,11.4,6.8,1.7,1.01,34.1
2023-06-06,11.3,6.2,0.2,1.13,31.7
2023-06-07,11.9,6.1,0.0,0.95,26.3
2023-06-08,12.8,5.2,0.0,0.99,23.4
2023-06-09,12.9,6.1,0.1,0.89,18.2
2023-06-10,13.1,3.7,0.0,1.07,15.3
2023-06-11,11.4,1.5,0.0,0.92,8.1
2023-06-12,12.5,3.0,0.1,0.9,17.9
2023-06-13,11.2,3.6,0.0,0.93,15.8
2023-06-14,10.8,2.5,0.0,0.84,13.0
2023-06-15,11.8,-0.2,0.0,1.0,10.5
2023-06-16,11.4,2.2,0.0,1.05,11.2
2023-06-17,12.6,5.5,0.5,0.73,19.2
2023-06-18,14.2,7.6,0.0,0.97,15.8
2023-06-19,13.6,5.3,0.0,0.84,10.7
2023-06-20,13.4,4.1,0.0,0.96,20.2
2023-06-21,14.9,6.8,0.0,1.12,13.7
2023-06-22,15.0,9.7,1.2,1.04,19.9
2023-06-23,15.9,10.7,0.0,1.28,18.4
2023-06-24,15.1,10.5,5.8,1.0,19.5
2023-06-25,16.2,6.7,0.5,1.32,17.0
2023-06-26,14.6,4.9,4.1,1.1,21.3
2023-06-27,11.4,4.4,1.8,0.65,12.1
2023-06-28,12.2,4.0,3.9,0.76,21.4
2023-06-29,11.6,7.2,4.4,1.01,32.6
2023-06-30,9.5,6.1,13.7,0.67,27.9
2023-07-01,9.2,4.8,7.4,0.99,31.3
2023-07-02,9.1,4.7,14.8,0.86,28.0
2023-07-03,10.7,3.8,9.8,0.77,38.8
2023-07-04,12.4,4.7,0.6,1.07,41.1
2023-07-05,11.8,9.1,1.3,1.03,29.2
2023-07-06,11.6,4.0,0.0,0.93,17.2
2023-07-07,11.8,2.0,0.9,1.25,27.7
2023-07-08,14.2,7.0,12.2,0.93,19.0
2023-07-09,11.4,5.8,6.0,0.28,17.6
2023-07-10,12.1,8.2,2.7,0.78,17.1
2023-07-11,12.1,5.4,0.9,0.94,16.7
2023-07-12,11.3,7.7,5.6,1.04,32.0
2023-07-13,10.8,7.9,8.7,0.82,30.7
2023-07-14,12.8,9.6,2.5,0.69,30.6
2023-07-15,12.9,9.6,1.0,0.93,28.5
2023-07-16,13.1,9.0,2.6,0.77,28.4
2023-07-17,12.1,4.1,2.6,1.02,26.1
2023-07-18,12.8,8.6,0.0,1.03,24.2
2023-07-19,12.9,6.9,0.0,1.01,19.6
2023-07-20,13.6,8.2,0.0,1.3,21.4
2023-07-21,8.9,5.6,0.0,1.21,40.0
2023-07-22,8.5,4.1,0.5,0.73,23.5
2023-07-23,9.4,3.1,0.6,0.84,15.4
2023-07-24,10.4,5.3,5.2,0.34,23.8
2023-07-25,11.1,5.5,5.9,0.75,29.7
2023-07-26,7.5,2.0,14.3,0.56,30.6
2023-07-27,9.6,1.1,2.7,0.81,31.8
2023-07-28,9.6,3.0,3.4,0.86,25.6
2023-07-29,11.1,3.0,0.0,1.04,13.8
2023-07-30,11.6,2.9,0.1,1.11,12.6
2023-07-31,11.9,4.1,0.7,0.72,21.1
2023-08-01,13.7,8.2,0.8,1.02,29.9
2023-08-02,10.4,2.0,16.6,0.75,40.3
2023-08-03,7.8,-1.1,1.8,1.22,26.7
2023-08-04,12.4,-0.9,0.0,1.29,9.3
2023-08-05,11.1,3.3,0.0,1.19,23.2
2023-08-06,11.5,-0.1,0.7,0.87,15.6
2023-08-07,12.6,7.3,0.4,1.01,21.4
2023-08-08,8.8,4.0,5.1,0.88,19.4
2023-08-09,9.1,0.1,2.1,1.11,19.1
2023-08-10,7.3,2.3,12.1,0.47,19.5
2023-08-11,8.6,0.9,1.4,1.16,17.0
2023-08-12,10.4,0.7,0.1,1.08,18.2
2023-08-13,12.6,6.3,0.8,1.0,23.4
2023-08-14,10.9,3.3,7.1,0.5,21.8
2023-08-15,10.6,2.5,2.9,1.16,23.4
2023-08-16,10.2,4.6,6.3,0.95,26.7
2023-08-17,10.3,1.5,3.3,1.38,18.5
2023-08-18,10.6,2.0,0.5,1.23,18.7
2023-08-19,9.8,3.3,9.3,0.72,39.1
2023-08-20,12.1,8.3,9.7,0.73,27.5
2023-08-21,10.4,5.5,6.8,0.87,33.2
2023-08-22,9.6,2.4,1.0,1.57,28.2
2023-08-23,11.1,1.1,0.0,1.75,8.0
2023-08-24,11.6,0.1,0.0,1.44,10.7
2023-08-25,11.9,2.3,0.0,1.65,10.4
2023-08-26,11.6,-0.8,0.0,1.63,12.5
2023-08-27,11.7,4.1,0.4,1.41,24.2
2023-08-28,7.5,0.6,0.3,0.92,17.3
2023-08-29,10.8,-0.9,0.0,1.66,9.3
2023-08-30,11.4,-0.2,0.0,1.55,12.4
2023-08-31,12.2,0.8,0.4,1.33,14.0
2023-09-01,13.4,2.2,0.0,1.99,10.6
2023-09-02,15.9,2.1,0.0,2.21,11.8
2023-09-03,15.6,2.5,0.0,2.31,9.0
2023-09-04,14.9,2.8,0.1,1.96,9.6
2023-09-05,15.2,6.6,6.9,1.88,31.0
2023-09-06,16.5,11.0,1.5,1.9,25.7
2023-09-07,14.5,6.3,9.6,1.8,25.0
2023-09-08,18.4,4.2,0.0,2.62,14.7
2023-09-09,16.9,4.2,0.0,2.52,9.3
2023-09-10,15.8,4.9,0.0,2.33,22.7
2023-09-11,14.1,9.2,7.8,1.47,32.4
2023-09-12,11.0,7.3,1.4,1.64,25.2
2023-09-13,12.7,7.3,0.8,2.04,32.5
2023-09-14,12.8,8.1,1.4,1.85,30.4
2023-09-15,11.9,6.2,14.2,1.51,27.9
2023-09-16,13.4,2.0,0.1,2.02,24.1
2023-09-17,14.8,8.3,0.0,2.26,41.8
2023-09-18,14.5,8.9,1.1,2.36,35.0
2023-09-19,14.5,7.2,0.1,1.76,25.9
2023-09-20,18.6,9.7,0.0,2.66,15.5
2023-09-21,19.5,7.9,0.0,3.19,18.5
2023-09-22,17.4,10.2,1.3,2.43,27.6
2023-09-23,15.1,9.2,37.2,0.96,30.6
2023-09-24,12.4,8.1,3.8,1.27,24.5
2023-09-25,12.6,7.6,2.5,1.78,33.8
2023-09-26,9.9,6.8,20.5,0.55,28.5
2023-09-27,12.6,6.8,2.6,1.36,30.1
2023-09-28,13.2,8.3,1.7,2.17,33.9
2023-09-29,12.0,5.3,12.3,1.62,36.9
2023-09-30,8.6,2.6,11.7,1.39,33.2
2023-10-01,11.6,2.4,1.9,1.66,32.6
2023-10-02,16.1,8.2,12.3,1.66,40.0
2023-10-03,9.4,2.2,2.8,2.2,34.0
2023-10-04,13.2,-0.4,0.0,2.83,14.1
2023-10-05,19.9,3.0,0.0,3.38,10.1
2023-10-06,17.7,9.5,0.2,2.44,18.2
2023-10-07,12.5,8.3,3.9,0.95,23.0
2023-10-08,12.4,5.8,3.6,1.39,24.5
2023-10-09,13.1,2.9,0.4,2.51,29.9
2023-10-10,13.6,7.6,1.2,2.54,31.4
2023-10-11,12.6,5.6,0.7,2.69,24.6
2023-10-12,12.9,7.8,2.9,2.29,35.3
2023-10-13,15.0,8.4,1.4,1.83,18.8
2023-10-14,13.9,9.8,1.0,1.33,35.6
2023-10-15,15.1,9.0,3.8,2.17,41.7
2023-10-16,14.8,7.0,0.1,2.97,27.0
2023-10-17,16.8,11.9,9.6,2.02,35.9
2023-10-18,17.2,11.1,9.7,1.61,15.8
2023-10-19,19.0,7.8,0.3,2.49,15.3
2023-10-20,18.9,6.9,0.0,3.46,16.7
2023-10-21,18.6,6.2,0.0,3.44,16.8
2023-10-22,15.4,7.8,1.4,2.79,22.2
2023-10-23,17.0,4.9,0.0,3.82,14.7
2023-10-24,15.9,9.8,1.2,2.43,32.2
2023-10-25,15.7,10.4,6.3,2.56,35.7
2023-10-26,18.0,10.6,1.2,2.04,42.8
2023-10-27,14.8,4.6,9.6,2.56,37.3
2023-10-28,12.3,2.4,0.0,3.51,17.2
2023-10-29,15.6,3.6,0.0,3.91,22.8
2023-10-30,14.7,5.8,7.3,1.5,28.4
2023-10-31,21.1,11.2,2.2,3.31,14.7
2023-11-01,19.2,10.8,0.2,3.71,17.5
2023-11-02,19.9,8.2,1.2,3.25,20.1
2023-11-03,15.1,10.9,10.5,1.44,26.4
2023-11-04,17.1,10.6,3.6,3.02,26.5
2023-11-05,15.6,8.9,0.4,2.97,14.5
2023-11-06,15.2,7.7,11.3,2.75,23.3
2023-11-07,14.1,7.7,14.7,2.04,20.9
2023-11-08,13.2,7.5,0.1,2.68,22.4
2023-11-09,14.6,5.9,0.5,3.22,16.4
2023-11-10,14.2,5.5,0.0,3.53,23.7
2023-11-11,16.5,3.5,0.0,4.38,10.7
2023-11-12,16.0,7.7,0.0,3.78,23.9
2023-11-13,18.0,9.6,0.1,3.62,21.8
2023-11-14,17.0,8.6,0.0,3.49,32.2
2023-11-15,17.1,11.5,0.3,3.4,21.0
2023-11-16,17.9,10.6,0.9,2.94,19.1
2023-11-17,18.0,11.9,6.9,1.72,37.1
2023-11-18,18.5,11.0,16.2,1.91,16.9
2023-11-19,17.6,12.6,10.3,1.68,15.3
2023-11-20,13.6,10.3,31.5,1.0,27.3
2023-11-21,18.9,10.2,3.0,2.67,23.1
2023-11-22,21.8,10.7,0.8,4.65,15.4
2023-11-23,20.0,9.1,0.0,3.9,23.4
2023-11-24,12.9,7.4,8.0,2.14,30.9
2023-11-25,13.3,6.8,1.4,2.41,36.3
2023-11-26,14.2,7.2,0.5,2.79,20.4
2023-11-27,17.0,5.8,0.3,2.74,20.6
2023-11-28,16.7,9.9,20.0,1.89,33.4
2023-11-29,16.0,10.4,3.3,3.27,22.4
2023-11-30,15.4,9.5,0.4,2.52,14.8
2023-12-01,17.9,9.9,0.0,3.04,16.6
2023-12-02,19.6,10.7,0.0,3.9,26.0
2023-12-03,17.2,13.5,10.0,1.65,32.1
2023-12-04,18.8,12.8,5.0,2.65,14.1
2023-12-05,18.5,12.6,5.7,2.03,12.2
2023-12-06,18.4,11.6,1.2,2.58,19.5
2023-12-07,17.7,9.4,1.0,3.97,23.7
2023-12-08,19.7,7.4,0.6,4.48,14.9
2023-12-09,20.0,8.6,0.0,4.36,22.9
2023-12-10,16.7,9.6,8.2,1.5,26.0
2023-12-11,19.0,6.1,0.1,3.69,17.9
2023-12-12,15.2,6.8,1.7,3.2,41.3
2023-12-13,15.2,6.4,0.9,3.18,33.9
2023-12-14,17.8,10.2,0.7,3.5,33.9
2023-12-15,19.0,9.4,0.1,3.48,20.6
2023-12-16,20.4,11.8,0.1,3.51,22.5
2023-12-17,20.8,14.1,0.2,3.81,34.0
2023-12-18,23.2,14.1,0.6,4.09,18.0
2023-12-19,23.2,13.0,1.0,4.61,19.2
2023-12-20,22.2,12.9,0.1,3.98,22.0
2023-12-21,23.5,12.4,0.0,4.92,17.3
2023-12-22,23.1,11.4,1.2,3.23,11.4
2023-12-23,22.2,16.0,1.7,3.19,21.1
2023-12-24,21.7,17.5,3.8,2.76,26.9
2023-12-25,23.0,17.1,3.3,3.47,22.9
2023-12-26,23.1,16.5,4.9,3.75,19.8
2023-12-27,20.9,12.9,0.8,3.69,18.4
2023-12-28,23.1,11.9,1.6,4.4,22.6
2023-12-29,22.2,15.4,16.8,2.69,37.4
2023-12-30,22.0,15.9,1.1,4.02,31.9
2023-12-31,20.0,13.6,21.1,1.72,36.4
2024-01-01,17.0,10.0,1.3,4.06,25.6
2024-01-02,17.6,8.6,0.2,3.57,18.2
2024-01-03,20.0,10.4,1.4,3.07,13.7
2024-01-04,19.5,10.4,0.3,3.95,21.0
2024-01-05,18.1,11.7,5.5,2.06,15.3
2024-01-06,18.0,11.1,2.8,3.57,18.7
2024-01-07,20.6,8.7,0.0,5.18,14.4
2024-01-08,23.5,10.5,0.0,4.69,18.2
2024-01-09,22.5,13.9,0.7,3.85,17.6
2024-01-10,24.5,14.0,1.0,4.32,13.4
2024-01-11,23.4,14.6,0.5,4.43,20.9
2024-01-12,22.1,12.9,0.0,3.86,14.1
2024-01-13,24.0,14.9,0.0,4.49,18.8
2024-01-14,23.0,14.8,0.0,4.26,24.8
2024-01-15,19.5,14.1,9.2,1.77,23.9
2024-01-16,25.1,11.1,0.2,5.19,14.9
2024-01-17,24.4,14.1,4.6,4.34,15.7
2024-01-18,24.9,17.3,2.2,4.38,19.8
2024-01-19,25.5,17.4,2.6,4.38,26.4
2024-01-20,24.9,18.9,2.5,3.54,23.9
2024-01-21,24.7,17.7,3.7,3.63,12.4
2024-01-22,24.6,17.4,7.7,4.36,15.1
2024-01-23,20.0,12.8,9.6,3.16,27.0
2024-01-24,17.4,10.9,0.0,3.93,18.0
2024-01-25,20.2,9.6,0.1,4.34,20.1
2024-01-26,21.8,8.4,0.0,5.28,11.7
2024-01-27,19.6,12.6,6.5,1.93,37.2
2024-01-28,17.4,10.6,20.5,1.41,20.2
2024-01-29,18.7,10.6,1.9,3.2,30.1
2024-01-30,21.5,13.9,0.0,3.6,22.8
2024-01-31,21.8,12.4,0.0,3.38,26.9
2024-02-01,20.6,12.2,0.0,4.14,22.0
2024-02-02,20.4,13.6,7.9,3.18,41.6
2024-02-03,14.1,10.7,26.9,2.62,38.9
2024-02-04,19.0,7.9,0.3,3.69,20.6
2024-02-05,21.3,10.8,0.0,4.42,14.9
2024-02-06,24.0,10.2,0.0,4.69,14.0
2024-02-07,22.1,9.4,0.0,4.47,14.4
2024-02-08,22.6,11.9,0.2,3.47,18.4
2024-02-09,24.4,12.7,4.8,4.38,20.7
2024-02-10,20.6,13.4,5.8,2.76,21.5
2024-02-11,15.6,9.2,2.5,3.23,26.7
2024-02-12,19.8,5.8,0.0,4.54,13.5
2024-02-13,19.0,7.8,0.0,3.48,15.6
2024-02-14,20.1,8.7,0.0,3.77,19.7
2024-02-15,21.6,10.4,0.0,3.71,23.1
2024-02-16,23.5,11.1,0.0,4.41,15.3
2024-02-17,22.7,10.4,0.7,3.68,16.3
2024-02-18,22.0,13.8,0.1,4.08,21.8
2024-02-19,22.5,13.9,1.9,4.14,27.3
2024-02-20,18.2,12.1,2.2,3.69,22.1
2024-02-21,20.0,9.3,0.0,3.35,17.3
2024-02-22,23.3,10.8,2.1,3.53,14.0
2024-02-23,20.2,13.1,0.4,2.8,19.2
2024-02-24,21.5,13.2,0.5,3.13,28.0
2024-02-25,20.1,13.4,12.5,3.85,33.0
2024-02-26,18.5,11.9,2.7,1.6,15.1
2024-02-27,16.9,11.4,5.6,1.62,18.5
2024-02-28,18.8,9.1,1.7,3.11,28.1
2024-02-29,18.4,10.9,0.3,2.63,26.6
2024-03-01,20.4,10.9,0.0,3.69,19.0
2024-03-02,18.9,9.9,1.3,2.31,20.1
2024-03-03,20.0,14.3,7.8,2.25,23.0
2024-03-04,19.0,11.0,15.7,1.33,41.7
2024-03-05,14.6,10.4,6.3,3.03,36.2
2024-03-06,16.5,8.4,0.2,3.13,18.7
2024-03-07,17.5,6.8,0.5,2.18,23.3
2024-03-08,19.9,10.7,0.3,3.19,17.6
2024-03-09,19.6,10.4,0.0,3.34,28.8
2024-03-10,20.5,6.8,0.0,3.9,19.5
2024-03-11,17.5,11.7,1.3,2.06,31.4
2024-03-12,21.2,13.6,0.9,2.5,17.1
2024-03-13,19.8,13.4,4.8,2.02,19.1
2024-03-14,17.5,10.9,0.0,2.77,21.0
2024-03-15,14.2,9.9,10.9,1.41,23.1
2024-03-16,14.0,7.2,1.2,2.7,18.6
2024-03-17,17.2,8.0,0.4,2.69,22.0
2024-03-18,16.5,10.4,1.1,2.52,24.0
2024-03-19,13.6,7.2,0.0,2.44,24.7
2024-03-20,14.8,5.7,0.0,2.68,20.7
2024-03-21,18.0,4.9,0.0,3.16,10.1
2024-03-22,18.7,5.3,0.0,2.79,9.8
2024-03-23,17.6,9.6,8.4,1.84,23.5
2024-03-24,19.0,8.9,0.8,2.57,12.9
2024-03-25,18.0,9.8,2.1,2.32,22.3
2024-03-26,18.6,11.6,2.8,2.2,30.8
2024-03-27,18.6,11.4,1.2,2.32,34.9
2024-03-28,14.9,10.3,6.2,1.66,32.7
2024-03-29,13.2,7.1,2.2,2.39,22.1
2024-03-30,13.4,7.2,1.2,2.26,23.8
2024-03-31,15.0,6.3,0.0,2.29,17.5
2024-04-01,16.2,6.3,0.0,2.5,10.3
2024-04-02,17.4,5.7,0.0,2.0,11.1
2024-04-03,18.9,8.2,0.0,2.33,20.8
2024-04-04,18.8,13.1,2.6,1.9,27.2
2024-04-05,16.9,9.4,0.2,2.16,19.3
2024-04-06,17.0,5.7,0.0,2.55,16.6
2024-04-07,19.0,5.2,0.0,2.37,10.8
2024-04-08,18.6,9.0,0.0,2.07,14.3
2024-04-09,19.1,10.8,0.0,2.41,24.4
2024-04-10,21.4,14.0,0.0,2.79,32.4
2024-04-11,20.6,15.9,1.9,2.29,41.1
2024-04-12,18.7,13.1,44.6,1.31,43.0
2024-04-13,15.1,11.5,8.4,1.05,33.8
2024-04-14,15.7,10.6,1.7,1.3,17.1
2024-04-15,15.2,6.8,2.3,1.3,16.6
2024-04-16,15.9,10.2,6.1,1.73,25.4
2024-04-17,17.3,10.7,1.3,1.62,24.9
2024-04-18,15.4,8.7,0.6,1.95,23.2
2024-04-19,16.3,8.1,0.6,1.56,17.7
2024-04-20,15.6,10.8,18.9,0.73,11.4
2024-04-21,15.4,10.7,2.3,1.25,16.9
2024-04-22,15.8,8.8,1.1,1.66,22.9
2024-04-23,14.7,5.2,0.0,1.98,13.4
2024-04-24,14.3,6.1,0.1,1.27,21.6
2024-04-25,14.6,7.8,1.6,1.32,31.3
2024-04-26,14.6,7.7,7.2,1.16,25.2
2024-04-27,12.9,4.2,0.0,1.35,20.9
2024-04-28,15.2,3.0,0.0,1.8,9.3
2024-04-29,16.0,4.8,0.0,1.75,9.2
2024-04-30,16.0,4.1,0.0,1.73,12.1
2024-05-01,15.5,6.1,5.6,1.38,20.2
2024-05-02,12.9,5.8,5.3,0.91,16.8
2024-05-03,14.7,7.3,0.7,1.6,15.8
2024-05-04,15.0,3.5,0.0,1.73,10.9
2024-05-05,15.3,1.4,1.3,1.61,11.9
2024-05-06,14.4,8.0,1.0,0.99,20.3
2024-05-07,10.6,3.5,0.0,1.74,22.5
2024-05-08,11.8,2.3,0.0,1.52,9.9
2024-05-09,9.3,2.5,0.2,1.23,26.1
2024-05-10,9.7,0.1,0.3,1.34,18.2
2024-05-11,10.1,2.4,0.4,1.04,18.0
2024-05-12,13.1,0.2,0.4,0.9,12.5
2024-05-13,12.7,4.5,0.8,0.92,12.7
2024-05-14,12.7,4.0,0.1,1.01,22.1
2024-05-15,16.0,9.9,6.8,1.18,27.2
2024-05-16,15.4,9.9,0.5,1.28,24.3
2024-05-17,13.8,7.8,0.0,1.19,14.6
2024-05-18,12.8,6.6,0.0,0.93,14.3
2024-05-19,13.9,3.2,0.0,1.29,8.6
2024-05-20,14.4,1.1,0.2,1.26,13.5
2024-05-21,16.6,9.6,19.8,1.17,26.4
2024-05-22,12.2,7.8,2.7,0.95,24.0
2024-05-23,11.9,5.0,1.1,0.7,20.1
2024-05-24,12.1,4.8,1.4,0.91,10.6
2024-05-25,11.9,5.3,1.5,1.11,29.3
2024-05-26,12.4,7.3,0.3,1.47,38.5
2024-05-27,10.7,6.5,2.4,0.66,24.6
2024-05-28,11.2,7.4,8.7,0.84,19.8
2024-05-29,10.1,4.3,21.6,0.68,31.7
2024-05-30,11.9,1.8,0.3,1.11,20.5
2024-05-31,13.8,9.8,0.1,0.91,29.2
2024-06-01,14.1,8.6,0.1,0.91,23.2
2024-06-02,14.3,7.2,0.1,1.04,22.3
2024-06-03,13.6,4.8,0.1,0.92,23.1
2024-06-04,10.2,4.6,0.0,1.0,21.6
2024-06-05,13.7,2.6,0.0,1.19,16.6
2024-06-06,12.9,4.2,0.0,0.98,13.9
2024-06-07,14.1,4.9,0.4,1.01,9.4
2024-06-08,14.4,5.3,0.0,1.15,17.5
2024-06-09,13.6,9.9,5.1,1.11,36.5
2024-06-10,16.1,11.0,4.0,0.82,35.3
2024-06-11,11.8,6.3,0.2,0.91,23.5
2024-06-12,10.8,4.2,0.2,0.79,8.6
2024-06-13,12.4,0.9,0.5,1.19,21.4
2024-06-14,14.1,9.4,12.9,0.52,19.8
2024-06-15,12.0,6.8,2.5,1.05,27.8
2024-06-16,12.6,6.4,1.3,0.91,25.9
2024-06-17,15.1,7.1,3.4,0.79,17.6
2024-06-18,13.8,7.2,0.0,1.17,23.3
2024-06-19,11.4,6.0,0.0,1.54,24.4
2024-06-20,12.4,3.8,0.0,1.29,21.3
2024-06-21,11.9,-0.9,0.0,1.0,9.9
2024-06-22,11.9,2.7,12.7,0.77,25.6
2024-06-23,13.4,5.2,2.4,1.04,36.5
2024-06-24,13.8,2.5,0.0,0.96,8.3
2024-06-25,10.5,3.0,2.4,0.38,20.0
2024-06-26,11.1,7.7,1.5,0.69,26.7
2024-06-27,10.9,5.2,0.0,0.85,22.4
2024-06-28,11.2,1.8,0.0,0.92,11.2
2024-06-29,11.6,3.2,0.9,0.69,14.0
2024-06-30,11.2,6.0,0.0,0.82,15.6
2024-07-01,12.5,6.7,20.3,0.43,49.9
2024-07-02,9.7,5.8,14.6,0.72,26.4
2024-07-03,8.8,0.6,0.0,0.7,21.7
2024-07-04,8.6,-0.1,0.0,0.87,13.6
2024-07-05,9.9,-0.4,0.0,0.97,12.1
2024-07-06,10.4,2.2,0.7,1.1,18.8
2024-07-07,11.3,0.8,0.3,0.72,26.3
2024-07-08,12.6,1.2,0.0,1.11,8.7
2024-07-09,11.7,1.2,0.0,1.14,10.0
2024-07-10,12.9,-0.1,0.0,1.09,10.3
2024-07-11,9.8,4.4,0.0,0.87,22.9
2024-07-12,8.4,3.8,0.3,0.8,28.7
2024-07-13,10.7,3.5,0.0,1.02,24.7
2024-07-14,12.9,3.7,0.0,1.29,17.6
2024-07-15,10.9,1.4,10.9,0.54,29.6
2024-07-16,13.4,5.8,0.9,0.7,25.4
2024-07-17,11.2,6.6,3.1,0.52,7.7
2024-07-18,13.4,4.6,0.8,1.09,9.5
2024-07-19,14.6,5.0,6.5,1.21,20.6
2024-07-20,11.0,7.3,18.9,0.28,17.8
2024-07-21,12.4,7.2,3.5,0.71,17.2
2024-07-22,9.5,4.2,9.1,0.56,23.0
2024-07-23,11.1,3.0,1.2,1.1,22.4
2024-07-24,12.0,1.6,0.0,1.12,11.3
2024-07-25,12.8,5.7,0.9,0.96,15.4
2024-07-26,12.6,6.2,0.4,1.03,19.7
2024-07-27,12.2,5.5,0.2,1.04,17.0
2024-07-28,12.7,6.3,0.0,1.04,28.0
2024-07-29,12.1,8.3,5.8,0.94,37.3
2024-07-30,13.8,9.2,14.2,0.99,31.5
2024-07-31,9.7,6.6,11.9,0.96,28.8
2024-08-01,8.1,4.3,0.2,0.95,34.4
2024-08-02,9.6,3.8,0.1,1.01,25.6
2024-08-03,10.7,1.3,0.0,1.35,15.2
2024-08-04,11.5,-2.4,0.2,1.27,12.8
2024-08-05,10.5,3.5,0.6,1.06,16.2
2024-08-06,12.1,1.0,0.1,1.23,13.0
2024-08-07,12.2,1.1,0.0,1.36,18.3
2024-08-08,9.9,6.6,10.3,0.66,35.4
2024-08-09,10.8,5.7,0.6,1.01,20.3
2024-08-10,11.2,6.7,2.6,0.85,17.4
2024-08-11,11.1,5.4,0.7,0.93,19.5
2024-08-12,12.1,6.7,2.5,0.97,40.4
2024-08-13,10.0,2.4,0.0,1.55,28.5
2024-08-14,12.4,-0.4,0.0,1.51,14.8
2024-08-15,11.5,3.5,0.5,0.81,21.5
2024-08-16,13.9,7.4,0.7,1.21,19.2
2024-08-17,13.8,9.7,9.4,0.7,32.7
2024-08-18,14.1,10.2,20.9,0.68,48.4
2024-08-19,10.7,4.1,17.9,1.14,39.3
2024-08-20,9.8,3.8,1.0,1.25,28.7
2024-08-21,12.0,3.0,0.0,1.51,14.5
2024-08-22,12.4,1.3,0.4,1.31,18.6
2024-08-23,12.6,6.6,1.2,1.48,33.9
2024-08-24,13.4,6.3,7.1,1.36,27.7
2024-08-25,13.9,5.6,0.6,1.44,26.0
2024-08-26,13.1,10.0,6.1,0.94,28.1
2024-08-27,14.7,9.9,13.7,1.21,27.9
2024-08-28,12.9,7.8,7.1,1.0,26.5
2024-08-29,16.5,9.2,4.7,1.22,34.6
2024-08-30,13.0,6.9,8.2,1.6,23.5
2024-08-31,16.5,9.6,7.5,1.59,40.5
2024-09-01,15.4,9.1,16.9,2.21,45.9
2024-09-02,15.9,7.8,0.0,2.06,21.0
2024-09-03,14.9,8.6,10.7,0.95,43.2
2024-09-04,9.9,4.8,2.1,1.33,21.2
2024-09-05,12.1,2.0,0.3,1.62,16.1
2024-09-06,12.8,8.1,1.6,1.48,28.1
2024-09-07,16.0,10.6,6.5,1.73,29.0
2024-09-08,11.9,7.4,2.0,2.01,30.3
2024-09-09,13.6,6.0,0.2,2.24,31.4
2024-09-10,14.2,9.1,2.9,2.01,26.8
2024-09-11,11.6,5.8,1.5,2.19,28.4
2024-09-12,13.1,6.2,0.0,1.73,20.3
2024-09-13,12.6,6.2,1.5,1.34,27.5
2024-09-14,12.0,8.6,50.3,0.51,25.1
2024-09-15,12.6,5.8,1.9,1.71,16.0
2024-09-16,11.8,3.5,12.3,0.91,29.5
2024-09-17,8.4,3.7,10.0,0.84,28.9
2024-09-18,10.3,3.7,2.1,1.7,28.4
2024-09-19,13.4,6.8,9.5,1.77,29.5
2024-09-20,13.6,8.8,8.3,1.82,30.1
2024-09-21,12.9,6.7,1.0,2.39,19.7
2024-09-22,14.2,6.7,5.4,1.68,30.6
2024-09-23,13.4,6.3,5.0,1.45,24.6
2024-09-24,14.2,7.2,2.3,1.66,34.8
2024-09-25,13.5,3.5,0.3,2.35,13.9
2024-09-26,13.2,4.8,0.1,1.88,30.6
2024-09-27,13.4,4.5,7.0,1.92,33.8
2024-09-28,12.9,2.2,1.3,2.14,24.5
2024-09-29,13.7,5.2,0.1,2.22,28.4
2024-09-30,18.1,3.0,0.0,3.12,16.1
2024-10-01,15.9,10.1,0.1,2.21,26.5
2024-10-02,15.2,9.2,4.2,1.91,34.6
2024-10-03,16.2,6.0,36.6,1.92,39.8
2024-10-04,16.7,3.0,0.0,3.06,14.0
2024-10-05,16.0,6.2,4.0,2.48,28.6
2024-10-06,15.2,8.6,3.6,1.69,30.1
2024-10-07,14.9,10.1,10.2,1.62,25.6
2024-10-08,15.9,9.2,0.7,2.66,31.6
2024-10-09,12.4,7.7,8.3,2.26,32.4
2024-10-10,12.8,4.6,6.5,2.11,14.4
2024-10-11,14.3,3.5,0.9,2.82,16.1
2024-10-12,14.0,4.2,0.7,2.35,26.4
2024-10-13,13.2,8.2,12.8,1.43,16.7
2024-10-14,13.1,7.8,13.7,2.16,21.5
2024-10-15,12.6,5.4,0.8,2.22,23.4
2024-10-16,12.9,3.8,0.0,3.15,17.1
2024-10-17,16.2,2.8,0.0,3.25,14.1
2024-10-18,16.4,6.1,1.1,2.16,14.7
2024-10-19,16.5,8.6,1.1,2.53,13.0
2024-10-20,17.0,6.8,0.7,2.85,11.3
2024-10-21,17.0,7.3,0.0,3.55,14.7
2024-10-22,19.5,7.7,0.0,3.29,17.5
2024-10-23,16.6,10.2,0.2,2.07,23.0
2024-10-24,16.9,9.1,0.1,3.26,31.9
2024-10-25,17.8,13.8,0.4,2.48,35.9
2024-10-26,18.8,14.3,10.7,1.72,32.7
2024-10-27,16.1,8.4,5.1,2.86,29.7
2024-10-28,13.5,6.3,8.6,2.41,37.7
2024-10-29,15.4,7.8,8.2,2.39,35.0
2024-10-30,13.6,6.3,4.0,2.38,23.9
2024-10-31,14.6,9.1,1.3,2.35,27.4
2024-11-01,17.0,8.6,1.2,2.27,24.0
2024-11-02,15.6,7.8,12.3,1.39,27.9
2024-11-03,11.6,3.9,0.5,2.98,23.0
2024-11-04,14.4,2.1,0.0,3.43,20.7
2024-11-05,17.4,6.3,0.4,2.89,17.5
2024-11-06,15.9,10.6,4.0,1.45,8.5
2024-11-07,19.6,11.1,0.8,3.53,20.0
2024-11-08,19.0,11.9,0.2,3.06,27.8
2024-11-09,19.2,12.1,0.4,2.85,31.9
2024-11-10,17.7,11.9,5.7,1.83,28.4
2024-11-11,16.2,10.1,0.0,3.55,22.3
2024-11-12,19.5,8.1,2.7,3.49,14.2
2024-11-13,21.5,10.4,1.5,3.82,13.8
2024-11-14,19.5,13.1,6.4,1.69,28.1
2024-11-15,17.1,11.8,14.8,1.05,30.7
2024-11-16,13.6,7.9,1.4,2.16,21.0
2024-11-17,16.2,6.1,0.0,4.24,21.9
2024-11-18,18.1,5.3,0.0,4.12,15.6
2024-11-19,17.5,6.7,0.0,3.1,13.7
2024-11-20,16.5,9.1,3.4,2.76,25.5
2024-11-21,11.8,6.8,20.7,2.13,28.8
2024-11-22,15.8,7.2,1.8,3.36,20.5
2024-11-23,15.0,8.4,1.4,2.99,20.6
2024-11-24,18.5,5.7,0.0,3.67,19.7
2024-11-25,17.2,8.4,0.2,2.58,19.8
2024-11-26,18.6,12.0,3.7,2.8,21.8
2024-11-27,18.4,10.5,0.8,2.77,19.7
2024-11-28,21.6,10.8,0.0,4.81,18.7
2024-11-29,17.8,12.1,2.8,1.32,17.8
2024-11-30,20.9,11.1,4.2,3.68,20.4
2024-12-01,19.7,13.1,0.6,3.05,20.0
2024-12-02,21.2,14.7,1.9,3.43,12.2
2024-12-03,22.4,13.6,0.0,4.13,19.9
2024-12-04,21.5,13.9,1.0,2.48,18.2
2024-12-05,19.9,11.6,2.6,2.07,23.5
2024-12-06,21.0,11.3,0.0,4.98,19.0
2024-12-07,21.7,9.7,0.0,4.39,19.3
2024-12-08,19.2,10.9,2.0,3.16,33.7
2024-12-09,17.8,10.2,11.7,1.56,27.4
2024-12-10,18.6,10.2,0.5,4.1,17.9
2024-12-11,21.0,9.4,0.0,4.38,14.7
2024-12-12,18.2,11.4,5.1,1.48,17.2
2024-12-13,21.0,13.3,0.2,4.7,22.3
2024-12-14,24.3,13.6,0.3,4.46,17.3
2024-12-15,24.7,13.3,0.2,4.52,14.9
2024-12-16,21.5,12.9,1.1,4.0,22.5
2024-12-17,14.9,8.4,3.0,2.94,26.8
2024-12-18,15.8,7.1,0.2,2.73,29.3
2024-12-19,16.8,11.4,1.3,1.71,22.9
2024-12-20,22.6,13.4,3.7,3.85,23.1
2024-12-21,20.8,13.6,8.7,3.01,27.0
2024-12-22,20.5,13.4,1.8,3.63,20.4
2024-12-23,19.6,13.3,2.4,3.81,18.9
2024-12-24,23.3,13.2,0.4,4.09,17.1
2024-12-25,24.8,14.1,1.7,5.0,15.1
2024-12-26,18.6,13.4,18.0,1.83,19.6
2024-12-27,15.9,10.6,4.5,3.33,32.9
2024-12-28,18.1,8.6,0.0,4.62,17.3
2024-12-29,23.8,9.9,0.0,5.38,13.5
2024-12-30,19.6,12.2,4.4,3.88,22.7
2024-12-31,16.0,11.1,25.3,2.24,31.5
2025-01-01,16.5,11.5,1.3,2.55,19.6
2025-01-02,19.3,11.8,2.4,3.01,18.2
2025-01-03,17.4,9.9,10.0,2.94,24.3
2025-01-04,14.6,10.3,22.3,2.19,30.7
2025-01-05,14.2,8.8,5.4,2.42,20.9
2025-01-06,13.2,10.4,5.2,0.9,22.8
2025-01-07,18.2,11.6,1.9,3.2,16.4
2025-01-08,20.2,9.6,0.9,2.28,18.0
2025-01-09,17.9,9.4,0.0,4.21,20.0
2025-01-10,18.2,8.2,0.0,4.75,16.3
2025-01-11,15.0,9.4,0.0,2.37,13.6
2025-01-12,14.9,7.7,0.5,3.21,22.5
2025-01-13,16.2,8.0,0.0,3.33,17.4
2025-01-14,18.6,8.4,0.0,4.48,14.5
2025-01-15,19.5,7.7,0.0,4.21,13.6
2025-01-16,22.1,8.1,0.0,5.01,19.1
2025-01-17,22.5,12.1,0.7,4.72,16.0
2025-01-18,21.8,11.9,0.7,4.46,15.2
2025-01-19,23.9,12.1,0.0,4.64,15.3
2025-01-20,23.9,11.2,0.0,4.86,18.7
2025-01-21,23.6,11.7,0.0,4.94,13.7
2025-01-22,25.8,12.1,0.0,5.62,18.2
2025-01-23,23.5,12.9,0.0,4.89,20.4
2025-01-24,23.1,13.2,2.5,3.93,12.8
2025-01-25,26.0,13.4,3.4,4.75,23.6
2025-01-26,20.1,15.8,26.3,1.84,30.8
2025-01-27,18.4,10.4,2.2,3.98,29.8
2025-01-28,22.6,8.4,0.0,5.13,12.0
2025-01-29,20.9,10.2,0.0,4.45,18.2
2025-01-30,20.8,12.7,14.3,1.91,12.2
2025-01-31,23.5,14.1,1.0,4.0,12.8
2025-02-01,23.0,13.8,3.3,2.94,12.6
2025-02-02,22.4,13.8,0.8,4.09,19.7
2025-02-03,24.0,11.1,0.1,4.05,16.6
2025-02-04,23.9,10.6,0.0,5.04,14.1
2025-02-05,21.1,10.5,0.0,4.75,12.9
2025-02-06,24.0,10.1,0.0,4.77,12.2
2025-02-07,23.9,11.9,1.2,4.07,13.4
2025-02-08,23.2,13.6,1.3,4.18,12.6
2025-02-09,24.2,12.5,0.0,4.48,16.2
2025-02-10,23.0,12.4,1.1,3.92,12.1
2025-02-11,21.1,12.3,0.0,3.92,22.2
2025-02-12,21.2,9.4,0.0,4.66,14.3
2025-02-13,23.9,9.3,0.0,4.98,14.2
2025-02-14,25.1,11.3,0.0,4.95,17.4
2025-02-15,23.8,13.6,0.8,3.67,16.4
2025-02-16,23.5,14.0,0.4,3.5,8.7
2025-02-17,25.9,14.2,3.4,3.41,22.9
2025-02-18,23.5,16.7,4.9,3.55,26.3
2025-02-19,21.2,16.4,3.8,2.79,24.1
2025-02-20,23.6,14.1,0.0,4.12,18.4
2025-02-21,20.2,11.5,9.7,2.45,24.5
2025-02-22,20.8,9.8,0.0,4.23,18.7
2025-02-23,21.2,12.0,0.6,3.94,16.6
2025-02-24,24.6,9.6,0.0,4.28,15.1
2025-02-25,21.9,12.1,0.2,3.34,19.2
2025-02-26,20.8,10.9,3.1,2.63,13.2
2025-02-27,23.7,14.1,0.4,3.49,17.1
2025-02-28,23.9,11.6,2.6,3.69,8.7
2025-03-01,22.5,13.2,0.1,3.36,17.7
2025-03-02,22.4,12.1,0.0,3.01,17.1
2025-03-03,22.5,13.1,0.0,3.66,17.4
2025-03-04,18.6,12.4,16.0,1.22,19.1
2025-03-05,14.6,9.1,6.1,2.53,32.0
2025-03-06,15.3,6.8,0.0,2.57,16.7
2025-03-07,18.3,6.7,0.0,3.7,10.2
2025-03-08,17.9,7.7,0.8,2.01,21.9
2025-03-09,18.2,9.2,0.3,3.24,17.9
2025-03-10,21.2,9.1,0.0,3.72,14.0
2025-03-11,18.5,8.4,0.6,2.32,22.9
2025-03-12,17.8,12.3,1.2,2.45,19.2
2025-03-13,17.8,9.2,0.0,3.29,15.2
2025-03-14,21.8,8.9,0.0,3.3,14.5
2025-03-15,20.0,9.6,0.4,2.56,20.2
2025-03-16,20.5,11.6,0.2,2.4,15.8
2025-03-17,22.1,13.9,0.7,2.51,26.5
2025-03-18,18.5,11.4,7.9,1.71,33.1
2025-03-19,14.6,9.6,7.0,1.41,20.4
2025-03-20,17.0,10.9,0.7,1.94,27.6
2025-03-21,23.1,9.9,0.0,3.15,18.8
2025-03-22,20.7,11.1,0.0,2.65,13.3
2025-03-23,20.7,10.6,0.2,2.73,18.9
2025-03-24,19.1,12.4,0.8,1.2,13.8
2025-03-25,20.3,12.1,6.6,2.13,12.7
2025-03-26,19.2,9.6,0.0,2.94,10.0
2025-03-27,19.4,9.8,0.9,2.28,20.6
2025-03-28,19.0,11.4,2.5,2.31,14.5
2025-03-29,20.8,9.4,0.0,3.27,10.8
2025-03-30,19.7,10.6,1.9,2.17,18.0
2025-03-31,21.6,10.5,0.3,2.31,9.0
2025-04-01,21.8,10.6,0.0,2.63,11.7
2025-04-02,19.7,12.6,0.4,1.67,18.3
2025-04-03,17.2,14.5,3.7,1.57,30.3
2025-04-04,20.5,15.5,12.8,1.37,35.9
2025-04-05,19.0,12.4,2.2,2.3,20.6
2025-04-06,19.6,9.6,3.3,2.25,22.8
2025-04-07,17.5,11.8,1.4,2.01,26.0
2025-04-08,15.6,10.4,7.0,1.98,35.3
2025-04-09,15.8,9.0,0.1,2.41,19.0
2025-04-10,17.0,6.3,0.1,1.87,14.4
2025-04-11,18.4,6.9,0.0,2.42,15.4
2025-04-12,17.4,7.3,0.0,2.06,15.3
2025-04-13,20.7,7.9,0.0,2.59,14.5
2025-04-14,20.3,8.1,0.0,2.18,14.6
2025-04-15,18.6,8.9,0.0,2.63,21.1
2025-04-16,18.4,11.0,0.0,2.62,26.0
2025-04-17,16.0,12.8,12.1,0.98,23.5
2025-04-18,21.9,12.6,0.2,2.2,24.0
2025-04-19,21.6,17.9,2.1,1.79,28.2
2025-04-20,21.4,16.2,3.4,2.03,26.4
2025-04-21,19.1,14.7,7.5,0.98,16.4
2025-04-22,17.6,13.5,0.8,1.34,10.1
2025-04-23,14.5,7.3,0.4,1.62,22.5
2025-04-24,16.2,5.9,0.0,2.2,14.8
2025-04-25,17.9,5.0,0.0,2.05,7.7
2025-04-26,18.6,7.7,0.7,1.63,14.3
2025-04-27,20.6,10.6,0.3,1.9,14.3
2025-04-28,20.5,11.8,0.3,1.49,19.3
2025-04-29,21.9,11.9,0.3,1.91,8.2
2025-04-30,19.8,13.2,12.9,0.94,16.8
2025-05-01,15.1,8.9,22.8,0.38,24.7
2025-05-02,9.3,8.1,13.0,0.34,21.3
2025-05-03,14.4,6.7,0.1,1.43,16.9
2025-05-04,12.6,5.2,0.0,1.35,20.4
2025-05-05,14.1,0.7,0.0,1.65,7.7
2025-05-06,15.2,0.9,0.0,1.65,14.0
2025-05-07,15.7,6.9,0.0,1.42,16.2
2025-05-08,18.6,8.1,0.0,1.78,26.2
2025-05-09,16.2,9.9,22.6,0.49,28.2
2025-05-10,14.6,6.8,0.0,1.47,9.0
2025-05-11,15.5,5.8,0.0,1.49,13.6
2025-05-12,16.1,3.8,0.0,1.49,10.3
2025-05-13,14.9,7.8,1.4,1.0,23.0
2025-05-14,15.7,8.9,0.5,1.2,11.2
2025-05-15,14.1,7.4,0.2,1.11,22.7
2025-05-16,16.5,9.8,1.1,0.98,20.0
2025-05-17,16.4,8.9,0.0,1.56,27.0
2025-05-18,15.9,11.4,12.3,0.46,33.9
2025-05-19,11.6,5.2,3.8,0.44,19.2
2025-05-20,14.1,3.3,0.0,1.17,18.1
2025-05-21,12.2,4.4,0.0,1.3,13.3
2025-05-22,13.8,1.2,0.1,1.03,19.5
2025-05-23,15.3,5.2,0.0,1.32,12.8
2025-05-24,15.5,2.5,0.0,1.41,11.2
2025-05-25,15.6,6.8,0.0,1.76,26.7
2025-05-26,14.1,11.4,11.5,0.75,27.2
2025-05-27,15.5,6.8,0.1,1.22,11.0
2025-05-28,14.8,6.2,19.6,0.48,27.4
2025-05-29,14.4,10.1,9.1,0.72,28.4
2025-05-30,13.8,9.5,6.6,0.89,30.7
2025-05-31,13.9,9.3,2.6,1.21,32.6
2025-06-01,13.8,9.6,0.8,1.18,29.4
2025-06-02,13.3,8.2,1.6,0.84,23.3
2025-06-03,14.4,6.8,0.1,1.01,17.8
2025-06-04,15.6,8.8,46.5,0.43,34.1
2025-06-05,15.1,7.9,1.9,1.03,36.1
2025-06-06,9.6,4.2,2.9,0.7,8.2
2025-06-07,8.4,3.3,0.9,0.97,19.9
2025-06-08,8.6,0.9,8.4,0.59,18.4
2025-06-09,10.2,4.4,0.2,0.71,14.0
2025-06-10,12.3,3.1,6.0,1.01,31.0
2025-06-11,14.4,10.1,2.4,0.72,29.3
2025-06-12,14.1,9.8,0.7,0.71,18.2
2025-06-13,12.7,6.3,6.1,0.63,14.1
2025-06-14,13.1,3.7,0.0,1.02,13.3
2025-06-15,13.9,1.6,0.0,1.06,8.6
2025-06-16,10.9,0.6,0.0,0.99,19.9
2025-06-17,11.9,2.7,0.0,1.09,14.1
2025-06-18,11.9,-0.4,0.1,0.85,10.0
2025-06-19,10.4,4.4,4.7,0.52,25.8
2025-06-20,11.8,6.9,2.3,0.74,21.7
2025-06-21,11.1,4.4,2.3,0.93,15.7
2025-06-22,11.1,2.6,0.8,0.96,19.5
2025-06-23,11.8,6.8,1.0,0.75,24.0
2025-06-24,12.4,5.2,0.0,0.83,13.3
2025-06-25,13.1,5.8,0.0,1.4,25.9
2025-06-26,15.6,10.2,2.8,1.11,37.7
2025-06-27,14.8,10.6,25.0,0.65,36.1
2025-06-28,13.1,8.9,3.7,0.76,27.9
2025-06-29,11.9,8.6,5.6,0.6,19.3
2025-06-30,12.6,7.4,1.9,0.88,25.3
2025-07-01,11.6,2.5,0.0,0.87,7.6
2025-07-02,13.2,0.6,0.0,1.17,21.6
2025-07-03,14.2,9.8,72.4,0.47,32.0
2025-07-04,14.8,11.6,3.3,0.54,25.3
2025-07-05,12.1,8.4,14.6,0.39,18.2
2025-07-06,9.8,3.3,0.0,0.99,21.3
2025-07-07,9.9,1.5,0.0,0.9,15.2
2025-07-08,11.8,-2.2,0.0,1.11,6.4
2025-07-09,11.4,1.7,7.7,0.86,18.8
2025-07-10,15.1,7.5,42.4,1.16,21.5
2025-07-11,12.7,9.4,28.5,0.6,43.1
2025-07-12,12.8,8.6,6.2,0.8,18.9
2025-07-13,12.4,8.2,3.8,0.73,22.7
2025-07-14,13.3,5.3,0.0,0.95,18.7
2025-07-15,11.9,5.9,2.7,0.75,20.7
2025-07-16,11.9,6.5,3.5,1.1,27.8
2025-07-17,9.7,5.2,3.6,0.49,15.3
2025-07-18,10.2,3.0,3.9,0.93,19.7
2025-07-19,11.7,0.9,1.2,0.97,12.6
2025-07-20,10.6,3.3,0.0,1.1,11.5
2025-07-21,9.3,1.8,0.4,1.1,17.1
2025-07-22,9.5,2.2,0.0,0.98,19.5
2025-07-23,10.4,1.0,0.0,1.24,13.8
2025-07-24,13.0,-2.5,0.0,1.33,7.0
2025-07-25,13.9,-4.2,0.0,1.37,8.0
2025-07-26,13.5,-2.0,0.0,1.44,13.9
2025-07-27,14.1,3.9,0.0,1.39,15.9
2025-07-28,13.1,5.2,0.0,1.73,33.5
2025-07-29,13.6,9.8,34.9,0.89,35.3
2025-07-30,12.6,8.8,22.3,0.8,25.7
2025-07-31,11.9,4.8,8.4,0.69,15.2
2025-08-01,9.1,2.9,0.0,1.28,22.4
2025-08-02,10.8,0.1,0.1,0.7,11.2
2025-08-03,8.8,3.2,0.0,1.24,22.4
2025-08-04,10.6,2.4,0.0,1.46,18.4
2025-08-05,12.7,1.5,0.0,1.42,14.4
2025-08-06,12.4,-0.8,0.0,1.44,8.4
2025-08-07,13.9,1.1,0.0,1.53,27.4
2025-08-08,10.8,7.2,19.2,0.78,35.5
2025-08-09,7.1,3.2,12.1,0.65,28.2
2025-08-10,8.1,2.9,3.5,0.93,27.6
2025-08-11,8.9,2.6,0.1,1.1,19.3
2025-08-12,9.6,2.3,0.4,1.07,20.5
2025-08-13,11.1,2.8,0.5,1.33,13.2
2025-08-14,10.9,-0.7,0.4,1.44,14.2
2025-08-15,13.3,3.0,0.0,1.54,10.5
2025-08-16,14.0,0.9,0.0,1.9,14.2
2025-08-17,9.6,5.7,7.1,0.44,17.0
2025-08-18,12.9,5.1,4.8,1.0,20.4
2025-08-19,8.2,4.1,3.9,0.83,26.3
2025-08-20,8.6,1.6,1.8,1.24,26.5
2025-08-21,10.1,2.8,0.0,1.38,19.1
2025-08-22,9.1,0.9,0.1,1.34,14.9
2025-08-23,13.1,-3.0,0.0,1.77,11.8
2025-08-24,13.2,0.6,0.7,1.56,9.4
2025-08-25,15.1,0.6,0.0,1.88,11.9
2025-08-26,15.4,-0.9,0.0,2.05,12.0
2025-08-27,15.8,1.9,0.0,2.11,11.4
2025-08-28,14.1,2.2,4.6,1.43,27.9
2025-08-29,12.1,7.2,16.5,1.22,29.5
2025-08-30,13.2,6.8,15.5,1.37,19.8
2025-08-31,10.0,5.7,18.3,0.4,31.5
2025-09-01,11.8,6.0,5.9,1.49,28.8
2025-09-02,11.9,6.7,10.6,1.36,28.5
2025-09-03,15.0,2.4,0.0,2.14,14.7
2025-09-04,13.6,5.1,0.5,1.54,20.8
2025-09-05,15.2,10.1,0.1,2.23,28.1
2025-09-06,11.1,3.8,19.2,1.24,25.8
2025-09-07,11.1,4.0,3.6,1.82,28.3
2025-09-08,12.1,2.5,0.0,2.1,13.0
2025-09-09,12.4,-0.2,0.0,2.0,19.5
2025-09-10,13.1,5.2,26.5,1.39,30.3
2025-09-11,10.7,5.4,1.1,1.67,23.0
2025-09-12,8.5,4.5,6.6,0.57,18.9
2025-09-13,11.0,5.7,11.9,1.29,35.0
2025-09-14,12.5,4.7,2.6,1.66,33.4
2025-09-15,13.2,4.2,1.2,1.89,25.6
2025-09-16,15.6,8.9,1.9,2.15,24.8
2025-09-17,15.3,9.0,0.0,2.22,30.1
2025-09-18,14.3,7.7,7.8,1.35,29.2
2025-09-19,10.2,2.4,2.7,1.44,18.8
2025-09-20,14.7,-0.9,0.0,2.98,24.1
2025-09-21,13.1,7.0,0.0,2.29,48.0
2025-09-22,13.9,10.5,6.4,1.0,28.2
2025-09-23,16.5,11.6,2.5,1.41,29.2
2025-09-24,13.4,9.2,19.4,0.55,13.0
2025-09-25,15.1,6.5,4.5,1.68,23.8
2025-09-26,13.0,4.9,3.8,1.6,34.1
2025-09-27,15.1,5.1,1.7,2.25,18.0
2025-09-28,18.2,10.5,0.0,2.35,26.7
2025-09-29,13.4,7.2,12.1,1.44,25.2
2025-09-30,12.6,5.2,0.0,2.15,21.5
2025-10-01,12.3,6.4,3.9,1.18,29.8
2025-10-02,13.6,3.7,3.3,1.15,21.3
2025-10-03,17.0,9.8,9.0,1.37,14.4
2025-10-04,15.5,8.8,7.6,1.97,22.1
2025-10-05,14.1,7.7,8.7,2.28,14.0
2025-10-06,14.1,7.4,0.6,1.94,25.5
2025-10-07,12.2,8.1,22.2,2.04,33.1
2025-10-08,12.9,7.8,0.9,2.3,23.6
2025-10-09,15.9,7.2,0.3,2.29,24.3
2025-10-10,19.6,13.1,0.8,1.97,30.3
2025-10-11,17.6,13.4,2.0,1.62,34.4
2025-10-12,16.7,12.8,10.4,1.33,32.7
2025-10-13,17.0,12.1,17.4,1.27,27.9
2025-10-14,15.2,8.6,9.8,1.33,20.5
2025-10-15,13.1,6.3,0.6,2.35,24.0
2025-10-16,15.1,7.1,1.1,2.62,28.5
2025-10-17,17.5,5.8,0.0,3.57,14.1
2025-10-18,16.1,6.4,0.0,3.2,22.8
2025-10-19,15.5,7.5,3.5,2.0,33.4
2025-10-20,16.5,5.2,0.4,1.99,30.5
2025-10-21,17.0,11.1,11.7,1.2,37.9
2025-10-22,17.5,9.5,0.2,2.93,23.9
2025-10-23,17.2,11.6,9.0,0.99,40.7
2025-10-24,15.9,6.8,0.0,3.14,19.0
2025-10-25,14.1,5.7,1.0,2.15,22.7
2025-10-26,13.8,7.2,2.2,3.0,27.1
2025-10-27,14.9,10.2,21.8,1.3,43.5
2025-10-28,14.1,6.1,24.7,1.23,32.9
2025-10-29,12.7,6.3,8.1,2.79,29.7
2025-10-30,13.9,5.0,1.1,2.24,20.1
2025-10-31,14.3,7.3,0.4,2.9,25.2
2025-11-01,18.0,6.3,0.3,3.76,14.3
2025-11-02,18.5,7.9,0.2,3.44,17.8
2025-11-03,19.5,6.1,0.0,4.1,16.0
2025-11-04,19.1,6.9,0.0,4.09,18.2
2025-11-05,21.0,6.9,0.0,3.74,15.5
2025-11-06,19.9,8.4,0.6,2.75,13.8
2025-11-07,20.3,11.1,1.7,3.29,12.4
2025-11-08,21.5,9.7,0.0,4.33,17.5
2025-11-09,21.3,7.3,0.0,4.54,14.4
2025-11-10,19.8,9.1,2.1,2.6,26.2
2025-11-11,16.5,10.4,0.9,2.59,20.8
2025-11-12,21.9,10.8,19.4,3.15,16.2
2025-11-13,18.9,12.1,19.1,2.62,34.8
2025-11-14,16.8,9.3,0.9,3.34,21.4
2025-11-15,14.9,8.4,8.4,3.41,26.6
2025-11-16,18.8,6.1,0.0,4.34,17.2
2025-11-17,22.1,7.7,0.0,4.89,19.6
2025-11-18,22.1,14.1,2.0,2.87,24.8
2025-11-19,20.2,15.1,12.9,1.65,18.6
2025-11-20,20.6,11.6,0.4,2.96,17.2
2025-11-21,22.5,9.0,0.0,4.9,15.5
2025-11-22,22.2,8.8,0.0,4.53,14.7
2025-11-23,19.3,10.2,1.2,3.41,14.7
2025-11-24,18.6,11.6,0.1,3.11,16.1
2025-11-25,23.1,11.1,1.0,3.89,19.1
2025-11-26,22.5,13.9,0.2,4.52,30.5
2025-11-27,22.0,15.6,2.6,3.1,30.1
2025-11-28,20.8,11.6,6.3,4.07,23.2
2025-11-29,19.9,10.2,0.0,4.86,16.8
2025-11-30,22.0,8.2,3.1,3.38,28.7
2025-12-01,19.8,12.1,0.6,3.52,23.5
2025-12-02,21.0,12.1,2.9,4.07,18.3
2025-12-03,19.9,10.8,38.7,2.74,28.6
2025-12-04,16.2,9.4,8.1,3.57,28.0
2025-12-05,19.0,11.7,0.8,3.75,21.8
2025-12-06,22.9,11.1,0.0,5.21,17.4
2025-12-07,23.9,12.4,0.0,5.5,13.6
2025-12-08,24.4,13.4,0.0,5.97,18.7
2025-12-09,25.3,12.6,1.0,4.92,13.3
2025-12-10,23.5,12.5,0.0,5.48,12.9
2025-12-11,24.0,9.6,0.0,5.13,13.8
2025-12-12,18.3,9.4,0.0,4.26,19.9
2025-12-13,20.0,8.7,0.0,5.22,18.0
2025-12-14,22.0,9.9,1.7,4.44,11.8
2025-12-15,21.6,11.1,0.0,5.29,25.4
2025-12-16,19.0,10.5,20.7,1.81,33.9
2025-12-17,15.1,7.8,4.1,3.32,19.4
2025-12-18,18.2,7.7,0.7,3.96,23.8
2025-12-19,17.2,12.1,7.7,2.24,24.7
2025-12-20,13.6,9.8,3.5,2.73,23.4
2025-12-21,16.5,9.6,3.0,3.73,18.6
2025-12-22,20.5,7.2,1.4,3.44,18.5
2025-12-23,20.8,14.0,8.1,2.53,34.1
2025-12-24,19.9,11.4,11.5,4.02,26.4
2025-12-25,20.3,8.1,0.0,4.85,20.1
2025-12-26,19.0,12.0,12.5,1.87,32.7
2025-12-27,18.7,9.7,1.9,3.31,17.9
2025-12-28,19.7,8.7,0.6,4.46,11.6
2025-12-29,17.0,10.6,6.7,2.01,31.1
2025-12-30,20.0,11.4,12.2,2.61,32.2
2025-12-31,22.0,12.6,11.3,3.4,21.5
2026-01-01,20.5,13.1,9.6,3.39,25.0
2026-01-02,20.8,12.0,2.1,3.68,15.3
2026-01-03,17.5,11.9,2.7,2.62,23.3
2026-01-04,19.8,9.9,0.0,4.98,20.1
2026-01-05,22.1,8.4,0.0,4.82,16.4
2026-01-06,21.0,9.9,0.2,4.25,13.6
2026-01-07,22.0,12.4,0.0,4.89,19.4
2026-01-08,23.5,12.9,0.0,4.56,17.9
2026-01-09,22.5,14.1,1.7,4.51,28.1
2026-01-10,23.6,15.2,0.0,4.77,21.1
2026-01-11,23.6,15.1,0.0,5.23,30.9
2026-01-12,19.5,10.9,3.1,4.45,32.7
2026-01-13,25.4,7.8,0.0,5.27,21.6
2026-01-14,22.2,12.2,0.9,2.95,15.1
2026-01-15,19.1,15.5,22.5,1.26,23.2
2026-01-16,21.5,14.8,3.6,3.24,19.8
2026-01-17,19.2,12.1,0.0,3.42,23.0
2026-01-18,15.7,10.6,0.4,2.95,30.4
2026-01-19,21.0,10.8,0.0,3.81,24.3
2026-01-20,16.5,13.4,5.2,2.11,22.8
2026-01-21,19.5,13.1,19.1,1.37,14.7
2026-01-22,20.4,14.1,4.3,2.37,21.2
2026-01-23,20.4,13.1,7.4,3.19,25.3
2026-01-24,15.6,9.9,14.4,1.87,25.6
2026-01-25,16.2,11.6,11.6,2.4,26.3
2026-01-26,18.6,11.6,3.1,2.93,20.2
2026-01-27,18.3,12.1,3.5,3.0,13.4
2026-01-28,23.1,10.8,0.5,3.96,15.4
2026-01-29,20.1,10.7,0.0,3.82,20.4
2026-01-30,24.5,11.7,0.0,4.76,18.2
2026-01-31,22.9,11.2,0.2,4.65,19.3
2026-02-01,22.5,8.9,0.0,4.9,11.1
2026-02-02,21.8,10.3,1.3,1.91,21.6
2026-02-03,20.5,14.6,7.1,2.99,25.5
2026-02-04,18.5,11.4,2.1,3.15,22.3
2026-02-05,22.5,8.6,0.0,5.03,11.8
2026-02-06,20.4,11.4,0.3,4.03,20.3
2026-02-07,22.8,13.9,0.5,3.26,22.7
2026-02-08,21.6,12.9,0.7,4.65,16.7
2026-02-09,23.4,10.2,0.0,4.35,15.7
2026-02-10,23.5,10.1,0.8,3.96,15.8
2026-02-11,23.8,12.9,0.0,4.53,11.1
2026-02-12,26.1,13.5,0.0,4.59,11.7
2026-02-13,25.5,15.4,6.8,2.47,24.3
2026-02-14,20.0,13.7,0.8,1.74,15.3
2026-02-15,14.8,9.8,15.2,1.93,41.4
2026-02-16,14.5,9.7,37.8,0.82,27.2
2026-02-17,21.4,12.0,0.9,3.63,20.7
2026-02-18,19.1,12.0,1.2,3.25,16.5
2026-02-19,20.2,10.6,1.2,2.09,27.3
2026-02-20,18.8,12.4,0.8,3.02,28.8
2026-02-21,18.5,8.4,0.0,3.98,14.4
2026-02-22,18.5,8.9,0.4,2.7,24.9
2026-02-23,21.2,7.8,0.0,4.34,12.0
2026-02-24,19.6,9.6,0.3,2.41,13.3
2026-02-25,23.9,9.6,0.0,3.98,14.1
2026-02-26,21.2,14.1,0.7,2.86,19.7
2026-02-27,20.0,12.1,6.8,2.25,16.7
2026-02-28,20.5,10.5,1.0,3.4,15.9
2026-03-01,19.0,11.2,1.0,2.91,19.2
2026-03-02,11.0,6.3,8.1,2.17,29.1
2026-03-03,11.6,5.9,3.7,1.96,29.7
2026-03-04,15.6,8.4,0.4,3.06,15.5
2026-03-05,19.6,4.4,0.0,3.27,15.7
2026-03-06,20.2,7.4,0.0,3.08,16.1
2026-03-07,20.9,9.2,0.0,2.99,15.8
2026-03-08,17.5,11.3,1.6,1.62,15.2
2026-03-09,18.3,9.9,0.3,2.17,18.1
2026-03-10,17.2,10.9,0.7,2.07,16.6
2026-03-11,20.1,10.2,0.2,2.99,11.7
2026-03-12,22.5,6.2,0.0,4.06,20.2
2026-03-13,25.5,17.0,14.2,3.84,23.9
2026-03-14,18.1,10.0,1.6,2.4,18.8
2026-03-15,21.4,7.3,0.0,3.43,14.8
2026-03-16,20.2,9.4,0.0,3.11,18.1
2026-03-17,23.0,9.7,0.0,3.5,13.4
2026-03-18,21.5,10.2,0.0,3.29,14.6
2026-03-19,21.0,11.9,0.0,2.96,20.7
2026-03-20,18.6,10.5,0.5,2.14,20.4
2026-03-21,18.8,7.8,0.0,3.14,11.4
2026-03-22,20.3,7.2,0.0,3.2,11.0
2026-03-23,22.6,7.8,0.0,3.3,11.5
2026-03-24,20.5,11.6,0.1,2.2,14.0
2026-03-25,20.4,11.5,0.0,1.96,9.6
2026-03-26,17.1,12.9,16.6,0.77,33.5
2026-03-27,21.8,16.8,1.3,2.64,33.5
2026-03-28,21.3,12.9,0.5,1.99,13.9
2026-03-29,20.5,11.6,0.0,1.67,12.1
2026-03-30,19.6,13.2,2.6,1.93,19.4
2026-03-31,17.5,9.8,0.0,2.39,25.9
2026-04-01,17.0,7.8,0.0,2.55,12.6
2026-04-02,19.5,4.8,0.0,2.94,8.5
2026-04-03,20.0,6.5,0.0,2.55,11.8
2026-04-04,19.1,10.5,0.0,2.06,12.1
2026-04-05,20.6,7.9,0.0,2.49,11.8
2026-04-06,21.4,7.7,0.0,2.75,11.4
2026-04-07,15.5,11.8,17.0,0.73,14.9
2026-04-08,20.6,10.8,1.0,1.99,35.8
2026-04-09,21.7,9.6,0.0,2.49,15.6
2026-04-10,19.7,10.0,0.0,2.47,13.9
2026-04-11,21.6,8.4,0.0,2.43,12.5
2026-04-12,18.0,14.1,41.3,0.4,29.4
2026-04-13,15.8,12.1,26.7,0.5,21.5
2026-04-14,15.4,9.7,5.1,1.4,17.0
2026-04-15,15.6,8.4,2.7,1.55,22.9
2026-04-16,13.6,10.0,6.2,1.92,30.5
2026-04-17,16.4,8.5,0.4,1.87,22.1
2026-04-18,14.8,12.6,73.3,0.66,31.6
2026-04-19,18.1,9.9,12.5,1.68,18.9
2026-04-20,13.5,8.1,11.3,0.77,26.2
2026-04-21,9.6,7.6,12.8,0.43,26.7
2026-04-22,10.8,4.6,5.3,1.24,23.3
2026-04-23,11.4,3.2,0.4,1.35,17.0
2026-04-24,13.4,1.8,0.0,1.86,10.5
2026-04-25,17.4,0.6,0.0,2.05,7.7
2026-04-26,17.2,4.4,0.0,1.57,20.7
2026-04-27,16.5,8.6,0.0,1.72,10.1
2026-04-28,18.0,4.4,0.0,1.98,11.1
2026-04-29,16.6,9.5,0.3,1.2,17.1
2026-04-30,14.6,6.8,1.2,1.86,25.0
2026-05-01,15.6,0.8,0.0,1.84,8.8
2026-05-02,15.7,2.8,0.0,1.76,9.8
2026-05-03,16.0,2.7,0.0,1.7,8.3
2026-05-04,15.2,4.8,0.0,1.57,7.1
2026-05-05,17.2,4.7,0.0,1.65,10.9
2026-05-06,18.8,9.9,0.0,1.69,20.4
2026-05-07,18.9,12.1,0.0,1.9,27.6
2026-05-08,17.4,14.3,9.0,1.32,38.4
2026-05-09,16.4,10.1,6.6,1.25,27.1
2026-05-10,15.5,9.9,2.4,1.09,31.1
2026-05-11,12.1,4.4,0.1,1.6,18.2
2026-05-12,14.6,2.5,0.0,1.38,15.1
2026-05-13,13.2,5.1,0.0,1.46,16.4
2026-05-14,13.6,5.9,0.0,1.31,19.5
2026-05-15,13.4,4.7,0.0,1.36,13.6
2026-05-16,12.2,3.7,0.0,1.26,17.2
2026-05-17,13.4,4.9,0.0,1.21,15.3
2026-05-18,14.4,1.9,0.0,1.3,10.3
2026-05-19,15.2,0.3,0.0,1.38,9.1
2026-05-20,15.2,2.1,0.0,1.32,12.3
2026-05-21,15.9,5.9,0.0,1.51,18.2
2026-05-22,15.9,4.8,0.0,1.21,10.3
2026-05-23,15.4,3.4,0.0,1.38,13.0
2026-05-24,16.0,5.4,0.0,1.38,10.8
2026-05-25,14.9,2.8,0.0,1.33,9.8
2026-05-26,14.9,5.7,0.7,0.88,16.8
2026-05-27,14.9,3.0,0.0,1.25,10.5
2026-05-28,14.4,6.2,0.6,0.89,12.4
2026-05-29,14.6,3.8,0.0,1.06,6.8
2026-05-30,15.6,3.0,0.0,1.31,21.5
2026-05-31,17.0,10.4,2.2,1.48,29.1
2026-06-01,18.0,13.5,1.6,1.54,33.6
2026-06-02,16.1,12.4,9.3,0.55,28.2
2026-06-03,14.4,7.8,0.4,1.0,16.0
2026-06-04,15.1,6.6,1.0,0.91,22.4
2026-06-05,14.6,12.2,29.5,0.42,29.5
2026-06-06,14.2,9.4,14.8,0.84,23.4
2026-06-07,13.9,8.4,0.2,1.1,17.6
2026-06-08,13.9,8.9,1.1,1.17,29.7
