time,temperature_2m_max,temperature_2m_min,precipitation_sum,et0_fao_evapotranspiration,windspeed_10m_max
2015-01-01,18.8,14.6,1.8,5.04,26.4
2015-01-02,21.2,14.1,0.0,5.39,24.4
2015-01-03,20.5,15.4,0.0,4.52,22.8
2015-01-04,22.6,14.2,0.0,5.41,18.4
2015-01-05,22.7,16.2,0.0,4.87,18.4
2015-01-06,21.3,15.9,0.0,5.19,20.0
2015-01-07,21.7,16.5,0.0,4.4,21.9
2015-01-08,21.4,15.2,0.9,4.73,23.2
2015-01-09,21.4,16.9,0.1,4.66,21.4
2015-01-10,22.6,16.3,0.0,4.66,23.8
2015-01-11,21.3,17.3,0.0,5.04,24.4
2015-01-12,22.6,18.3,0.1,4.57,25.5
2015-01-13,22.4,17.0,0.0,5.17,22.2
2015-01-14,22.8,15.8,0.0,5.19,21.5
2015-01-15,23.9,16.1,0.0,5.44,19.9
2015-01-16,24.4,16.8,0.0,5.62,10.5
2015-01-17,23.5,18.1,1.1,3.69,20.9
2015-01-18,22.5,16.6,0.0,5.4,19.7
2015-01-19,22.7,18.7,0.0,5.03,19.4
2015-01-20,22.3,17.4,0.3,4.62,19.6
2015-01-21,21.9,17.2,0.0,5.67,26.6
2015-01-22,22.0,15.9,0.8,4.86,27.1
2015-01-23,22.7,17.3,0.0,4.91,18.8
2015-01-24,24.5,16.6,0.0,5.42,20.8
2015-01-25,23.8,17.4,0.0,5.01,19.7
2015-01-26,23.5,17.3,0.1,4.78,20.9
2015-01-27,23.5,18.4,2.7,3.96,12.6
2015-01-28,24.3,18.0,0.0,4.92,21.0
2015-01-29,24.4,18.3,0.2,5.05,29.2
2015-01-30,24.5,18.9,0.0,4.36,24.6
2015-01-31,23.5,19.1,0.8,3.18,19.6
2015-02-01,21.6,18.9,7.1,1.79,17.1
2015-02-02,23.9,18.7,0.7,4.12,20.6
2015-02-03,22.6,18.1,1.4,4.53,26.8
2015-02-04,20.7,17.1,15.1,1.79,13.4
2015-02-05,19.8,18.0,2.2,4.92,38.5
2015-02-06,18.8,16.1,0.3,4.53,46.3
2015-02-07,19.9,16.4,0.0,5.51,36.6
2015-02-08,20.7,16.1,0.0,3.63,16.3
2015-02-09,21.0,17.3,0.0,3.25,19.8
2015-02-10,21.9,17.2,1.0,4.27,23.8
2015-02-11,21.0,14.7,0.0,5.16,26.4
2015-02-12,20.9,15.0,0.2,3.88,23.9
2015-02-13,21.2,16.2,0.5,4.16,26.3
2015-02-14,22.0,15.6,0.6,4.31,14.7
2015-02-15,21.2,16.7,1.3,4.2,14.5
2015-02-16,21.3,16.4,0.6,4.12,11.4
2015-02-17,21.3,16.7,0.3,4.15,13.4
2015-02-18,22.6,16.3,0.0,4.69,20.6
2015-02-19,21.9,16.2,0.0,4.9,24.6
2015-02-20,22.7,16.2,0.4,3.92,15.2
2015-02-21,22.3,16.7,1.2,3.34,12.6
2015-02-22,21.5,17.7,5.5,3.31,9.7
2015-02-23,21.4,17.3,0.7,3.62,23.1
2015-02-24,21.9,17.0,0.0,4.09,20.6
2015-02-25,20.8,15.7,0.3,3.68,23.2
2015-02-26,22.0,16.3,0.4,3.98,16.6
2015-02-27,21.8,16.8,0.3,3.77,18.8
2015-02-28,23.3,16.3,0.0,4.42,17.7
2015-03-01,24.4,16.3,0.0,4.52,10.0
2015-03-02,23.2,17.6,0.0,4.4,21.1
2015-03-03,22.4,18.8,0.2,2.9,18.2
2015-03-04,23.2,17.6,0.1,3.06,11.0
2015-03-05,24.0,17.2,0.0,4.12,19.9
2015-03-06,23.1,17.6,3.3,2.4,35.0
2015-03-07,22.5,17.3,1.0,3.47,45.6
2015-03-08,20.5,17.3,0.8,4.27,43.7
2015-03-09,20.3,16.5,0.0,3.36,18.5
2015-03-10,22.4,16.3,0.0,4.07,25.3
2015-03-11,22.5,16.1,0.0,3.68,17.3
2015-03-12,21.8,17.7,1.7,3.28,17.6
2015-03-13,22.6,17.2,0.1,3.45,17.1
2015-03-14,23.0,16.7,0.0,3.77,22.8
2015-03-15,20.7,17.5,19.7,1.92,38.9
2015-03-16,21.3,17.3,29.8,2.91,39.8
2015-03-17,18.5,15.8,3.7,2.23,30.7
2015-03-18,18.3,13.5,0.6,3.18,29.7
2015-03-19,18.4,14.6,0.8,3.03,21.7
2015-03-20,18.6,13.9,1.1,3.02,15.8
2015-03-21,18.7,15.2,0.4,2.9,21.9
2015-03-22,19.6,14.7,0.0,3.47,19.1
2015-03-23,19.3,15.2,0.3,2.92,22.2
2015-03-24,19.8,15.6,4.6,2.5,16.1
2015-03-25,20.5,15.4,0.1,2.97,15.3
2015-03-26,20.4,16.6,3.9,2.52,20.9
2015-03-27,22.1,16.9,0.7,2.82,17.6
2015-03-28,21.3,17.5,0.2,2.47,11.9
2015-03-29,20.3,17.2,1.6,2.88,26.7
2015-03-30,19.0,16.0,0.6,3.13,29.5
2015-03-31,19.0,15.4,0.0,3.08,23.4
2015-04-01,20.1,14.0,0.0,3.33,16.2
2015-04-02,20.4,14.3,0.0,2.63,5.8
2015-04-03,19.4,14.7,0.1,2.9,17.4
2015-04-04,19.5,14.6,0.0,2.8,20.5
2015-04-05,20.0,15.9,0.1,2.23,14.6
2015-04-06,21.4,15.9,0.0,3.07,23.5
2015-04-07,22.2,16.4,0.0,2.97,18.2
2015-04-08,22.1,16.9,0.0,2.63,17.3
2015-04-09,21.1,17.7,0.4,1.75,13.0
2015-04-10,21.5,17.2,3.1,1.78,33.3
2015-04-11,18.9,15.1,1.1,2.69,29.8
2015-04-12,17.4,14.3,0.0,2.57,25.4
2015-04-13,16.6,10.1,13.3,2.44,46.7
2015-04-14,13.0,9.6,7.6,2.85,44.0
2015-04-15,16.1,11.7,0.9,2.96,42.3
2015-04-16,16.6,13.0,0.0,2.88,29.5
2015-04-17,16.5,12.1,0.0,2.14,20.0
2015-04-18,16.0,13.6,22.8,1.37,28.5
2015-04-19,18.7,12.8,0.1,2.14,22.9
2015-04-20,19.4,13.9,0.0,2.21,12.3
2015-04-21,19.3,13.5,0.0,2.17,9.3
2015-04-22,18.4,13.5,0.0,1.85,11.7
2015-04-23,18.3,14.3,0.5,1.9,13.6
2015-04-24,17.9,14.3,0.0,2.21,26.4
2015-04-25,17.9,14.0,0.0,2.5,25.8
2015-04-26,18.8,14.6,0.0,2.74,30.9
2015-04-27,18.3,16.0,31.6,1.09,44.4
2015-04-28,16.8,13.1,2.8,2.32,37.2
2015-04-29,15.6,11.7,6.1,2.1,43.0
2015-04-30,15.5,13.1,1.1,2.88,47.4
2015-05-01,16.3,10.8,0.0,2.2,16.0
2015-05-02,16.5,12.2,0.0,1.77,14.0
2015-05-03,16.5,10.1,0.0,1.93,9.2
2015-05-04,16.7,9.8,0.0,1.74,15.1
2015-05-05,18.0,13.6,0.0,1.76,22.2
2015-05-06,19.1,14.2,0.0,2.08,21.7
2015-05-07,19.6,15.4,7.1,1.39,25.7
2015-05-08,16.9,14.4,32.0,0.4,29.2
2015-05-09,16.4,11.8,1.6,1.83,22.4
2015-05-10,17.6,13.5,0.0,2.39,20.1
2015-05-11,17.6,12.8,0.0,1.99,25.1
2015-05-12,15.5,13.5,12.0,1.6,39.0
2015-05-13,17.2,13.5,0.0,2.68,32.2
2015-05-14,16.7,13.5,16.3,1.24,30.2
2015-05-15,15.3,10.8,11.1,1.48,45.3
2015-05-16,15.2,10.0,2.0,2.29,32.6
2015-05-17,15.3,11.7,1.1,1.66,27.6
2015-05-18,15.1,12.0,0.0,2.19,36.9
2015-05-19,15.5,12.4,0.1,2.12,36.9
2015-05-20,15.4,10.6,0.0,1.38,14.6
2015-05-21,16.8,11.8,6.3,1.62,34.6
2015-05-22,15.0,11.3,5.6,1.44,35.6
2015-05-23,16.3,11.6,32.7,0.68,50.6
2015-05-24,13.3,11.4,4.5,2.11,51.2
2015-05-25,11.7,10.2,3.0,2.34,50.7
2015-05-26,12.6,10.6,0.2,2.56,43.5
2015-05-27,12.8,8.8,1.2,1.64,29.0
2015-05-28,12.9,6.5,0.0,1.57,13.6
2015-05-29,13.4,5.8,0.0,1.37,11.3
2015-05-30,14.7,9.5,0.0,1.75,21.5
2015-05-31,13.4,11.9,15.8,0.67,24.9
2015-06-01,16.2,12.1,6.3,1.45,32.4
2015-06-02,18.0,12.2,6.8,1.37,30.9
2015-06-03,14.4,11.6,5.2,1.32,46.0
2015-06-04,13.3,11.6,15.1,1.16,37.5
2015-06-05,13.9,11.6,1.0,1.15,29.2
2015-06-06,14.0,9.8,0.0,1.26,11.7
2015-06-07,13.6,9.9,0.0,1.76,27.2
2015-06-08,14.0,9.5,0.0,1.31,17.1
2015-06-09,15.0,10.7,0.0,1.14,16.8
2015-06-10,15.4,11.0,0.1,1.57,29.6
2015-06-11,13.8,12.0,3.2,2.0,33.5
2015-06-12,14.4,11.1,0.7,2.14,49.0
2015-06-13,13.7,11.9,0.0,2.81,44.8
2015-06-14,14.3,12.3,0.3,1.98,40.5
2015-06-15,13.8,10.5,1.2,1.87,32.0
2015-06-16,11.2,7.6,0.0,2.15,34.9
2015-06-17,13.1,8.5,0.0,1.08,7.4
2015-06-18,13.4,7.9,0.0,1.33,25.5
2015-06-19,16.8,11.6,0.0,1.79,27.5
2015-06-20,16.8,13.4,10.4,0.91,35.5
2015-06-21,12.7,10.5,0.0,1.56,27.5
2015-06-22,11.9,7.0,0.1,2.06,30.4
2015-06-23,8.5,4.6,0.0,1.77,25.5
2015-06-24,10.0,5.7,0.0,1.57,32.7
2015-06-25,11.0,8.0,0.0,1.71,31.5
2015-06-26,13.7,10.3,0.2,2.11,34.7
2015-06-27,13.2,11.0,1.2,2.05,39.7
2015-06-28,14.1,11.1,0.0,2.13,34.2
2015-06-29,13.6,11.8,0.1,2.34,39.9
2015-06-30,13.9,11.8,0.1,1.71,34.5
2015-07-01,14.1,10.6,0.2,1.7,30.8
2015-07-02,13.3,9.6,0.0,1.15,17.4
2015-07-03,14.9,9.3,6.6,1.14,28.2
2015-07-04,12.8,11.0,18.6,0.35,20.9
2015-07-05,13.2,10.8,0.7,1.87,38.4
2015-07-06,13.8,11.7,1.0,1.51,31.4
2015-07-07,13.5,10.8,13.9,0.85,40.1
2015-07-08,10.4,6.6,4.0,1.28,27.8
2015-07-09,7.8,5.1,1.0,1.77,32.8
2015-07-10,9.1,5.0,0.0,1.78,29.0
2015-07-11,9.8,5.0,0.0,1.45,21.8
2015-07-12,10.0,4.1,0.0,1.36,12.9
2015-07-13,12.0,4.3,0.0,1.4,24.4
2015-07-14,13.2,8.8,0.1,2.11,37.8
2015-07-15,14.0,11.4,18.0,1.17,32.9
2015-07-16,14.1,11.0,0.0,1.22,23.1
2015-07-17,13.1,8.4,0.4,1.25,17.8
2015-07-18,14.7,8.3,12.5,1.35,48.4
2015-07-19,11.4,8.6,2.3,2.05,52.8
2015-07-20,12.3,9.6,0.9,2.21,39.7
2015-07-21,12.4,7.1,0.0,2.38,37.8
2015-07-22,12.6,8.4,0.0,1.75,24.3
2015-07-23,12.4,7.1,0.0,1.32,12.7
2015-07-24,12.5,6.9,0.0,1.02,17.3
2015-07-25,12.1,5.4,0.0,1.31,17.3
2015-07-26,13.1,10.2,3.7,0.82,23.2
2015-07-27,15.0,11.8,0.2,0.73,30.1
2015-07-28,13.2,9.5,11.0,1.39,34.2
2015-07-29,11.4,8.8,8.5,1.51,42.8
2015-07-30,10.7,6.2,0.0,1.7,16.0
2015-07-31,12.1,6.9,0.0,1.23,18.7
2015-08-01,13.6,8.9,0.0,1.52,20.8
2015-08-02,14.3,10.5,0.4,1.18,19.6
2015-08-03,14.9,11.2,0.0,1.25,21.3
2015-08-04,15.7,11.8,7.3,1.53,28.8
2015-08-05,14.3,9.7,23.9,0.67,29.0
2015-08-06,14.1,10.8,7.0,1.55,34.0
2015-08-07,11.9,9.7,3.0,1.96,39.8
2015-08-08,9.9,7.5,7.5,2.03,43.5
2015-08-09,10.1,5.9,4.1,1.48,23.7
2015-08-10,9.5,4.4,0.3,1.5,19.1
2015-08-11,9.6,4.4,0.0,1.98,30.6
2015-08-12,10.8,6.1,0.0,1.85,23.4
2015-08-13,12.5,4.7,0.0,1.84,24.3
2015-08-14,12.8,9.7,10.9,1.15,37.2
2015-08-15,12.2,8.7,8.4,1.22,27.3
2015-08-16,13.4,8.6,0.0,1.72,19.0
2015-08-17,13.2,6.6,0.0,1.78,17.4
2015-08-18,13.5,10.0,3.0,1.46,27.2
2015-08-19,13.4,10.0,4.6,1.36,36.4
2015-08-20,12.3,8.8,0.7,2.18,33.2
2015-08-21,12.4,7.2,0.0,2.07,15.1
2015-08-22,12.0,7.4,1.0,1.04,15.8
2015-08-23,13.8,9.0,0.0,1.73,16.6
2015-08-24,14.7,8.6,0.0,2.08,21.3
2015-08-25,13.4,10.0,7.7,0.92,35.6
2015-08-26,13.4,8.9,0.0,2.68,27.3
2015-08-27,12.9,6.6,0.0,1.71,16.0
2015-08-28,13.7,8.3,0.0,1.99,12.6
2015-08-29,14.0,7.6,2.8,1.63,21.4
2015-08-30,15.1,11.1,4.5,1.24,25.5
2015-08-31,14.6,11.2,26.2,0.6,29.8
2015-09-01,15.2,11.8,17.3,1.74,40.8
2015-09-02,15.0,10.7,3.0,1.93,36.1
2015-09-03,12.6,10.7,3.7,1.96,48.6
2015-09-04,12.3,9.7,8.2,1.3,22.3
2015-09-05,13.1,8.5,17.6,2.07,29.5
2015-09-06,11.4,9.4,5.2,2.54,37.6
2015-09-07,12.3,9.0,0.3,2.78,33.4
2015-09-08,12.8,9.3,0.0,2.61,27.5
2015-09-09,13.5,9.1,0.0,2.14,17.7
2015-09-10,12.7,10.2,10.1,1.1,41.2
2015-09-11,11.9,9.4,4.3,2.92,49.1
2015-09-12,10.9,7.3,2.3,2.8,43.3
2015-09-13,13.8,10.3,0.0,2.45,32.1
2015-09-14,14.4,7.8,0.0,2.08,14.8
2015-09-15,12.2,9.6,0.0,1.82,31.3
2015-09-16,12.5,10.8,0.0,1.95,24.2
2015-09-17,16.2,9.8,0.0,2.63,20.1
2015-09-18,14.7,11.0,6.9,1.54,23.3
2015-09-19,14.1,9.7,2.3,2.27,11.8
2015-09-20,12.4,8.9,8.7,2.17,25.3
2015-09-21,10.3,8.2,5.4,1.67,37.8
2015-09-22,12.2,8.3,2.2,2.17,32.9
2015-09-23,13.5,8.7,3.3,2.3,30.7
2015-09-24,15.5,10.4,1.8,2.45,22.8
2015-09-25,14.7,9.7,1.1,2.41,23.3
2015-09-26,14.8,7.7,0.1,3.03,17.2
2015-09-27,14.3,7.6,1.6,3.07,15.0
2015-09-28,13.9,9.0,5.7,2.56,11.6
2015-09-29,14.5,7.3,0.0,3.19,10.0
2015-09-30,15.8,7.3,0.0,3.32,14.8
2015-10-01,16.0,9.6,0.0,3.1,17.8
2015-10-02,14.9,11.2,8.4,1.89,36.2
2015-10-03,14.7,10.4,2.1,2.57,36.0
2015-10-04,15.3,10.1,0.0,2.56,28.5
2015-10-05,14.7,10.6,0.0,3.23,38.5
2015-10-06,14.9,9.2,0.0,3.16,23.7
2015-10-07,15.6,10.2,0.0,3.16,24.1
2015-10-08,14.5,10.7,0.8,2.7,39.4
2015-10-09,14.3,8.5,0.0,3.44,29.8
2015-10-10,13.7,10.1,0.0,2.72,27.3
2015-10-11,14.6,11.1,0.0,2.97,28.6
2015-10-12,15.4,11.9,0.6,3.05,26.6
2015-10-13,15.5,11.9,2.7,2.62,32.0
2015-10-14,15.5,11.7,1.8,2.74,30.1
2015-10-15,14.7,11.6,0.0,3.01,26.7
2015-10-16,14.4,11.5,0.0,2.71,25.5
2015-10-17,14.6,12.3,0.0,2.9,31.9
2015-10-18,15.9,11.6,0.0,2.93,30.8
2015-10-19,14.2,11.5,0.4,3.17,41.8
2015-10-20,14.0,11.3,0.0,3.35,31.3
2015-10-21,14.7,11.3,0.1,2.77,28.2
2015-10-22,16.5,12.9,0.3,2.89,37.5
2015-10-23,17.2,13.8,0.1,3.35,29.0
2015-10-24,15.5,11.9,7.0,1.35,26.6
2015-10-25,15.1,11.9,0.0,3.47,29.2
2015-10-26,15.7,11.1,0.1,3.55,30.2
2015-10-27,16.1,11.9,0.2,3.28,31.1
2015-10-28,16.6,11.6,0.0,2.9,16.2
2015-10-29,16.4,12.2,25.9,1.87,31.1
2015-10-30,14.4,12.1,2.2,2.25,32.9
2015-10-31,14.4,10.8,0.0,3.65,24.7
2015-11-01,15.3,11.4,0.0,3.42,20.3
2015-11-02,14.6,10.5,0.0,2.82,17.5
2015-11-03,15.9,11.2,0.2,3.13,25.5
2015-11-04,14.0,10.0,14.9,2.64,43.4
2015-11-05,15.0,8.9,0.0,3.9,21.6
2015-11-06,16.3,8.6,0.0,4.29,19.3
2015-11-07,18.7,11.1,0.0,4.33,23.1
2015-11-08,16.6,11.4,0.0,3.94,19.4
2015-11-09,18.6,12.5,0.0,3.03,18.4
2015-11-10,18.4,13.1,0.0,3.58,19.1
2015-11-11,17.2,13.5,0.2,3.26,26.0
2015-11-12,16.1,10.6,2.9,3.46,32.4
2015-11-13,14.5,8.1,0.0,4.71,24.7
2015-11-14,15.8,8.9,0.0,4.35,21.2
2015-11-15,17.3,13.0,0.0,2.81,28.1
2015-11-16,17.0,12.2,19.0,1.32,30.0
2015-11-17,15.5,11.5,0.0,3.67,36.0
2015-11-18,14.7,12.0,0.2,3.33,33.1
2015-11-19,15.3,11.7,2.3,2.62,31.9
2015-11-20,16.9,13.0,1.7,2.93,34.1
2015-11-21,17.7,15.1,7.5,2.25,47.0
2015-11-22,16.8,13.6,14.0,3.47,41.4
2015-11-23,16.8,12.6,0.0,4.64,21.4
2015-11-24,18.6,11.9,0.2,4.23,11.7
2015-11-25,20.0,14.8,0.2,3.69,11.0
2015-11-26,21.3,16.1,0.0,3.95,15.2
2015-11-27,22.4,16.4,13.1,4.48,24.1
2015-11-28,19.7,15.2,2.0,2.6,25.1
2015-11-29,19.0,13.7,0.0,3.45,13.4
2015-11-30,21.1,16.0,3.6,3.35,16.9
2015-12-01,19.3,16.0,0.2,2.44,22.2
2015-12-02,18.8,15.4,0.0,4.01,20.6
2015-12-03,20.0,14.4,0.0,4.76,19.9
2015-12-04,19.3,15.3,0.2,3.11,15.8
2015-12-05,17.4,14.3,0.0,4.62,25.9
2015-12-06,17.8,14.7,0.0,4.2,25.9
2015-12-07,17.7,13.8,0.7,4.11,25.9
2015-12-08,15.8,13.7,0.0,4.28,35.9
2015-12-09,16.5,13.7,0.0,4.17,35.1
2015-12-10,16.2,13.6,0.0,3.61,29.0
2015-12-11,18.2,15.7,2.7,1.53,28.4
2015-12-12,20.8,16.3,0.0,4.51,28.0
2015-12-13,17.9,14.2,3.8,3.96,34.6
2015-12-14,16.2,13.6,0.0,3.93,24.2
2015-12-15,17.0,14.2,0.0,3.72,24.2
2015-12-16,18.0,13.4,2.1,3.76,28.7
2015-12-17,15.7,11.9,1.2,3.61,24.0
2015-12-18,16.7,11.5,1.4,4.23,35.6
2015-12-19,18.6,13.7,0.0,4.59,34.7
2015-12-20,19.5,14.0,0.0,4.79,29.7
2015-12-21,19.6,15.5,0.0,4.98,27.8
2015-12-22,20.4,15.8,0.0,4.59,29.1
2015-12-23,20.6,15.4,2.2,5.53,26.3
2015-12-24,18.9,15.5,5.0,3.45,24.8
2015-12-25,18.0,14.7,0.0,3.12,25.8
2015-12-26,22.0,13.9,0.0,5.23,15.6
2015-12-27,23.7,14.4,0.0,5.26,21.8
2015-12-28,22.4,15.3,0.0,4.97,26.6
2015-12-29,20.0,15.9,0.0,4.63,27.4
2015-12-30,22.7,16.0,0.1,4.29,14.1
2015-12-31,24.0,16.0,0.0,5.8,30.5
2016-01-01,18.8,17.9,19.4,2.06,47.4
2016-01-02,19.0,17.5,35.8,0.9,40.0
2016-01-03,21.6,18.3,3.8,3.49,24.4
2016-01-04,20.8,16.4,0.1,4.18,28.1
2016-01-05,18.6,14.6,0.1,4.29,28.6
2016-01-06,18.5,14.7,0.0,4.19,27.7
2016-01-07,19.3,15.8,0.0,3.98,28.3
2016-01-08,22.1,17.5,13.4,2.27,34.3
2016-01-09,19.8,16.9,0.0,4.16,25.9
2016-01-10,19.7,16.8,0.0,3.66,28.2
2016-01-11,21.0,14.1,0.0,4.96,17.7
2016-01-12,21.8,16.4,2.9,3.25,22.8
2016-01-13,20.2,15.7,0.0,5.18,26.2
2016-01-14,21.1,16.9,0.1,4.17,19.8
2016-01-15,22.1,15.9,0.0,4.74,16.2
2016-01-16,23.6,16.5,0.0,5.64,15.0
2016-01-17,23.3,18.4,2.8,3.91,26.0
2016-01-18,22.2,18.9,17.6,3.19,38.7
2016-01-19,21.9,17.7,1.7,4.44,22.5
2016-01-20,23.0,17.5,0.0,4.37,13.3
2016-01-21,23.5,17.8,0.0,4.6,17.5
2016-01-22,22.9,17.7,0.0,4.86,18.9
2016-01-23,24.2,16.7,0.0,5.42,19.4
2016-01-24,24.7,18.1,0.4,5.32,7.5
2016-01-25,24.7,18.4,0.0,5.28,12.1
2016-01-26,25.2,18.4,1.9,4.52,10.1
2016-01-27,24.5,20.2,20.6,3.62,13.1
2016-01-28,23.5,18.5,0.7,3.98,21.4
2016-01-29,23.2,18.9,0.0,4.47,17.0
2016-01-30,24.5,19.1,0.2,4.96,18.8
2016-01-31,23.4,19.3,7.2,4.31,17.1
2016-02-01,22.3,19.3,0.0,4.14,20.7
2016-02-02,23.3,18.4,0.3,4.45,16.6
2016-02-03,23.3,19.3,0.0,4.64,25.4
2016-02-04,22.0,18.7,0.0,4.19,27.5
2016-02-05,22.5,19.2,16.1,2.25,27.5
2016-02-06,23.7,19.2,7.9,3.21,26.5
2016-02-07,22.9,20.0,0.0,3.0,30.9
2016-02-08,22.1,18.8,0.2,3.68,18.9
2016-02-09,22.2,18.7,0.2,3.46,19.5
2016-02-10,23.9,19.0,1.0,4.52,14.5
2016-02-11,23.7,18.8,2.4,4.45,10.9
2016-02-12,24.5,18.4,0.9,4.49,18.4
2016-02-13,23.6,18.5,0.5,4.26,17.4
2016-02-14,22.4,18.9,0.0,4.27,25.1
2016-02-15,22.8,18.5,0.0,4.37,28.5
2016-02-16,22.3,19.2,0.1,3.72,23.8
2016-02-17,20.4,18.3,20.1,1.67,36.7
2016-02-18,22.9,19.0,22.9,2.29,38.0
2016-02-19,22.2,17.6,2.5,3.62,26.1
2016-02-20,22.0,16.7,0.0,4.79,18.8
2016-02-21,21.7,18.1,0.0,3.86,26.8
2016-02-22,22.6,17.0,0.2,3.99,19.5
2016-02-23,22.3,17.7,0.0,4.58,15.4
2016-02-24,22.1,17.3,0.1,3.85,19.6
2016-02-25,22.0,16.1,0.0,4.44,16.6
2016-02-26,24.2,16.6,0.0,4.5,9.7
2016-02-27,25.1,18.7,3.6,3.12,20.2
2016-02-28,25.1,20.8,2.1,2.66,20.7
2016-02-29,21.4,19.3,13.3,1.03,21.2
2016-03-01,21.3,18.5,23.1,2.2,19.5
2016-03-02,21.1,17.3,0.7,3.55,27.5
2016-03-03,20.7,16.0,0.2,3.81,20.3
2016-03-04,21.7,15.0,0.0,3.94,13.7
2016-03-05,22.1,17.3,0.3,3.65,21.7
2016-03-06,22.1,17.0,0.0,3.61,21.9
2016-03-07,21.9,18.9,0.0,3.55,26.8
2016-03-08,22.2,18.9,0.0,3.81,29.4
2016-03-09,20.4,16.0,0.3,4.08,22.4
2016-03-10,20.0,14.5,0.0,3.64,24.2
2016-03-11,20.8,17.5,0.8,3.26,27.5
2016-03-12,19.3,13.8,0.0,4.26,27.6
2016-03-13,20.8,15.0,0.0,4.05,15.9
2016-03-14,21.0,15.0,0.0,3.44,15.4
2016-03-15,21.8,16.0,0.1,3.53,19.1
2016-03-16,21.1,17.5,2.8,2.8,18.1
2016-03-17,21.8,17.4,6.4,2.41,17.2
2016-03-18,20.9,17.8,0.8,2.68,28.8
2016-03-19,20.7,17.8,0.0,3.51,32.9
2016-03-20,21.3,18.4,0.7,3.26,29.0
2016-03-21,22.2,18.1,0.1,3.11,29.7
2016-03-22,21.8,18.4,0.7,3.3,38.5
2016-03-23,20.9,19.4,8.6,1.72,52.5
2016-03-24,21.8,18.5,7.0,1.96,51.8
2016-03-25,22.4,17.7,0.1,2.77,17.3
2016-03-26,21.8,17.4,0.0,3.03,17.1
2016-03-27,20.6,17.3,0.0,2.84,18.2
2016-03-28,20.7,17.2,0.0,2.55,21.0
2016-03-29,21.9,16.7,0.0,3.63,17.7
2016-03-30,20.9,16.1,0.0,3.96,20.2
2016-03-31,19.9,15.9,0.0,2.97,24.5
2016-04-01,20.6,16.8,5.5,2.61,32.1
2016-04-02,22.7,17.5,1.9,2.77,23.7
2016-04-03,21.2,17.9,0.3,2.46,20.3
2016-04-04,19.7,16.0,0.9,2.89,27.6
2016-04-05,18.5,14.5,0.1,3.22,22.0
2016-04-06,18.0,12.7,0.3,3.18,15.3
2016-04-07,19.0,14.3,0.0,2.66,16.7
2016-04-08,20.1,15.4,1.4,1.86,27.4
2016-04-09,19.2,14.9,0.0,2.44,14.6
2016-04-10,18.1,13.2,8.3,1.66,14.2
2016-04-11,19.6,15.6,0.1,2.07,18.7
2016-04-12,20.4,16.0,0.8,2.39,24.3
2016-04-13,18.7,15.7,2.5,2.33,24.5
2016-04-14,18.9,14.3,0.6,2.53,22.5
2016-04-15,18.9,12.7,0.0,2.78,13.9
2016-04-16,17.4,13.5,2.1,2.24,25.0
2016-04-17,18.1,14.9,12.1,1.29,30.6
2016-04-18,19.0,16.3,0.0,2.78,31.6
2016-04-19,19.0,14.2,0.0,2.15,12.8
2016-04-20,18.7,14.6,0.4,2.15,18.9
2016-04-21,18.8,13.7,0.0,2.16,8.9
2016-04-22,18.4,14.6,0.0,2.32,12.8
2016-04-23,19.5,13.9,0.0,2.23,17.9
2016-04-24,16.6,14.0,4.6,1.33,26.3
2016-04-25,18.2,14.2,0.0,2.97,33.0
2016-04-26,17.7,14.2,0.1,3.03,39.0
2016-04-27,18.3,12.9,0.0,2.3,21.5
2016-04-28,17.4,13.1,0.0,1.72,16.3
2016-04-29,16.9,14.6,0.0,2.06,20.7
2016-04-30,18.2,14.7,0.0,2.26,22.5
2016-05-01,18.6,14.3,0.0,1.81,17.5
2016-05-02,19.2,14.3,0.0,1.66,17.2
2016-05-03,19.9,13.8,0.0,1.94,13.0
2016-05-04,20.6,13.1,0.0,1.71,17.3
2016-05-05,20.6,15.6,0.0,1.91,19.4
2016-05-06,19.1,15.5,0.7,1.14,12.4
2016-05-07,19.6,14.7,0.0,1.69,9.7
2016-05-08,18.8,13.8,0.0,1.54,10.7
2016-05-09,19.6,14.0,0.0,1.86,13.4
2016-05-10,19.1,12.8,0.0,1.85,20.0
2016-05-11,20.2,16.4,1.3,1.03,31.0
2016-05-12,19.0,16.0,1.3,1.86,28.1
2016-05-13,19.4,16.2,0.3,2.04,33.2
2016-05-14,18.8,15.2,0.0,1.93,25.2
2016-05-15,18.8,14.7,0.1,1.98,17.2
2016-05-16,18.3,14.7,5.7,1.74,40.5
2016-05-17,16.2,12.5,0.6,2.35,42.3
2016-05-18,17.2,12.3,5.9,2.21,48.6
2016-05-19,16.6,15.2,0.2,2.72,36.7
2016-05-20,18.0,13.6,6.8,2.04,41.1
2016-05-21,15.1,11.7,13.4,1.5,40.4
2016-05-22,15.5,12.1,2.4,2.15,42.5
2016-05-23,13.8,10.4,7.5,1.9,43.6
2016-05-24,17.0,11.8,10.0,1.87,41.0
2016-05-25,14.8,12.3,14.2,1.25,37.8
2016-05-26,16.0,12.2,2.8,1.82,35.6
2016-05-27,16.8,13.5,0.4,1.76,27.8
2016-05-28,18.0,15.2,7.4,2.14,50.2
2016-05-29,16.5,12.7,17.1,1.31,51.7
2016-05-30,14.7,11.4,2.9,2.07,34.1
2016-05-31,13.6,10.2,8.6,1.69,40.7
2016-06-01,12.7,8.6,2.0,1.27,24.2
2016-06-02,12.3,7.4,0.0,1.64,27.0
2016-06-03,12.7,8.1,0.0,1.32,16.6
2016-06-04,13.3,8.3,0.0,1.26,11.3
2016-06-05,14.1,7.3,0.0,1.3,15.1
2016-06-06,13.9,8.0,0.0,1.55,29.2
2016-06-07,14.6,12.2,0.0,2.32,36.1
2016-06-08,16.0,13.4,0.2,2.49,41.0
2016-06-09,17.3,15.2,5.3,1.36,40.2
2016-06-10,18.0,14.5,2.1,0.88,30.9
2016-06-11,16.3,12.6,0.0,1.24,17.3
2016-06-12,16.3,12.1,1.6,1.71,42.1
2016-06-13,12.6,9.9,0.0,2.17,44.7
2016-06-14,15.1,10.9,0.2,1.28,23.4
2016-06-15,14.5,12.0,0.6,1.27,23.5
2016-06-16,14.9,10.8,0.0,1.19,20.8
2016-06-17,14.0,10.0,0.0,1.14,9.5
2016-06-18,13.6,11.1,0.0,1.46,19.6
2016-06-19,15.5,11.4,0.0,1.98,24.8
2016-06-20,16.2,10.2,0.0,1.26,19.4
2016-06-21,16.2,13.3,0.3,1.3,31.4
2016-06-22,16.6,14.7,9.9,0.63,34.7
2016-06-23,16.1,14.1,10.9,1.25,37.4
2016-06-24,15.3,11.4,0.0,1.88,38.5
2016-06-25,16.3,11.0,19.4,0.56,32.0
2016-06-26,14.3,10.2,11.7,1.14,40.0
2016-06-27,14.4,10.6,12.1,1.5,51.2
2016-06-28,14.5,11.1,1.1,1.36,29.2
2016-06-29,14.2,11.0,22.1,0.44,31.2
2016-06-30,13.5,10.3,5.5,0.95,26.7
2016-07-01,11.1,8.0,0.0,1.7,27.3
2016-07-02,11.6,7.5,0.0,1.27,9.8
2016-07-03,11.9,6.1,2.0,1.35,12.8
2016-07-04,14.2,8.8,2.1,1.1,16.4
2016-07-05,14.9,8.4,0.0,1.11,17.1
2016-07-06,13.4,9.0,0.0,0.98,13.2
2016-07-07,13.7,11.2,22.3,0.81,42.5
2016-07-08,14.6,11.9,11.1,1.04,38.0
2016-07-09,12.4,9.2,0.5,2.17,33.8
2016-07-10,12.4,8.4,0.0,1.83,30.3
2016-07-11,12.1,7.6,0.0,1.81,28.2
2016-07-12,12.7,6.1,0.0,1.3,16.0
2016-07-13,13.6,8.3,3.9,1.48,30.6
2016-07-14,13.1,11.4,8.2,2.12,47.4
2016-07-15,14.4,10.9,6.2,2.08,48.0
2016-07-16,12.4,9.5,1.6,2.1,41.0
2016-07-17,13.6,9.9,6.5,2.26,46.5
2016-07-18,13.0,10.0,2.4,1.71,43.6
2016-07-19,14.0,11.5,4.8,1.93,53.6
2016-07-20,13.1,11.7,0.3,2.51,52.5
2016-07-21,13.5,9.9,0.0,2.11,35.6
2016-07-22,13.4,8.4,7.9,1.28,28.4
2016-07-23,15.7,12.2,3.7,0.99,37.5
2016-07-24,16.2,11.2,9.8,2.22,49.8
2016-07-25,13.4,10.9,0.1,2.36,40.2
2016-07-26,14.5,10.0,9.9,1.21,38.1
2016-07-27,14.6,9.6,0.4,1.3,31.6
2016-07-28,14.1,11.2,5.1,1.23,49.8
2016-07-29,13.6,11.0,3.8,2.47,55.1
2016-07-30,13.6,10.7,4.7,1.71,45.9
2016-07-31,11.5,9.6,5.2,2.21,46.1
2016-08-01,13.1,9.4,7.0,1.89,35.1
2016-08-02,13.2,9.7,2.0,1.82,39.5
2016-08-03,15.1,10.6,4.7,1.34,35.9
2016-08-04,13.2,10.8,5.9,0.85,21.4
2016-08-05,12.7,9.4,0.7,1.91,35.8
2016-08-06,9.7,7.6,6.3,1.7,46.7
2016-08-07,9.6,6.8,0.0,2.42,44.4
2016-08-08,9.8,5.6,0.7,1.51,18.7
2016-08-09,10.9,5.3,1.4,1.68,28.1
2016-08-10,9.7,7.9,15.0,0.97,36.9
2016-08-11,12.3,8.8,2.9,1.15,32.1
2016-08-12,14.6,8.0,0.0,1.6,19.9
2016-08-13,13.8,10.1,2.7,1.6,21.7
2016-08-14,13.0,8.4,0.0,1.77,18.5
2016-08-15,13.1,6.9,0.0,1.86,15.5
2016-08-16,14.4,7.3,0.0,1.91,14.9
2016-08-17,13.7,6.6,0.0,1.88,16.0
2016-08-18,12.6,7.1,0.0,1.66,13.7
2016-08-19,13.0,7.4,0.0,1.86,16.3
2016-08-20,13.0,8.0,0.0,1.64,15.9
2016-08-21,13.7,8.2,0.0,1.9,18.7
2016-08-22,14.4,8.7,3.9,1.85,18.7
2016-08-23,13.9,8.8,0.2,1.78,19.5
2016-08-24,12.9,7.9,16.1,0.81,31.5
2016-08-25,15.9,11.8,33.4,0.55,42.8
2016-08-26,16.8,12.1,2.9,1.9,51.9
2016-08-27,13.1,11.2,0.3,2.56,44.3
2016-08-28,14.2,9.4,0.0,2.25,22.3
2016-08-29,11.9,8.6,4.7,1.15,35.7
2016-08-30,14.6,10.6,0.6,2.07,26.6
2016-08-31,14.9,9.1,0.0,2.19,18.1
2016-09-01,13.5,7.4,0.0,1.72,16.4
2016-09-02,15.4,10.5,0.2,2.01,28.4
2016-09-03,15.1,12.2,1.4,1.26,30.2
2016-09-04,17.8,12.4,8.4,1.84,29.1
2016-09-05,14.4,12.1,0.2,2.18,41.8
2016-09-06,14.2,10.5,0.0,2.51,33.0
2016-09-07,13.9,9.7,0.7,2.41,45.4
2016-09-08,10.0,6.6,4.8,2.55,44.1
2016-09-09,10.6,6.5,0.0,2.87,38.2
2016-09-10,12.5,8.1,0.0,2.55,38.2
2016-09-11,13.8,6.4,0.0,2.78,12.8
2016-09-12,13.9,8.6,0.0,2.12,14.7
2016-09-13,14.8,8.1,0.6,2.47,17.5
2016-09-14,15.3,9.6,0.4,2.34,18.4
2016-09-15,14.5,11.7,14.4,0.99,19.1
2016-09-16,17.6,13.2,0.1,1.8,19.4
2016-09-17,16.9,12.7,8.7,1.23,37.4
2016-09-18,15.0,12.2,4.9,1.8,39.6
2016-09-19,14.3,10.3,0.1,2.14,21.8
2016-09-20,14.2,9.7,6.2,1.81,25.4
2016-09-21,14.0,11.4,14.0,0.95,31.1
2016-09-22,15.6,10.2,0.7,1.81,20.8
2016-09-23,16.7,12.9,3.7,1.99,18.5
2016-09-24,15.3,12.9,7.7,0.98,30.8
2016-09-25,16.3,12.7,9.7,1.43,27.7
2016-09-26,15.7,12.5,4.2,2.12,15.9
2016-09-27,16.5,12.2,1.7,2.3,17.8
2016-09-28,15.2,11.6,14.7,1.4,11.2
2016-09-29,16.6,11.3,4.2,2.49,13.7
2016-09-30,16.7,11.0,1.7,2.53,18.1
2016-10-01,16.1,12.5,2.4,1.84,23.0
2016-10-02,17.4,12.7,10.8,2.29,29.0
2016-10-03,15.5,12.0,7.4,2.43,26.6
2016-10-04,16.0,11.3,3.6,2.49,24.2
2016-10-05,16.0,12.8,7.2,3.03,37.6
2016-10-06,14.5,10.9,12.0,2.31,42.9
2016-10-07,13.5,10.2,16.1,2.61,43.9
2016-10-08,15.5,11.5,0.0,3.34,33.1
2016-10-09,15.6,11.6,6.2,1.95,32.2
2016-10-10,13.3,10.7,5.8,1.57,22.7
2016-10-11,18.4,11.3,0.0,2.94,18.5
2016-10-12,16.4,11.9,0.2,1.95,32.2
2016-10-13,15.2,10.6,0.0,3.6,17.2
2016-10-14,15.1,11.3,5.9,2.41,31.3
2016-10-15,13.5,9.9,4.1,3.0,38.6
2016-10-16,14.9,11.5,0.1,3.14,34.2
2016-10-17,16.1,12.5,0.0,3.71,30.7
2016-10-18,15.9,12.1,0.0,3.27,22.8
2016-10-19,17.4,12.4,0.0,2.6,23.9
2016-10-20,17.7,13.1,1.7,2.49,22.3
2016-10-21,14.8,10.7,2.0,3.53,31.6
2016-10-22,14.6,10.3,0.9,3.51,36.2
2016-10-23,16.6,10.3,0.0,4.27,23.3
2016-10-24,17.6,11.3,0.0,3.03,23.5
2016-10-25,17.6,14.0,6.3,2.28,28.1
2016-10-26,16.1,13.6,0.8,2.96,40.0
2016-10-27,15.8,12.5,0.2,3.18,22.4
2016-10-28,16.4,12.3,0.9,3.36,27.7
2016-10-29,14.9,11.4,0.1,3.69,30.1
2016-10-30,13.9,10.7,0.1,4.07,29.5
2016-10-31,14.7,9.5,2.1,3.55,16.4
2016-11-01,15.8,10.7,0.6,3.59,21.9
2016-11-02,15.4,12.5,2.7,3.32,33.4
2016-11-03,15.8,11.6,0.0,4.0,29.0
2016-11-04,14.4,11.9,0.1,3.67,34.5
2016-11-05,16.4,12.1,1.0,3.42,27.0
2016-11-06,19.6,13.9,2.4,3.78,27.5
2016-11-07,15.6,12.3,44.1,2.37,41.4
2016-11-08,16.0,12.5,1.8,3.45,49.9
2016-11-09,17.7,13.5,0.0,3.85,29.3
2016-11-10,18.0,13.9,0.0,3.56,21.7
2016-11-11,19.2,14.0,4.2,3.09,29.7
2016-11-12,15.6,13.2,15.1,2.29,41.4
2016-11-13,15.3,12.3,0.0,3.87,33.3
2016-11-14,19.4,12.0,0.0,3.73,29.8
2016-11-15,19.3,15.6,7.6,1.6,35.8
2016-11-16,16.3,13.3,3.0,3.57,37.1
2016-11-17,14.5,11.2,13.5,2.98,40.3
2016-11-18,15.7,10.9,0.0,4.18,31.1
2016-11-19,17.1,13.7,1.0,2.89,40.8
2016-11-20,16.4,12.9,0.0,4.59,35.0
2016-11-21,16.7,12.6,0.0,4.58,28.3
2016-11-22,17.7,13.1,0.0,4.27,23.1
2016-11-23,17.9,12.7,0.0,4.13,18.3
2016-11-24,20.2,12.9,0.0,4.7,10.1
2016-11-25,18.7,15.4,11.3,1.53,31.4
2016-11-26,18.0,14.3,0.6,4.03,34.0
2016-11-27,17.2,13.6,1.2,3.74,45.4
2016-11-28,15.5,12.6,0.0,4.23,37.8
2016-11-29,16.6,13.1,0.0,3.68,26.4
2016-11-30,17.6,13.8,0.0,3.95,22.0
2016-12-01,18.9,13.0,0.0,4.07,18.9
2016-12-02,18.5,12.9,0.0,3.68,26.5
2016-12-03,19.0,12.5,0.0,4.45,22.2
2016-12-04,18.0,13.4,0.0,4.53,20.1
2016-12-05,20.9,14.4,0.3,4.57,18.4
2016-12-06,21.7,15.0,0.0,5.05,15.6
2016-12-07,21.3,15.9,0.6,3.94,20.9
2016-12-08,20.2,15.9,4.3,2.39,23.9
2016-12-09,22.5,16.3,0.2,4.62,19.7
2016-12-10,20.5,15.4,3.9,2.26,32.6
2016-12-11,16.6,14.0,0.8,4.63,42.5
2016-12-12,17.0,13.5,1.5,4.2,39.3
2016-12-13,16.8,13.1,0.0,4.68,33.9
2016-12-14,17.6,13.8,0.0,3.47,37.3
2016-12-15,19.6,15.0,0.9,3.54,35.0
2016-12-16,17.6,14.3,0.0,5.21,33.4
2016-12-17,19.3,13.2,0.0,5.22,22.1
2016-12-18,20.4,13.2,0.0,4.56,18.2
2016-12-19,19.7,14.3,1.1,3.13,30.4
2016-12-20,18.9,12.7,0.0,5.48,18.7
2016-12-21,22.2,13.0,0.0,5.02,21.9
2016-12-22,21.5,15.7,0.9,4.54,14.6
2016-12-23,17.5,13.4,3.3,4.59,40.9
2016-12-24,17.4,13.1,1.2,4.36,37.0
2016-12-25,18.4,15.2,0.0,4.41,29.9
2016-12-26,19.9,14.5,0.0,4.88,24.7
2016-12-27,18.1,14.2,0.0,3.76,26.9
2016-12-28,19.5,14.3,0.4,2.72,28.9
2016-12-29,16.2,13.4,0.8,3.04,30.6
2016-12-30,20.0,13.3,0.0,4.68,20.2
2016-12-31,20.7,13.2,0.0,4.58,9.7
2017-01-01,20.8,16.8,1.3,3.46,20.2
2017-01-02,21.1,16.8,1.4,2.18,28.4
2017-01-03,22.4,17.9,2.4,2.83,34.2
2017-01-04,18.0,14.4,0.6,3.89,31.6
2017-01-05,17.9,11.9,0.0,5.82,25.8
2017-01-06,18.2,11.2,0.0,4.51,18.6
2017-01-07,18.8,14.2,0.3,5.02,24.1
2017-01-08,18.2,14.1,1.0,4.42,26.6
2017-01-09,19.9,15.8,0.0,4.89,26.5
2017-01-10,20.6,16.1,0.7,2.93,27.1
2017-01-11,21.5,16.9,0.4,3.7,18.5
2017-01-12,21.4,16.1,0.1,4.55,23.4
2017-01-13,20.5,15.7,3.6,3.94,32.7
2017-01-14,21.6,15.7,0.7,5.27,15.3
2017-01-15,23.4,16.6,2.1,2.1,33.8
2017-01-16,19.5,15.5,0.0,4.96,26.9
2017-01-17,20.0,15.1,0.0,5.34,24.8
2017-01-18,21.2,16.0,0.0,4.48,21.7
2017-01-19,19.3,16.0,4.0,3.66,45.2
2017-01-20,18.2,14.4,0.5,5.49,31.2
2017-01-21,20.9,11.6,6.7,3.75,34.2
2017-01-22,19.6,16.6,12.3,4.16,38.8
2017-01-23,18.0,15.9,0.3,4.34,34.3
2017-01-24,19.6,14.4,0.0,4.77,18.4
2017-01-25,20.0,14.7,1.8,2.6,30.6
2017-01-26,19.0,14.8,0.0,5.13,24.7
2017-01-27,19.1,14.9,0.0,4.53,21.1
2017-01-28,20.4,14.2,0.0,4.92,18.1
2017-01-29,22.5,13.2,0.0,4.63,17.1
2017-01-30,21.5,14.5,0.0,4.54,16.3
2017-01-31,22.2,15.2,0.0,4.65,14.5
2017-02-01,21.4,16.2,0.0,3.48,21.0
2017-02-02,22.4,17.8,0.7,3.5,27.1
2017-02-03,22.5,16.0,2.2,4.38,32.0
2017-02-04,20.4,15.1,0.0,4.8,19.3
2017-02-05,21.9,16.0,0.0,4.8,17.7
2017-02-06,23.5,13.9,0.0,5.14,14.8
2017-02-07,23.6,17.5,0.0,4.01,19.9
2017-02-08,20.8,15.5,9.3,2.48,21.7
2017-02-09,20.7,14.8,4.4,3.48,23.1
2017-02-10,20.5,13.9,5.3,3.85,16.5
2017-02-11,19.8,14.9,0.0,4.44,19.7
2017-02-12,22.4,15.2,1.6,2.99,28.6
2017-02-13,24.0,19.6,3.0,2.84,39.8
2017-02-14,19.8,17.5,5.4,1.27,13.9
2017-02-15,20.1,15.9,0.1,3.02,17.7
2017-02-16,19.0,13.9,37.4,0.67,17.2
2017-02-17,21.8,17.4,10.8,2.4,17.6
2017-02-18,23.1,16.8,5.2,3.28,12.9
2017-02-19,23.5,18.9,1.9,3.52,18.3
2017-02-20,23.0,18.0,0.1,4.04,26.8
2017-02-21,22.2,16.3,0.0,3.88,18.0
2017-02-22,21.4,14.4,0.3,3.65,15.9
2017-02-23,23.0,17.0,2.3,3.85,13.5
2017-02-24,21.8,16.5,0.7,3.36,10.7
2017-02-25,22.0,15.9,1.0,3.81,13.5
2017-02-26,21.8,16.4,0.5,3.74,15.7
2017-02-27,23.1,15.4,2.1,3.85,16.1
2017-02-28,23.5,17.5,0.6,3.5,15.2
2017-03-01,22.6,16.5,0.4,3.45,11.6
2017-03-02,21.4,16.4,0.0,3.9,17.9
2017-03-03,20.5,15.0,0.0,4.3,17.1
2017-03-04,21.5,17.8,1.0,3.63,24.6
2017-03-05,20.5,16.8,0.1,3.54,19.0
2017-03-06,21.4,15.5,0.0,3.74,16.8
2017-03-07,23.3,14.6,5.7,2.14,20.5
2017-03-08,21.6,15.4,30.8,1.72,35.3
2017-03-09,20.9,17.1,2.9,2.43,40.4
2017-03-10,21.4,19.0,14.8,1.48,34.6
2017-03-11,22.7,19.1,44.8,1.87,24.4
2017-03-12,22.2,18.6,22.8,1.52,28.1
2017-03-13,20.1,17.0,0.3,3.43,24.1
2017-03-14,18.6,15.9,0.9,3.13,22.3
2017-03-15,19.8,13.4,0.0,3.83,22.1
2017-03-16,20.8,12.4,0.0,3.71,12.7
2017-03-17,20.9,13.5,1.4,2.81,16.1
2017-03-18,20.3,15.8,0.1,2.87,20.3
2017-03-19,21.9,14.6,0.0,3.64,14.5
2017-03-20,20.1,13.2,1.0,2.8,24.2
2017-03-21,19.7,16.2,0.6,2.78,26.5
2017-03-22,20.6,17.8,0.0,2.85,20.3
2017-03-23,21.0,15.1,0.9,2.64,18.3
2017-03-24,21.7,14.5,0.0,2.62,16.1
2017-03-25,22.0,16.5,0.5,2.22,18.4
2017-03-26,21.2,17.3,6.7,1.98,30.4
2017-03-27,21.9,16.6,2.4,2.54,20.9
2017-03-28,22.8,15.1,3.3,2.76,13.5
2017-03-29,19.2,16.9,51.8,0.93,21.1
2017-03-30,20.5,16.5,0.9,2.46,16.1
2017-03-31,20.8,14.9,0.1,2.74,10.8
2017-04-01,22.4,14.4,0.0,2.67,9.3
2017-04-02,23.1,16.8,4.4,2.21,13.0
2017-04-03,23.4,18.6,15.5,2.61,11.8
2017-04-04,22.0,18.9,41.3,1.24,24.7
2017-04-05,22.0,17.9,26.8,1.24,29.5
2017-04-06,18.0,15.6,0.1,3.14,30.6
2017-04-07,18.5,14.9,0.8,2.68,25.6
2017-04-08,19.1,12.6,0.0,2.62,16.6
2017-04-09,19.4,14.9,0.1,2.26,19.8
2017-04-10,20.8,15.1,0.0,2.45,23.9
2017-04-11,21.5,17.3,0.3,2.16,27.6
2017-04-12,20.5,17.7,25.7,0.78,26.0
2017-04-13,19.5,16.5,53.0,0.76,30.5
2017-04-14,19.9,15.5,2.9,2.36,23.2
2017-04-15,18.5,14.8,3.6,1.93,22.7
2017-04-16,18.6,14.2,2.7,1.97,18.9
2017-04-17,18.0,14.6,2.6,2.55,21.0
2017-04-18,18.4,12.8,0.3,2.48,15.3
2017-04-19,17.6,11.9,0.0,2.2,18.7
2017-04-20,17.1,12.4,0.4,2.17,22.5
2017-04-21,16.3,12.6,0.0,1.39,14.0
2017-04-22,18.6,13.6,1.1,1.67,10.0
2017-04-23,18.3,13.2,0.2,1.77,18.5
2017-04-24,17.4,13.9,0.1,2.04,21.2
2017-04-25,18.6,11.4,0.0,2.24,10.6
2017-04-26,19.0,11.3,0.0,2.05,8.9
2017-04-27,19.5,11.8,0.6,1.94,11.8
2017-04-28,21.4,13.1,0.1,2.18,18.8
2017-04-29,18.8,15.8,8.8,0.74,17.5
2017-04-30,17.2,14.1,2.7,1.86,31.8
2017-05-01,14.6,10.7,0.2,2.62,32.1
2017-05-02,14.2,7.8,0.0,2.09,10.7
2017-05-03,15.9,5.7,0.6,1.59,21.6
2017-05-04,15.6,13.4,11.4,2.63,29.8
2017-05-05,16.7,10.7,0.0,2.5,28.4
2017-05-06,16.8,10.1,0.0,1.72,11.2
2017-05-07,16.8,9.6,0.4,1.4,11.3
2017-05-08,17.2,10.9,0.0,1.62,13.0
2017-05-09,18.8,11.1,0.8,1.78,13.0
2017-05-10,18.4,13.4,4.4,1.42,19.6
2017-05-11,18.1,16.1,8.4,0.86,26.5
2017-05-12,17.5,14.2,41.5,0.89,34.2
2017-05-13,13.7,9.4,0.0,2.18,25.6
2017-05-14,14.8,9.4,0.1,1.55,20.3
2017-05-15,15.6,9.3,0.0,1.42,12.5
2017-05-16,15.9,10.2,3.7,1.3,23.5
2017-05-17,19.0,14.4,18.4,1.37,31.8
2017-05-18,16.6,14.1,9.5,1.69,41.4
2017-05-19,15.4,13.4,0.0,3.12,34.7
2017-05-20,14.8,11.3,3.7,2.85,45.5
2017-05-21,12.9,7.1,0.0,2.58,30.6
2017-05-22,12.5,4.2,0.0,1.53,9.1
2017-05-23,13.7,3.8,0.0,1.35,15.2
2017-05-24,16.4,10.9,9.2,1.24,20.0
2017-05-25,15.6,8.8,0.0,1.36,13.6
2017-05-26,17.2,11.4,1.6,1.35,25.3
2017-05-27,17.2,13.7,3.1,1.18,19.3
2017-05-28,16.4,11.4,0.9,1.14,12.6
2017-05-29,16.5,10.8,1.4,1.33,10.2
2017-05-30,15.9,9.9,2.2,1.05,14.9
2017-05-31,15.5,9.6,1.4,1.12,15.5
2017-06-01,15.6,9.6,1.5,1.02,13.3
2017-06-02,13.9,12.1,10.6,0.62,25.7
2017-06-03,13.7,10.3,8.7,0.94,23.9
2017-06-04,14.1,7.7,0.0,1.3,14.0
2017-06-05,13.9,6.3,5.8,0.94,10.0
2017-06-06,14.3,6.4,0.2,1.2,14.7
2017-06-07,14.0,9.4,0.9,1.28,19.2
2017-06-08,12.7,9.5,0.0,1.69,16.3
2017-06-09,13.1,7.2,0.0,1.3,11.3
2017-06-10,15.1,12.1,0.1,1.81,27.7
2017-06-11,13.9,9.5,0.0,1.56,19.2
2017-06-12,14.7,12.1,0.3,1.29,16.1
2017-06-13,15.2,12.4,4.2,1.61,31.8
2017-06-14,14.6,12.6,0.1,2.8,41.4
2017-06-15,13.9,11.0,0.0,2.09,23.1
2017-06-16,15.1,11.9,0.7,1.54,24.2
2017-06-17,14.4,7.8,0.0,1.18,7.4
2017-06-18,15.2,8.9,0.8,1.11,17.6
2017-06-19,14.6,11.2,0.0,0.7,15.3
2017-06-20,15.8,10.6,0.0,1.44,27.2
2017-06-21,15.1,12.7,0.1,1.83,35.8
2017-06-22,15.8,13.1,17.0,0.5,33.2
2017-06-23,15.1,12.0,11.6,0.37,17.6
2017-06-24,13.4,11.8,3.8,1.01,32.2
2017-06-25,14.9,11.5,2.2,1.52,22.3
2017-06-26,12.9,10.1,0.4,1.78,20.1
2017-06-27,12.4,6.8,0.0,1.18,9.7
2017-06-28,13.3,6.7,0.1,1.12,10.8
2017-06-29,13.8,6.2,0.4,1.16,7.9
2017-06-30,14.6,5.6,0.1,1.25,19.0
2017-07-01,14.9,12.4,19.8,0.85,36.7
2017-07-02,14.0,9.8,4.4,0.84,14.5
2017-07-03,13.4,10.7,6.6,0.87,21.1
2017-07-04,14.2,11.2,0.4,1.31,23.1
2017-07-05,13.2,9.5,4.3,0.88,15.5
2017-07-06,14.9,9.6,12.3,0.72,17.6
2017-07-07,14.2,9.2,3.8,0.93,17.5
2017-07-08,14.4,7.6,4.6,1.11,12.9
2017-07-09,13.2,9.5,22.2,0.92,27.7
2017-07-10,13.6,10.6,3.2,1.7,25.1
2017-07-11,12.8,9.8,5.2,1.34,16.9
2017-07-12,10.4,6.3,14.9,1.09,25.5
2017-07-13,8.1,5.6,8.1,0.79,43.8
2017-07-14,10.5,6.8,2.7,1.14,37.9
2017-07-15,12.6,6.3,0.0,1.58,21.1
2017-07-16,13.6,7.9,0.1,1.4,14.1
2017-07-17,14.1,8.1,0.0,1.46,17.9
2017-07-18,13.9,9.6,1.1,0.86,16.9
2017-07-19,14.3,9.4,0.7,0.94,17.4
2017-07-20,16.8,9.6,9.5,0.84,33.4
2017-07-21,12.6,10.8,26.0,1.12,39.2
2017-07-22,13.4,11.0,15.7,0.9,37.7
2017-07-23,14.0,10.1,2.0,0.92,19.7
2017-07-24,13.3,10.8,0.4,1.54,23.7
2017-07-25,13.1,9.9,9.6,1.35,22.6
2017-07-26,13.7,10.8,0.1,2.11,23.0
2017-07-27,13.6,9.4,6.7,0.97,23.1
2017-07-28,13.3,8.1,5.4,1.21,20.1
2017-07-29,9.8,5.2,0.0,1.78,20.8
2017-07-30,11.1,3.0,0.0,1.51,10.5
2017-07-31,11.1,3.7,0.0,1.39,8.9
2017-08-01,14.1,6.4,0.7,1.16,19.5
2017-08-02,13.6,9.4,8.3,0.78,22.7
2017-08-03,12.9,8.3,2.9,1.4,29.8
2017-08-04,12.1,6.2,0.0,1.81,16.9
2017-08-05,13.2,6.9,0.0,1.65,16.1
2017-08-06,14.2,10.4,2.7,1.2,21.3
2017-08-07,16.6,11.9,0.4,1.68,23.7
2017-08-08,17.0,11.6,8.1,1.12,25.4
2017-08-09,15.0,12.0,19.7,0.44,33.2
2017-08-10,14.6,10.6,1.3,1.65,22.4
2017-08-11,13.9,9.8,1.8,1.83,32.1
2017-08-12,15.4,12.6,3.8,1.21,32.7
2017-08-13,16.2,11.8,8.3,1.52,25.0
2017-08-14,13.6,9.4,5.7,1.63,30.4
2017-08-15,13.3,9.4,1.9,2.13,26.8
2017-08-16,14.6,10.1,0.9,1.91,25.6
2017-08-17,15.6,9.2,1.9,1.14,24.7
2017-08-18,16.5,9.7,2.5,1.56,14.3
2017-08-19,13.2,9.8,12.4,1.12,24.8
2017-08-20,13.6,10.2,3.4,1.95,30.7
2017-08-21,13.4,10.1,0.2,2.02,16.6
2017-08-22,13.6,6.1,0.8,1.9,14.0
2017-08-23,14.1,5.1,0.0,1.97,9.5
2017-08-24,14.5,5.6,0.5,2.02,12.5
2017-08-25,14.9,9.2,0.0,2.1,18.2
2017-08-26,15.1,9.9,1.5,1.79,22.5
2017-08-27,14.4,11.8,5.8,1.57,38.8
2017-08-28,16.0,11.9,32.8,1.01,39.6
2017-08-29,15.4,9.2,0.9,1.96,13.8
2017-08-30,15.4,9.6,14.4,1.19,15.9
2017-08-31,14.9,9.1,1.6,1.75,11.2
2017-09-01,15.2,9.1,6.7,1.86,11.9
2017-09-02,14.1,10.3,15.7,1.41,21.3
2017-09-03,13.3,9.7,0.5,1.95,23.3
2017-09-04,14.0,10.1,0.4,2.19,18.6
2017-09-05,15.4,10.6,2.7,2.35,22.7
2017-09-06,15.2,12.1,10.9,1.15,30.8
2017-09-07,14.6,11.1,6.6,2.39,38.7
2017-09-08,14.4,11.0,1.8,2.95,30.8
2017-09-09,11.8,8.2,13.3,1.74,38.3
2017-09-10,10.9,7.7,19.1,2.03,43.6
2017-09-11,11.4,8.5,13.7,2.38,31.9
2017-09-12,12.9,9.9,1.7,2.83,33.7
2017-09-13,14.4,10.6,1.5,2.3,27.4
2017-09-14,16.5,13.1,4.8,1.5,35.3
2017-09-15,19.5,10.1,4.6,2.8,28.8
2017-09-16,14.6,11.6,2.3,2.55,33.4
2017-09-17,15.6,10.8,8.1,2.45,34.5
2017-09-18,12.2,9.1,18.0,2.21,34.5
2017-09-19,13.4,8.6,2.1,2.68,33.0
2017-09-20,15.4,9.4,0.0,2.68,14.5
2017-09-21,14.6,9.4,1.8,2.25,18.9
2017-09-22,13.4,8.6,3.7,2.03,26.8
2017-09-23,15.1,11.2,0.2,2.71,23.7
2017-09-24,15.6,11.9,1.4,2.3,18.9
2017-09-25,16.6,12.1,0.6,2.3,31.8
2017-09-26,17.5,12.6,25.7,1.57,44.1
2017-09-27,15.9,11.2,9.0,2.19,15.1
2017-09-28,15.4,11.1,4.7,2.39,24.3
2017-09-29,15.2,10.1,1.6,2.1,16.2
2017-09-30,15.4,10.8,1.6,2.51,24.5
2017-10-01,12.6,10.1,35.4,1.92,44.4
2017-10-02,14.9,10.1,9.7,2.59,46.1
2017-10-03,15.2,12.4,1.3,2.55,24.7
2017-10-04,15.1,12.1,0.0,2.88,21.7
2017-10-05,15.7,12.2,0.9,2.41,26.2
2017-10-06,17.1,10.4,0.5,2.55,14.3
2017-10-07,16.9,11.1,7.7,1.76,28.1
2017-10-08,18.3,11.8,16.7,2.51,27.7
2017-10-09,17.5,11.3,10.9,2.65,13.2
2017-10-10,16.7,10.9,1.9,2.3,24.7
2017-10-11,14.9,12.6,2.9,3.1,35.4
2017-10-12,14.9,11.1,0.0,3.35,25.1
2017-10-13,15.7,11.6,0.5,2.47,27.0
2017-10-14,17.4,11.6,0.6,2.78,24.8
2017-10-15,14.9,11.8,0.2,3.69,29.5
2017-10-16,15.1,12.2,0.2,3.27,29.4
2017-10-17,14.4,12.1,0.1,3.08,29.6
2017-10-18,14.9,11.5,0.8,2.81,28.3
2017-10-19,14.2,8.0,0.0,3.75,19.9
2017-10-20,15.6,12.6,0.4,2.42,21.3
2017-10-21,14.6,12.4,0.3,2.56,29.5
2017-10-22,15.6,12.5,3.1,1.6,34.2
2017-10-23,17.0,12.1,20.2,1.12,25.9
2017-10-24,15.9,11.9,2.6,3.12,26.3
2017-10-25,15.4,12.6,0.6,3.31,25.0
2017-10-26,16.5,13.4,2.7,2.13,27.0
2017-10-27,17.7,12.1,4.4,1.82,25.6
2017-10-28,17.1,13.5,11.8,1.68,11.8
2017-10-29,19.0,13.9,0.7,3.26,20.4
2017-10-30,18.0,13.9,0.0,2.9,24.2
2017-10-31,18.6,13.4,2.2,3.51,24.8
2017-11-01,17.8,13.8,0.7,3.48,31.5
2017-11-02,18.0,13.9,0.7,3.15,31.1
2017-11-03,20.5,14.6,15.8,2.45,28.3
2017-11-04,18.2,14.1,17.0,1.2,20.0
2017-11-05,18.8,13.5,1.9,3.49,14.3
2017-11-06,15.8,11.5,0.0,4.09,23.1
2017-11-07,17.7,10.4,0.0,4.22,29.3
2017-11-08,17.1,12.9,5.4,3.1,32.8
2017-11-09,16.1,11.8,0.3,4.31,18.1
2017-11-10,16.2,11.9,0.1,2.92,20.9
2017-11-11,16.5,11.9,0.6,3.71,22.1
2017-11-12,15.6,11.7,0.0,4.03,25.9
2017-11-13,17.5,11.1,1.9,3.39,12.9
2017-11-14,18.1,9.6,4.7,3.95,10.4
2017-11-15,17.3,11.1,2.2,3.56,16.3
2017-11-16,17.9,12.1,0.3,3.86,19.3
2017-11-17,18.9,11.9,0.4,4.17,22.6
2017-11-18,19.9,11.1,8.0,3.29,28.3
2017-11-19,18.0,11.6,1.1,3.59,28.6
2017-11-20,21.5,14.4,1.5,4.32,16.6
2017-11-21,20.2,13.3,0.5,4.47,15.0
2017-11-22,18.8,12.8,7.8,3.42,17.6
2017-11-23,20.8,11.5,0.2,4.32,14.2
2017-11-24,21.5,13.8,0.0,4.23,16.5
2017-11-25,21.0,15.6,1.5,2.95,10.8
2017-11-26,20.0,14.8,0.4,2.94,16.4
2017-11-27,21.3,14.4,0.8,4.31,15.8
2017-11-28,20.4,13.6,0.0,3.45,14.8
2017-11-29,20.4,14.4,1.5,3.01,12.1
2017-11-30,20.9,15.4,10.9,4.1,8.4
2017-12-01,20.5,15.4,0.4,3.83,14.8
2017-12-02,21.2,14.2,0.2,4.78,15.5
2017-12-03,22.8,12.6,0.8,5.06,11.2
2017-12-04,22.8,15.0,0.0,5.35,15.2
2017-12-05,23.5,14.0,3.3,4.43,10.5
2017-12-06,24.6,15.6,0.0,5.47,13.8
2017-12-07,23.2,15.9,0.0,5.32,19.5
2017-12-08,23.3,15.7,0.6,4.68,19.6
2017-12-09,23.0,15.9,2.6,4.56,16.1
2017-12-10,23.4,15.4,0.2,4.07,14.8
2017-12-11,22.9,17.2,0.1,4.91,15.8
2017-12-12,22.0,17.4,0.8,5.48,20.3
2017-12-13,21.6,16.9,0.2,5.21,24.0
2017-12-14,22.0,15.0,2.2,5.27,20.6
2017-12-15,21.9,15.7,1.3,4.6,16.1
2017-12-16,22.5,17.4,0.3,4.8,20.5
2017-12-17,24.0,17.4,1.6,5.1,14.8
2017-12-18,22.5,17.2,2.3,4.13,18.7
2017-12-19,20.8,17.1,0.2,5.52,24.7
2017-12-20,19.6,16.8,4.3,4.84,36.1
2017-12-21,20.9,16.1,0.0,5.65,21.5
2017-12-22,23.0,17.5,0.1,4.06,15.6
2017-12-23,22.4,17.8,1.1,4.43,24.5
2017-12-24,22.9,16.9,0.1,4.81,20.1
2017-12-25,23.1,16.2,1.5,4.66,16.3
2017-12-26,21.5,16.6,2.7,3.88,25.1
2017-12-27,20.0,15.7,2.3,5.88,26.2
2017-12-28,18.2,13.7,0.0,6.2,30.0
2017-12-29,20.8,14.8,0.0,5.55,30.4
2017-12-30,21.9,16.0,0.2,5.23,18.6
2017-12-31,21.5,15.3,0.0,4.28,18.0
2018-01-01,21.9,17.5,19.2,2.78,18.6
2018-01-02,23.5,17.4,34.9,3.87,11.7
2018-01-03,24.4,17.4,6.8,3.98,20.6
2018-01-04,21.0,18.9,31.0,0.75,45.2
2018-01-05,20.9,18.4,16.6,2.06,52.0
2018-01-06,21.0,17.8,3.0,4.21,35.6
2018-01-07,20.0,17.1,0.0,5.15,22.3
2018-01-08,20.9,16.8,0.0,4.86,19.9
2018-01-09,21.9,16.1,0.0,4.93,16.5
2018-01-10,22.0,17.5,0.0,4.39,18.2
2018-01-11,22.4,17.2,0.1,4.21,13.0
2018-01-12,25.2,17.5,2.8,5.08,11.8
2018-01-13,24.6,18.9,0.8,4.75,17.9
2018-01-14,24.2,18.4,0.0,4.58,19.4
2018-01-15,23.9,19.0,0.4,4.7,26.2
2018-01-16,22.9,18.9,1.2,4.63,38.2
2018-01-17,23.4,19.1,2.2,4.57,43.1
2018-01-18,21.2,19.3,10.4,1.74,31.3
2018-01-19,24.8,19.3,7.7,3.35,25.9
2018-01-20,24.7,19.0,1.9,4.28,15.0
2018-01-21,24.7,19.2,3.4,3.6,15.9
2018-01-22,24.5,18.8,9.3,2.62,16.4
2018-01-23,23.8,18.7,26.6,3.78,10.8
2018-01-24,24.0,18.8,0.0,4.73,15.8
2018-01-25,23.8,19.0,0.4,4.02,15.5
2018-01-26,25.3,19.8,2.0,3.97,9.8
2018-01-27,25.4,18.9,3.0,4.54,11.3
2018-01-28,26.0,20.0,0.9,4.92,16.2
2018-01-29,25.5,19.6,0.0,4.69,23.4
2018-01-30,24.8,19.0,0.2,4.64,23.1
2018-01-31,24.0,19.5,0.9,4.72,32.0
2018-02-01,23.6,20.1,17.0,1.91,39.3
2018-02-02,20.6,18.0,0.8,4.42,24.9
2018-02-03,20.8,16.2,20.2,2.37,36.6
2018-02-04,19.8,15.9,18.9,2.32,20.6
2018-02-05,21.8,15.5,8.5,3.81,13.6
2018-02-06,20.9,17.6,0.1,4.43,21.6
2018-02-07,22.2,17.1,1.2,4.15,24.6
2018-02-08,20.1,15.1,4.9,3.33,27.0
2018-02-09,21.1,14.9,24.7,1.32,24.7
2018-02-10,22.6,19.1,11.7,1.1,28.0
2018-02-11,22.8,19.1,21.7,0.88,30.0
2018-02-12,27.1,19.1,1.3,3.89,16.4
2018-02-13,24.3,20.0,21.8,1.66,17.4
2018-02-14,24.0,18.9,17.2,2.62,14.4
2018-02-15,23.4,16.9,0.0,4.69,12.4
2018-02-16,26.3,15.8,0.0,5.02,10.6
2018-02-17,26.1,18.6,1.6,3.72,12.6
2018-02-18,25.4,18.9,1.2,3.51,7.1
2018-02-19,25.5,20.5,3.2,3.06,15.0
2018-02-20,26.3,20.1,4.2,3.65,40.4
2018-02-21,21.3,18.4,1.2,4.22,23.7
2018-02-22,20.0,16.6,2.0,3.91,26.5
2018-02-23,20.5,15.6,0.0,4.13,20.8
2018-02-24,21.5,16.5,0.0,4.19,17.4
2018-02-25,21.6,15.1,0.0,3.95,13.5
2018-02-26,21.7,17.1,0.3,3.83,21.6
2018-02-27,22.5,18.4,4.5,2.24,24.2
2018-02-28,21.0,18.5,4.1,2.47,32.1
2018-03-01,21.9,18.6,0.9,2.72,28.1
2018-03-02,21.8,19.1,4.6,2.09,24.7
2018-03-03,23.5,18.4,0.9,3.89,29.5
2018-03-04,23.1,19.0,0.5,3.06,24.8
2018-03-05,24.9,17.6,0.0,4.0,13.9
2018-03-06,24.5,17.9,1.8,3.45,7.6
2018-03-07,21.5,16.6,5.2,2.58,18.3
2018-03-08,20.8,16.2,17.4,2.34,23.4
2018-03-09,23.0,16.5,2.8,3.69,16.6
2018-03-10,21.9,14.2,0.1,4.1,15.5
2018-03-11,20.4,15.7,0.3,3.18,19.5
2018-03-12,17.8,15.0,15.9,1.35,28.1
2018-03-13,20.2,17.2,0.9,3.48,35.4
2018-03-14,19.8,16.1,0.4,3.89,26.5
2018-03-15,20.0,13.4,0.0,2.6,12.2
2018-03-16,20.8,16.0,0.0,3.07,13.4
2018-03-17,21.2,16.4,0.8,2.77,25.3
2018-03-18,20.8,15.2,0.1,3.47,24.5
2018-03-19,21.3,16.0,0.1,3.19,27.8
2018-03-20,21.5,16.6,0.1,2.7,23.6
2018-03-21,21.8,15.9,1.1,3.05,15.9
2018-03-22,21.9,15.1,1.0,3.22,12.2
2018-03-23,19.2,15.9,11.9,2.23,22.0
2018-03-24,19.5,15.1,26.7,1.99,19.2
2018-03-25,21.0,13.5,1.4,3.17,12.8
2018-03-26,22.8,14.9,4.4,2.87,11.7
2018-03-27,23.2,16.2,0.7,3.25,16.2
2018-03-28,22.3,15.0,0.5,2.47,11.4
2018-03-29,21.8,16.5,0.1,2.7,12.5
2018-03-30,21.1,16.5,0.0,2.65,15.4
2018-03-31,20.4,16.8,1.6,3.02,21.7
2018-04-01,19.7,13.8,0.2,3.12,21.6
2018-04-02,19.5,14.1,0.0,3.12,13.3
2018-04-03,21.5,12.1,0.0,2.95,14.3
2018-04-04,21.0,16.6,0.5,2.39,19.6
2018-04-05,20.4,15.8,0.0,2.96,24.0
2018-04-06,20.3,14.2,0.8,2.29,13.9
2018-04-07,20.7,16.3,0.2,2.85,23.8
2018-04-08,18.9,13.0,0.8,2.77,25.2
2018-04-09,20.0,15.3,1.6,2.55,21.9
2018-04-10,18.9,11.9,19.3,2.12,52.2
2018-04-11,11.8,8.6,4.5,2.28,48.4
2018-04-12,16.5,11.3,9.7,3.15,49.7
2018-04-13,18.3,15.1,3.5,3.6,39.0
2018-04-14,19.5,17.0,24.2,0.84,34.6
2018-04-15,19.3,16.2,20.9,1.18,19.4
2018-04-16,20.9,16.4,15.1,1.62,32.9
2018-04-17,21.1,16.6,3.5,1.96,29.2
2018-04-18,17.3,13.8,2.5,2.78,35.0
2018-04-19,16.7,14.4,0.0,2.74,18.9
2018-04-20,17.5,14.2,0.7,2.56,23.0
2018-04-21,18.0,15.8,2.1,2.25,28.8
2018-04-22,17.2,12.6,0.5,2.28,24.5
2018-04-23,16.3,12.9,0.3,1.68,15.1
2018-04-24,16.4,13.4,0.7,1.94,16.9
2018-04-25,18.0,11.7,0.0,2.28,16.3
2018-04-26,18.0,12.2,0.0,1.87,10.9
2018-04-27,18.2,12.7,0.3,1.94,26.5
2018-04-28,17.4,14.6,27.0,0.78,41.1
2018-04-29,20.8,16.1,2.0,1.58,29.2
2018-04-30,18.6,14.6,2.7,0.93,20.9
2018-05-01,19.0,15.6,0.3,1.77,22.2
2018-05-02,18.8,12.1,0.0,2.23,18.5
2018-05-03,15.5,9.0,0.0,2.09,13.8
2018-05-04,17.0,8.3,0.0,1.84,9.5
2018-05-05,17.7,10.9,0.0,1.59,14.1
2018-05-06,17.5,14.1,2.5,1.66,19.2
2018-05-07,16.6,14.6,0.2,2.76,26.1
2018-05-08,17.4,14.3,0.0,2.35,20.4
2018-05-09,18.3,13.2,0.0,1.93,18.9
2018-05-10,18.1,11.8,1.5,1.23,14.3
2018-05-11,19.3,13.8,6.3,1.08,21.4
2018-05-12,18.5,13.6,6.2,0.66,19.8
2018-05-13,21.0,16.0,46.1,1.54,24.0
2018-05-14,19.9,13.6,0.8,1.4,12.1
2018-05-15,19.5,14.2,0.6,1.35,17.1
2018-05-16,17.6,14.1,2.6,1.17,29.7
2018-05-17,14.9,12.4,3.1,1.74,24.9
2018-05-18,16.5,13.3,0.0,2.47,19.2
2018-05-19,16.1,12.1,24.0,1.41,27.0
2018-05-20,16.6,12.6,2.4,1.63,24.6
2018-05-21,17.0,13.2,6.8,1.25,26.3
2018-05-22,16.4,13.1,4.0,1.22,31.5
2018-05-23,14.6,9.6,23.2,1.55,39.2
2018-05-24,15.8,12.0,4.5,2.8,31.5
2018-05-25,15.1,9.1,13.0,1.76,34.0
2018-05-26,13.9,7.0,1.0,2.23,30.9
2018-05-27,14.2,10.6,6.0,1.82,34.9
2018-05-28,10.6,8.4,0.8,1.23,22.9
2018-05-29,11.9,7.4,0.0,1.66,20.4
2018-05-30,11.9,5.0,0.0,1.34,17.9
2018-05-31,13.1,6.3,0.0,1.24,12.7
2018-06-01,14.1,4.8,0.0,1.4,18.6
2018-06-02,15.1,12.1,6.5,1.28,32.3
2018-06-03,15.6,11.9,15.5,0.77,34.5
2018-06-04,15.1,13.3,14.2,0.49,29.1
2018-06-05,15.1,12.6,1.7,1.39,32.7
2018-06-06,13.5,7.8,6.4,1.57,31.1
2018-06-07,12.5,6.3,0.0,2.0,30.4
2018-06-08,13.9,8.4,0.0,1.7,30.5
2018-06-09,15.2,7.1,0.6,1.14,9.2
2018-06-10,13.8,7.8,0.0,0.8,13.8
2018-06-11,11.6,9.1,7.3,0.6,23.3
2018-06-12,13.6,11.6,38.7,0.57,33.2
2018-06-13,14.9,12.8,1.4,1.37,28.8
2018-06-14,15.1,12.4,0.2,1.51,20.2
2018-06-15,15.9,11.0,0.4,1.1,17.4
2018-06-16,16.5,12.9,7.2,1.05,22.1
2018-06-17,15.7,10.2,0.1,1.5,23.9
2018-06-18,16.3,10.4,4.1,1.11,32.8
2018-06-19,16.1,10.9,7.7,1.34,24.5
2018-06-20,11.9,10.0,16.7,0.56,30.5
2018-06-21,11.8,8.2,7.5,0.92,31.2
2018-06-22,11.9,6.5,0.0,1.33,16.6
2018-06-23,13.5,7.2,0.9,1.16,15.1
2018-06-24,14.4,10.5,3.4,1.24,27.8
2018-06-25,12.2,8.2,20.0,0.93,32.2
2018-06-26,11.1,6.9,16.5,1.15,37.6
2018-06-27,12.4,5.8,0.0,1.6,19.5
2018-06-28,12.6,7.2,0.6,0.86,13.2
2018-06-29,11.0,5.7,0.0,1.14,11.0
2018-06-30,12.4,3.2,0.0,1.14,9.4
2018-07-01,13.0,7.0,14.9,0.81,29.0
2018-07-02,13.9,10.4,1.3,1.54,26.5
2018-07-03,11.8,7.6,0.6,1.28,19.1
2018-07-04,12.8,5.9,0.0,1.48,22.5
2018-07-05,13.1,8.4,0.4,1.2,15.8
2018-07-06,13.3,5.0,0.0,1.22,8.0
2018-07-07,14.0,7.2,0.0,1.02,26.7
2018-07-08,15.9,10.1,10.9,1.17,33.6
2018-07-09,14.9,11.2,11.7,1.58,42.1
2018-07-10,13.0,9.1,9.9,1.72,34.4
2018-07-11,13.0,11.2,1.3,1.64,17.9
2018-07-12,13.9,8.1,0.2,1.59,16.9
2018-07-13,13.0,6.1,0.7,0.93,14.0
2018-07-14,14.0,10.1,4.4,1.04,32.0
2018-07-15,13.8,11.3,43.9,0.38,44.5
2018-07-16,14.4,10.4,1.0,1.26,19.5
2018-07-17,14.3,11.1,0.7,1.4,17.5
2018-07-18,13.1,10.4,5.5,0.67,13.0
2018-07-19,14.1,9.1,14.8,0.86,18.8
2018-07-20,13.6,8.4,0.3,1.33,11.7
2018-07-21,14.4,7.2,0.1,1.26,21.4
2018-07-22,14.1,10.9,11.7,1.18,24.7
2018-07-23,12.6,7.8,0.2,1.4,15.5
2018-07-24,12.4,6.2,1.6,1.2,8.9
2018-07-25,12.9,6.3,1.6,1.27,24.6
2018-07-26,14.8,10.5,1.0,1.62,28.0
2018-07-27,13.6,8.9,2.0,1.31,22.3
2018-07-28,13.9,10.6,6.7,1.31,27.2
2018-07-29,14.4,11.1,3.7,1.44,29.1
2018-07-30,12.9,4.8,0.1,1.83,24.3
2018-07-31,14.8,7.8,0.0,1.39,17.8
2018-08-01,14.8,9.4,0.9,1.16,12.3
2018-08-02,14.0,7.1,0.5,1.28,14.6
2018-08-03,13.6,9.2,4.2,1.28,14.0
2018-08-04,13.4,6.8,0.0,1.65,11.6
2018-08-05,13.1,8.6,0.3,0.89,21.5
2018-08-06,14.3,6.6,1.8,1.25,13.9
2018-08-07,15.6,8.6,0.0,1.61,12.9
2018-08-08,14.6,10.1,7.9,0.83,22.3
2018-08-09,14.4,10.9,0.0,2.01,23.9
2018-08-10,14.6,9.5,0.0,1.85,13.5
2018-08-11,14.8,8.9,0.1,1.7,16.1
2018-08-12,14.6,7.8,0.0,1.84,10.3
2018-08-13,14.0,6.7,12.0,1.24,24.2
2018-08-14,13.2,10.4,7.3,1.96,40.3
2018-08-15,13.6,10.2,3.3,2.22,40.4
2018-08-16,14.8,11.8,0.8,1.79,23.0
2018-08-17,13.6,11.5,12.5,1.51,26.2
2018-08-18,13.1,7.4,2.1,1.91,24.5
2018-08-19,13.2,7.2,0.3,1.49,13.7
2018-08-20,16.8,8.9,8.6,1.19,26.6
2018-08-21,12.1,9.4,22.9,1.46,33.5
2018-08-22,12.6,9.4,14.5,1.48,33.3
2018-08-23,12.6,8.2,7.0,1.74,35.4
2018-08-24,12.6,8.6,2.5,2.31,25.6
2018-08-25,13.6,9.7,1.5,2.37,33.0
2018-08-26,13.6,8.9,0.3,1.81,21.4
2018-08-27,14.6,6.8,1.1,1.93,7.8
2018-08-28,15.2,7.8,2.0,1.89,27.3
2018-08-29,16.1,9.7,12.8,1.55,31.6
2018-08-30,14.1,8.8,0.0,1.87,16.7
2018-08-31,14.4,7.2,5.0,1.58,15.9
2018-09-01,14.6,8.0,0.8,1.9,17.9
2018-09-02,14.9,10.6,16.5,1.71,39.4
2018-09-03,12.9,7.2,8.1,1.69,25.1
2018-09-04,11.8,5.4,0.4,1.52,23.2
2018-09-05,13.3,8.0,1.4,1.95,19.7
2018-09-06,11.9,8.9,5.9,1.05,24.3
2018-09-07,13.1,9.2,0.0,2.22,35.0
2018-09-08,14.9,9.7,0.0,2.86,25.5
2018-09-09,12.5,9.8,0.0,2.68,28.0
2018-09-10,12.4,9.8,1.3,1.58,21.4
2018-09-11,15.6,7.8,3.9,2.09,17.7
2018-09-12,15.7,7.0,0.0,2.39,14.0
2018-09-13,13.8,9.2,0.0,2.4,20.1
2018-09-14,14.5,11.6,0.0,2.57,21.4
2018-09-15,17.8,10.5,0.0,2.61,13.7
2018-09-16,16.5,10.9,0.9,2.2,18.4
2018-09-17,18.0,11.9,2.4,2.26,18.5
2018-09-18,16.4,13.5,13.9,0.95,22.7
2018-09-19,16.8,13.4,1.7,1.46,25.8
2018-09-20,18.1,11.9,0.0,2.55,16.0
2018-09-21,14.9,11.6,2.2,1.76,15.1
2018-09-22,15.6,10.8,4.2,1.62,16.2
2018-09-23,14.4,8.2,0.2,2.78,24.1
2018-09-24,14.5,10.0,8.7,2.23,32.3
2018-09-25,11.6,9.0,3.0,3.2,42.4
2018-09-26,13.6,11.4,0.3,3.28,36.0
2018-09-27,13.9,9.8,0.7,2.85,19.7
2018-09-28,13.5,8.1,0.4,2.6,18.9
2018-09-29,14.2,8.5,0.2,2.79,17.0
2018-09-30,16.1,6.1,0.0,3.09,16.0
2018-10-01,16.8,10.1,0.6,2.09,23.2
2018-10-02,15.4,11.2,6.7,2.89,19.2
2018-10-03,16.5,9.0,0.3,2.78,10.1
2018-10-04,16.5,9.4,4.3,2.03,10.0
2018-10-05,16.7,9.1,0.0,3.15,14.4
2018-10-06,18.0,11.4,0.0,3.21,19.9
2018-10-07,17.5,10.8,0.0,2.69,18.5
2018-10-08,15.8,7.9,0.0,3.2,15.0
2018-10-09,14.8,8.9,0.0,3.1,16.1
2018-10-10,15.2,9.1,0.2,2.98,16.9
2018-10-11,18.5,8.6,34.4,2.1,23.8
2018-10-12,14.6,10.6,6.0,2.1,42.8
2018-10-13,12.2,7.2,0.0,3.52,28.8
2018-10-14,14.1,9.2,1.1,3.06,24.4
2018-10-15,16.9,7.6,0.0,3.75,15.9
2018-10-16,14.4,8.4,0.0,2.97,18.5
2018-10-17,13.9,10.9,0.3,3.15,28.7
2018-10-18,15.0,9.2,0.8,2.35,27.0
2018-10-19,18.2,8.9,0.0,3.75,20.1
2018-10-20,18.4,8.9,0.0,3.72,14.2
2018-10-21,18.0,9.6,1.4,3.12,15.1
2018-10-22,16.9,10.1,0.1,3.17,12.6
2018-10-23,18.0,10.2,0.0,3.57,15.3
2018-10-24,17.7,9.9,0.0,3.26,15.6
2018-10-25,17.5,10.8,1.6,3.02,21.4
2018-10-26,16.0,10.1,2.6,3.82,24.0
2018-10-27,20.8,9.0,15.5,3.43,23.8
2018-10-28,17.0,10.6,2.6,3.13,16.5
2018-10-29,15.7,11.2,13.0,2.79,30.1
2018-10-30,14.4,11.8,14.6,2.79,30.1
2018-10-31,16.8,12.1,0.7,4.11,21.4
2018-11-01,13.9,10.1,5.6,3.34,42.4
2018-11-02,15.4,11.1,0.0,4.28,24.8
2018-11-03,16.5,12.6,1.6,2.19,34.5
2018-11-04,16.0,13.4,4.8,3.65,39.0
2018-11-05,15.9,12.9,0.9,3.56,30.4
2018-11-06,17.5,10.6,0.0,3.98,14.8
2018-11-07,20.4,10.1,0.0,4.05,15.5
2018-11-08,21.0,15.0,0.0,3.13,21.4
2018-11-09,20.8,13.1,5.2,3.3,25.1
2018-11-10,15.6,11.9,1.2,4.22,22.9
2018-11-11,16.2,10.8,3.7,2.34,15.8
2018-11-12,16.9,13.2,1.2,2.93,18.1
2018-11-13,18.0,12.4,0.0,4.14,14.7
2018-11-14,19.9,12.7,1.4,3.69,22.4
2018-11-15,19.7,12.1,0.0,4.58,21.4
2018-11-16,19.7,10.0,0.3,4.08,13.0
2018-11-17,18.9,11.2,1.5,3.88,10.0
2018-11-18,18.9,13.6,0.6,3.44,15.9
2018-11-19,14.4,10.9,2.1,2.85,25.8
2018-11-20,14.1,9.6,9.6,3.29,19.6
2018-11-21,15.2,10.0,30.8,2.21,24.0
2018-11-22,16.4,9.8,2.5,3.89,16.0
2018-11-23,20.0,9.6,1.3,4.9,17.1
2018-11-24,20.1,15.1,18.9,2.19,21.9
2018-11-25,20.5,15.2,21.0,2.71,23.7
2018-11-26,19.2,14.1,1.8,3.81,17.3
2018-11-27,20.5,13.1,5.8,3.28,11.2
2018-11-28,19.4,14.8,0.0,3.43,21.9
2018-11-29,21.1,13.1,7.8,4.15,12.5
2018-11-30,19.5,15.6,7.0,2.97,34.0
2018-12-01,19.5,15.2,9.7,2.73,38.4
2018-12-02,20.5,15.7,1.2,3.72,21.1
2018-12-03,19.7,15.6,38.9,2.62,26.0
2018-12-04,19.2,15.7,1.4,3.24,26.2
2018-12-05,18.1,14.6,1.9,4.43,32.4
2018-12-06,16.4,12.1,7.7,3.85,30.5
2018-12-07,17.0,11.2,0.0,4.76,23.3
2018-12-08,17.8,13.9,0.0,4.47,23.1
2018-12-09,18.7,14.7,0.0,4.58,24.3
2018-12-10,18.9,14.8,0.0,3.69,28.5
2018-12-11,20.9,14.1,1.2,3.92,13.9
2018-12-12,20.7,15.6,0.4,4.03,13.8
2018-12-13,21.8,14.4,7.6,4.12,13.6
2018-12-14,21.9,14.6,11.4,4.23,15.9
2018-12-15,21.1,14.8,9.2,3.7,14.3
2018-12-16,22.5,14.4,9.4,4.56,8.6
2018-12-17,22.1,15.6,3.5,4.56,8.7
2018-12-18,21.8,15.9,0.0,5.03,17.8
2018-12-19,20.9,17.0,2.7,3.92,24.1
2018-12-20,19.7,15.6,7.6,4.03,23.8
2018-12-21,19.3,15.1,9.2,3.32,31.0
2018-12-22,21.3,15.6,3.4,4.82,16.1
2018-12-23,20.9,15.9,20.0,2.09,23.1
2018-12-24,20.8,17.9,29.7,1.21,27.7
2018-12-25,20.7,16.2,11.6,2.54,29.8
2018-12-26,19.8,15.9,0.4,4.23,32.6
2018-12-27,19.1,15.1,0.0,4.96,21.6
2018-12-28,20.2,15.1,0.0,5.37,16.6
2018-12-29,22.0,14.2,1.1,4.43,15.0
2018-12-30,20.9,13.9,0.0,4.62,14.2
2018-12-31,20.5,16.2,1.5,3.6,21.1
2019-01-01,21.4,17.0,0.6,3.89,20.7
2019-01-02,20.8,17.5,0.4,4.54,19.5
2019-01-03,21.7,17.1,2.2,3.69,26.0
2019-01-04,20.8,17.3,0.0,4.47,31.9
2019-01-05,22.8,16.5,0.0,5.05,16.1
2019-01-06,21.5,17.0,0.0,4.57,21.8
2019-01-07,22.5,17.7,0.0,4.79,19.7
2019-01-08,22.2,17.8,0.0,5.21,17.0
2019-01-09,24.6,16.3,0.0,5.22,12.2
2019-01-10,24.5,17.5,1.8,5.03,15.3
2019-01-11,23.9,18.6,0.3,4.81,17.3
2019-01-12,23.8,17.5,0.2,5.71,17.6
2019-01-13,22.5,18.1,12.1,3.59,13.3
2019-01-14,19.9,13.8,17.3,3.18,26.1
2019-01-15,19.3,13.9,3.3,3.37,24.8
2019-01-16,21.4,16.9,0.0,4.7,29.2
2019-01-17,21.3,18.3,0.0,4.82,26.8
2019-01-18,22.0,17.5,1.6,3.8,23.5
2019-01-19,22.1,16.9,0.0,4.64,19.3
2019-01-20,21.2,17.8,1.5,4.47,28.6
2019-01-21,21.4,17.6,0.4,5.1,31.6
2019-01-22,21.1,17.8,0.1,4.82,29.5
2019-01-23,21.7,17.8,0.3,4.56,24.0
2019-01-24,20.4,17.0,2.5,4.14,24.8
2019-01-25,21.5,16.2,0.4,4.73,16.3
2019-01-26,20.4,14.2,0.1,4.19,15.1
2019-01-27,21.3,16.6,0.2,3.64,23.7
2019-01-28,22.8,19.1,0.2,3.81,24.6
2019-01-29,27.0,18.4,0.0,5.25,21.9
2019-01-30,26.4,19.5,0.0,4.77,19.5
2019-01-31,25.2,18.4,0.0,4.79,15.8
2019-02-01,23.9,17.2,0.0,4.53,15.3
2019-02-02,22.5,17.5,1.4,4.49,18.5
2019-02-03,23.2,18.0,1.1,4.11,20.8
2019-02-04,25.2,16.9,0.0,5.31,15.4
2019-02-05,24.8,16.3,0.3,4.86,13.4
2019-02-06,24.6,17.0,1.0,5.1,25.3
2019-02-07,20.7,17.1,4.5,3.46,23.1
2019-02-08,22.0,15.4,2.3,4.56,18.9
2019-02-09,22.9,16.9,1.1,4.38,25.8
2019-02-10,24.6,16.0,0.0,4.91,16.2
2019-02-11,24.5,15.8,0.0,5.03,16.5
2019-02-12,23.9,18.4,0.6,4.29,19.3
2019-02-13,23.9,18.2,0.0,4.74,17.2
2019-02-14,25.5,15.4,0.0,5.07,10.3
2019-02-15,24.8,17.4,0.1,4.74,23.7
2019-02-16,22.2,17.5,0.0,4.92,28.7
2019-02-17,24.5,15.3,0.8,3.82,22.1
2019-02-18,22.4,16.0,0.5,3.7,17.4
2019-02-19,23.5,16.4,0.0,4.57,13.5
2019-02-20,25.1,15.9,0.7,3.27,11.6
2019-02-21,24.9,19.7,3.3,3.16,20.5
2019-02-22,22.5,17.8,9.9,2.03,17.6
2019-02-23,20.4,17.6,6.3,2.04,21.9
2019-02-24,20.0,14.4,2.8,4.14,27.1
2019-02-25,20.5,13.6,0.6,4.85,24.7
2019-02-26,21.2,12.5,0.0,4.89,18.2
2019-02-27,20.4,11.6,0.0,4.52,19.1
2019-02-28,19.6,16.2,0.0,4.64,29.9
2019-03-01,21.5,15.9,1.5,3.47,16.2
2019-03-02,22.5,13.5,0.0,4.66,16.0
2019-03-03,22.4,12.7,0.0,4.47,15.0
2019-03-04,21.4,16.1,0.0,3.6,18.0
2019-03-05,20.7,15.8,0.0,4.31,18.9
2019-03-06,23.2,13.9,0.0,4.09,8.2
2019-03-07,23.6,13.1,4.7,3.44,15.9
2019-03-08,21.9,14.6,12.1,1.41,23.0
2019-03-09,19.8,15.1,14.0,2.87,22.7
2019-03-10,20.8,15.1,0.0,3.59,16.8
2019-03-11,21.0,13.8,0.1,3.21,13.1
2019-03-12,22.4,14.6,0.0,3.55,15.5
2019-03-13,22.4,17.4,0.0,3.35,17.0
2019-03-14,24.0,16.6,0.0,3.79,11.8
2019-03-15,24.5,16.5,0.0,3.51,18.8
2019-03-16,24.1,15.9,1.1,3.01,8.6
2019-03-17,24.9,17.9,0.0,3.6,17.8
2019-03-18,23.3,17.9,6.9,2.61,11.8
2019-03-19,20.4,17.2,3.2,1.62,10.3
2019-03-20,21.4,15.6,2.1,2.28,10.4
2019-03-21,23.4,14.9,0.0,3.52,15.5
2019-03-22,22.8,16.8,1.7,3.07,10.0
2019-03-23,22.0,15.4,0.3,3.13,12.3
2019-03-24,21.9,15.1,2.5,2.8,9.9
2019-03-25,22.5,15.8,1.4,3.05,17.6
2019-03-26,23.5,15.2,0.0,3.87,17.2
2019-03-27,23.3,15.8,0.4,3.17,24.4
2019-03-28,21.7,16.9,8.6,2.12,17.6
2019-03-29,22.0,17.6,1.8,2.33,23.3
2019-03-30,22.0,17.6,1.0,2.79,25.6
2019-03-31,22.1,17.4,3.0,2.73,27.0
2019-04-01,21.5,17.0,10.0,1.34,24.0
2019-04-02,19.5,15.4,0.0,3.26,23.5
2019-04-03,17.8,13.6,1.9,1.7,19.0
2019-04-04,19.4,14.1,0.3,2.28,13.4
2019-04-05,19.0,13.6,0.0,2.77,11.8
2019-04-06,17.2,13.4,5.4,1.62,11.7
2019-04-07,16.1,11.9,0.2,2.6,20.9
2019-04-08,17.9,11.2,0.8,2.99,22.5
2019-04-09,19.4,14.6,0.1,2.93,18.6
2019-04-10,20.0,12.6,0.2,2.45,18.2
2019-04-11,18.3,13.1,26.0,1.52,31.2
2019-04-12,17.6,13.6,1.3,2.63,32.2
2019-04-13,15.4,11.0,0.0,3.17,23.0
2019-04-14,17.8,10.8,0.4,2.44,22.8
2019-04-15,18.9,9.7,0.0,2.56,12.8
2019-04-16,18.2,9.1,0.0,2.29,11.0
2019-04-17,18.0,10.6,0.0,2.5,11.3
2019-04-18,18.2,11.1,0.0,2.53,11.7
2019-04-19,18.8,10.1,0.0,2.37,9.0
2019-04-20,19.5,10.2,0.0,2.43,7.4
2019-04-21,19.5,11.0,0.5,2.3,15.1
2019-04-22,15.4,11.4,17.1,0.6,17.6
2019-04-23,17.4,9.6,8.3,1.83,11.6
2019-04-24,17.9,11.2,1.8,2.04,23.8
2019-04-25,18.8,15.2,0.4,2.08,19.9
2019-04-26,18.8,15.4,0.6,2.17,24.9
2019-04-27,19.6,15.1,0.0,1.76,15.5
2019-04-28,16.9,13.9,13.8,1.0,18.4
2019-04-29,16.6,13.2,5.8,1.69,28.5
2019-04-30,16.2,10.9,0.0,2.97,27.5
2019-05-01,15.3,8.9,0.0,2.18,14.1
2019-05-02,16.6,10.3,0.0,1.97,21.4
2019-05-03,18.2,12.4,0.0,2.01,16.9
2019-05-04,19.0,11.2,0.0,1.84,8.9
2019-05-05,19.0,9.4,0.2,1.76,10.0
2019-05-06,17.4,11.6,0.0,1.37,12.8
2019-05-07,18.4,12.7,0.6,1.74,21.3
2019-05-08,18.9,14.1,0.5,1.8,17.8
2019-05-09,19.7,13.4,0.0,2.09,18.3
2019-05-10,18.8,12.5,1.3,1.75,18.3
2019-05-11,18.7,12.2,0.0,1.65,12.4
2019-05-12,18.6,14.6,21.2,0.97,41.0
2019-05-13,17.2,13.9,1.4,2.7,45.7
2019-05-14,16.1,11.9,0.0,1.88,13.0
2019-05-15,17.2,14.1,1.7,2.09,32.4
2019-05-16,16.4,14.9,1.5,2.37,31.7
2019-05-17,15.6,10.8,0.7,2.08,31.5
2019-05-18,15.9,10.1,0.7,1.55,18.4
2019-05-19,16.7,13.6,1.2,1.92,29.6
2019-05-20,15.7,13.9,0.0,2.23,24.5
2019-05-21,16.0,13.1,0.0,1.6,13.9
2019-05-22,16.0,12.2,0.4,1.25,14.5
2019-05-23,16.2,11.9,0.1,1.28,14.2
2019-05-24,17.1,10.2,0.0,1.49,11.3
2019-05-25,17.2,10.0,0.0,1.47,6.0
2019-05-26,17.0,9.6,0.0,1.49,9.7
2019-05-27,18.9,12.6,1.6,1.22,14.8
2019-05-28,19.0,13.6,4.5,1.09,34.4
2019-05-29,17.2,12.3,0.6,2.04,35.7
2019-05-30,18.5,11.8,0.5,2.01,26.5
2019-05-31,15.9,12.2,17.8,1.16,36.2
2019-06-01,14.2,10.4,13.1,2.12,36.4
2019-06-02,12.6,8.8,5.0,1.6,25.0
2019-06-03,12.9,6.7,0.2,1.25,7.8
2019-06-04,15.1,8.6,0.5,1.36,18.6
2019-06-05,15.8,10.8,9.6,0.81,27.3
2019-06-06,14.4,11.0,3.5,1.98,37.2
2019-06-07,13.1,10.1,17.4,1.61,34.8
2019-06-08,15.0,13.7,0.9,2.6,49.2
2019-06-09,14.4,8.6,0.0,1.6,23.8
2019-06-10,14.9,12.4,0.0,1.34,14.2
2019-06-11,15.3,10.0,2.3,1.2,11.2
2019-06-12,14.4,9.3,5.6,0.62,11.8
2019-06-13,14.0,8.1,4.1,0.97,8.3
2019-06-14,15.7,8.4,0.2,1.02,15.8
2019-06-15,15.3,12.9,1.8,1.09,22.5
2019-06-16,15.1,12.1,1.3,1.88,24.0
2019-06-17,13.6,12.1,0.1,2.05,25.0
2019-06-18,13.8,6.8,0.0,1.62,21.0
2019-06-19,12.6,6.6,0.0,1.2,15.8
2019-06-20,14.4,9.9,5.3,1.43,29.3
2019-06-21,14.9,9.9,2.9,0.79,24.5
2019-06-22,13.9,7.8,0.4,0.98,7.6
2019-06-23,13.9,9.1,8.5,1.12,29.5
2019-06-24,13.7,9.3,3.0,1.12,19.7
2019-06-25,13.4,6.6,0.2,1.29,15.8
2019-06-26,13.4,6.2,0.0,1.23,9.2
2019-06-27,13.4,5.0,0.0,1.18,9.2
2019-06-28,14.1,8.1,0.0,1.14,9.7
2019-06-29,14.1,7.9,0.0,1.23,12.4
2019-06-30,13.5,7.8,0.0,1.28,14.5
2019-07-01,16.0,9.9,0.3,1.17,17.7
2019-07-02,15.6,12.1,1.0,1.04,26.8
2019-07-03,17.2,14.3,1.3,0.77,26.4
2019-07-04,16.7,10.2,44.0,0.34,33.2
2019-07-05,11.8,9.0,1.0,0.9,19.1
2019-07-06,12.8,7.9,0.0,1.79,18.1
2019-07-07,11.8,4.9,0.1,1.27,17.9
2019-07-08,13.7,10.9,0.8,1.6,31.3
2019-07-09,13.4,10.8,0.1,1.12,16.9
2019-07-10,14.1,9.4,2.9,1.09,19.3
2019-07-11,14.9,10.4,1.0,1.11,16.1
2019-07-12,14.0,8.9,14.9,0.41,26.1
2019-07-13,15.8,11.9,1.2,1.3,21.3
2019-07-14,14.9,10.9,16.4,0.79,33.0
2019-07-15,14.3,11.0,0.7,2.22,32.4
2019-07-16,13.9,11.4,7.8,1.72,30.2
2019-07-17,14.1,11.5,4.1,2.28,33.9
2019-07-18,14.4,9.9,0.8,1.85,24.5
2019-07-19,13.9,10.0,11.9,0.65,25.8
2019-07-20,13.6,10.2,12.2,1.12,22.2
2019-07-21,13.6,7.6,0.4,1.29,11.1
2019-07-22,14.6,7.8,0.3,1.29,11.0
2019-07-23,13.9,7.3,0.0,1.31,11.1
2019-07-24,14.1,7.4,0.6,1.28,9.5
2019-07-25,14.4,6.2,1.0,1.21,12.1
2019-07-26,14.9,11.1,1.8,0.97,20.2
2019-07-27,15.1,11.1,0.5,1.39,26.8
2019-07-28,15.0,10.4,0.1,1.44,19.4
2019-07-29,15.6,11.0,1.4,1.08,19.8
2019-07-30,13.8,10.1,13.1,1.15,25.2
2019-07-31,11.4,8.5,5.8,1.55,26.9
2019-08-01,11.9,7.3,4.1,1.89,24.5
2019-08-02,13.9,10.4,3.7,2.39,42.1
2019-08-03,12.9,10.1,0.6,2.69,40.7
2019-08-04,13.1,9.2,16.0,1.68,40.5
2019-08-05,11.2,8.4,3.0,2.29,42.5
2019-08-06,12.8,10.1,0.4,2.21,28.8
2019-08-07,13.8,9.9,0.8,2.03,21.0
2019-08-08,14.1,10.0,25.7,0.96,25.8
2019-08-09,14.3,10.6,16.5,0.63,21.1
2019-08-10,16.4,11.5,5.4,1.64,30.4
2019-08-11,17.6,11.4,19.9,1.3,43.5
2019-08-12,13.6,10.8,24.7,1.38,36.3
2019-08-13,13.1,10.2,13.7,1.4,32.9
2019-08-14,13.8,11.1,0.8,2.21,32.8
2019-08-15,12.9,8.9,0.5,1.51,16.1
2019-08-16,13.2,8.9,0.6,1.75,19.8
2019-08-17,14.5,10.9,8.4,1.64,26.4
2019-08-18,11.0,7.0,14.0,0.66,23.7
2019-08-19,12.2,5.0,0.0,2.11,23.3
2019-08-20,13.7,10.1,12.7,1.9,31.1
2019-08-21,13.1,10.1,2.4,1.88,31.9
2019-08-22,12.4,9.9,23.8,1.4,39.6
2019-08-23,12.4,9.7,16.0,0.73,26.1
2019-08-24,13.3,9.5,0.8,2.36,33.5
2019-08-25,14.1,11.9,2.3,2.34,33.4
2019-08-26,14.7,11.2,2.2,2.16,40.2
2019-08-27,13.8,10.2,0.1,2.57,23.5
2019-08-28,13.7,9.1,0.2,2.13,17.8
2019-08-29,13.8,8.9,1.5,1.97,21.4
2019-08-30,13.8,10.3,4.7,1.52,28.9
2019-08-31,13.6,9.2,0.3,1.94,22.4
2019-09-01,14.4,6.0,0.0,2.08,8.5
2019-09-02,15.6,7.2,0.0,2.28,11.2
2019-09-03,14.9,11.1,14.9,0.87,36.5
2019-09-04,17.0,13.7,10.4,1.18,26.8
2019-09-05,16.6,11.0,32.7,1.57,39.0
2019-09-06,12.6,8.9,10.0,2.29,40.5
2019-09-07,13.8,9.3,2.6,2.37,27.9
2019-09-08,15.4,8.6,18.1,1.81,35.2
2019-09-09,14.9,10.1,17.6,1.38,19.2
2019-09-10,14.5,9.9,35.0,1.32,23.4
2019-09-11,13.6,8.0,1.7,2.06,29.9
2019-09-12,13.9,10.9,0.6,2.65,25.1
2019-09-13,14.5,11.4,1.6,2.14,22.9
2019-09-14,15.9,10.2,3.3,2.16,26.6
2019-09-15,14.9,10.4,1.0,2.41,23.0
2019-09-16,14.2,8.2,0.0,2.35,19.6
2019-09-17,15.9,11.7,3.0,1.97,30.0
2019-09-18,13.9,9.4,0.0,2.88,16.7
2019-09-19,14.6,9.0,4.4,1.67,12.3
2019-09-20,14.3,8.9,0.4,2.17,13.5
2019-09-21,15.6,9.3,0.0,2.77,14.3
2019-09-22,14.4,10.1,0.0,2.74,17.6
2019-09-23,14.9,10.9,0.7,2.6,25.6
2019-09-24,15.1,9.6,26.0,1.65,41.0
2019-09-25,13.6,8.9,15.9,2.59,45.1
2019-09-26,11.9,9.6,1.2,3.25,43.1
2019-09-27,13.8,11.6,1.6,2.63,32.6
2019-09-28,14.8,11.4,1.1,2.59,25.6
2019-09-29,16.4,11.4,0.3,2.58,21.5
2019-09-30,15.4,11.6,8.4,2.3,36.2
2019-10-01,13.3,8.4,6.0,2.59,34.3
2019-10-02,12.6,9.1,3.2,2.35,42.0
2019-10-03,13.4,10.0,0.9,2.62,31.9
2019-10-04,14.3,9.6,0.5,3.02,21.9
2019-10-05,14.8,10.6,1.3,2.26,29.1
2019-10-06,14.2,9.6,0.8,2.75,23.2
2019-10-07,15.3,11.6,3.5,1.35,25.2
2019-10-08,16.0,10.2,0.1,2.63,15.0
2019-10-09,20.2,10.2,0.2,3.52,16.9
2019-10-10,17.8,14.1,9.2,1.91,25.6
2019-10-11,17.5,12.9,10.2,2.11,21.4
2019-10-12,16.6,11.8,3.1,2.97,13.9
2019-10-13,17.0,11.4,0.0,3.53,13.1
2019-10-14,13.4,11.3,25.3,0.95,39.7
2019-10-15,16.5,12.4,27.9,1.75,39.2
2019-10-16,15.2,12.6,0.7,2.59,41.5
2019-10-17,15.7,12.4,2.9,2.68,31.0
2019-10-18,17.2,11.8,1.7,3.06,25.1
2019-10-19,16.9,12.9,6.0,2.73,33.8
2019-10-20,15.4,11.7,0.0,3.06,15.1
2019-10-21,15.4,11.6,1.2,3.17,25.7
2019-10-22,15.3,12.5,3.4,2.98,33.5
2019-10-23,12.9,9.9,7.7,3.46,46.0
2019-10-24,14.5,11.4,2.7,2.85,40.3
2019-10-25,14.2,11.8,0.1,3.55,36.6
2019-10-26,15.9,11.9,0.0,3.71,26.5
2019-10-27,17.6,12.0,0.0,3.6,16.6
2019-10-28,17.6,12.4,3.6,2.43,21.4
2019-10-29,15.1,11.0,4.7,2.97,21.9
2019-10-30,14.8,11.1,0.4,3.4,30.0
2019-10-31,16.0,11.7,0.3,3.81,24.8
2019-11-01,14.7,11.9,0.6,3.47,30.0
2019-11-02,15.7,12.1,0.0,3.94,22.1
2019-11-03,18.4,12.2,0.0,3.94,18.8
2019-11-04,19.8,12.4,0.0,4.19,15.8
2019-11-05,23.5,11.8,0.0,4.97,11.3
2019-11-06,23.0,10.7,0.0,3.93,12.6
2019-11-07,24.1,13.6,0.0,5.23,16.1
2019-11-08,22.6,15.0,1.1,4.23,17.7
2019-11-09,20.6,16.5,0.8,3.34,27.1
2019-11-10,19.7,14.6,34.6,2.3,26.6
2019-11-11,15.7,12.8,0.3,3.66,27.4
2019-11-12,14.6,10.9,3.3,3.88,24.4
2019-11-13,16.7,12.4,0.2,4.03,22.1
2019-11-14,17.8,13.2,9.3,3.79,32.8
2019-11-15,16.1,13.4,0.0,4.06,28.5
2019-11-16,18.9,13.2,0.9,3.62,26.0
2019-11-17,21.5,14.2,2.3,4.2,23.1
2019-11-18,16.8,12.1,22.1,1.47,28.9
2019-11-19,15.5,10.9,0.4,3.88,15.7
2019-11-20,17.9,12.3,0.9,3.86,24.9
2019-11-21,16.2,12.6,0.0,4.77,25.1
2019-11-22,16.5,12.1,0.0,4.14,26.2
2019-11-23,18.0,13.4,0.0,4.04,23.7
2019-11-24,17.7,13.4,0.0,3.65,24.1
2019-11-25,18.7,13.8,0.0,4.27,23.2
2019-11-26,21.5,10.8,0.1,4.34,14.5
2019-11-27,22.1,13.6,0.0,4.45,14.0
2019-11-28,21.0,14.2,2.8,3.19,10.5
2019-11-29,22.1,15.0,9.5,3.99,12.7
2019-11-30,22.8,15.1,0.0,5.0,17.3
2019-12-01,22.5,15.4,3.9,4.0,18.8
2019-12-02,23.4,15.6,2.1,4.16,25.6
2019-12-03,23.0,15.8,14.9,3.34,38.6
2019-12-04,22.4,15.2,0.2,4.94,17.7
2019-12-05,22.6,14.9,0.0,5.02,16.9
2019-12-06,23.0,15.8,0.5,5.16,16.0
2019-12-07,23.3,17.9,1.2,4.46,20.9
2019-12-08,24.5,16.7,6.7,4.51,27.9
2019-12-09,18.5,14.4,1.3,4.44,22.1
2019-12-10,20.0,13.8,0.2,4.72,20.9
2019-12-11,20.7,12.1,0.0,5.49,19.5
2019-12-12,22.5,15.0,0.4,5.19,14.0
2019-12-13,20.0,15.4,0.0,4.66,20.5
2019-12-14,20.2,14.3,1.1,4.63,21.4
2019-12-15,22.2,15.2,6.2,3.28,13.2
2019-12-16,22.5,16.4,13.8,2.22,22.9
2019-12-17,19.5,14.6,20.2,1.36,27.6
2019-12-18,18.0,14.1,8.6,4.45,46.2
2019-12-19,18.1,14.7,0.0,5.15,20.6
2019-12-20,19.4,14.2,8.6,3.39,39.5
2019-12-21,17.6,11.5,1.2,4.77,23.5
2019-12-22,18.4,11.1,0.0,5.17,29.2
2019-12-23,19.3,15.1,0.2,3.54,28.5
2019-12-24,19.8,15.8,0.4,4.29,20.3
2019-12-25,19.5,15.1,0.4,4.06,15.1
2019-12-26,19.8,14.6,0.6,3.65,16.6
2019-12-27,19.1,14.9,0.0,4.94,18.1
2019-12-28,18.0,14.6,1.0,4.87,28.6
2019-12-29,18.0,14.2,0.0,5.04,22.8
2019-12-30,19.9,15.5,0.9,3.29,27.9
2019-12-31,21.2,15.2,0.0,5.07,17.5
2020-01-01,20.1,14.0,0.0,4.18,17.1
2020-01-02,19.5,15.6,0.0,4.07,24.2
2020-01-03,20.0,16.0,1.4,4.01,27.1
2020-01-04,18.2,15.1,0.1,4.84,36.7
2020-01-05,19.1,15.4,0.0,4.58,32.2
2020-01-06,18.5,15.3,3.2,4.7,39.2
2020-01-07,17.4,14.6,0.5,4.52,35.7
2020-01-08,17.8,13.8,0.7,4.03,19.7
2020-01-09,18.6,14.5,0.1,4.66,24.0
2020-01-10,19.1,15.1,0.0,4.53,23.8
2020-01-11,21.1,13.4,0.0,5.36,17.4
2020-01-12,22.6,12.3,0.0,5.59,13.0
2020-01-13,22.1,13.9,0.0,4.71,16.9
2020-01-14,21.0,15.2,6.6,3.85,21.6
2020-01-15,22.1,13.6,0.2,4.79,12.2
2020-01-16,22.2,15.4,0.4,4.9,11.9
2020-01-17,22.5,15.1,0.2,5.25,18.8
2020-01-18,21.5,13.9,0.0,4.82,17.8
2020-01-19,24.2,15.2,0.0,5.35,21.4
2020-01-20,25.1,14.4,0.3,5.35,13.6
2020-01-21,21.1,16.2,0.0,4.64,14.3
2020-01-22,20.5,15.6,0.0,3.82,15.0
2020-01-23,21.8,15.6,0.0,4.68,16.6
2020-01-24,24.5,16.9,1.0,4.69,16.6
2020-01-25,22.0,16.5,0.0,4.93,16.9
2020-01-26,23.3,17.6,0.0,4.97,19.0
2020-01-27,23.8,17.5,0.0,5.03,16.4
2020-01-28,23.0,17.2,1.7,3.28,18.4
2020-01-29,23.0,19.0,1.7,3.28,18.4
2020-01-30,24.0,18.9,0.1,4.74,22.0
2020-01-31,23.4,17.8,0.0,4.94,22.4
2020-02-01,23.4,18.2,0.0,5.04,20.2
2020-02-02,23.9,18.2,0.0,4.84,25.3
2020-02-03,24.9,18.4,0.0,4.74,17.9
2020-02-04,25.8,17.0,0.0,4.5,30.1
2020-02-05,20.8,17.4,0.0,5.18,25.2
2020-02-06,20.5,16.2,0.2,4.77,25.8
2020-02-07,24.0,17.0,0.1,5.6,22.7
2020-02-08,21.8,16.9,1.5,4.0,23.5
2020-02-09,19.5,15.0,0.0,5.22,18.7
2020-02-10,20.5,14.2,0.0,4.76,15.8
2020-02-11,21.7,13.8,0.0,4.87,16.0
2020-02-12,25.6,14.8,0.0,5.19,9.9
2020-02-13,23.8,15.8,0.0,4.71,16.4
2020-02-14,26.4,15.3,0.0,4.66,16.9
2020-02-15,23.1,18.4,0.0,4.26,28.5
2020-02-16,23.8,19.5,1.2,3.93,27.3
2020-02-17,25.3,18.3,4.3,3.09,14.1
2020-02-18,26.2,17.8,0.6,4.03,7.8
2020-02-19,25.2,18.9,3.0,4.13,17.1
2020-02-20,26.0,17.6,0.0,5.04,15.6
2020-02-21,26.6,16.8,0.5,4.24,19.8
2020-02-22,22.0,17.6,8.8,2.27,20.9
2020-02-23,20.1,16.2,0.8,4.64,31.8
2020-02-24,23.9,13.5,0.0,5.12,18.7
2020-02-25,22.9,14.4,0.0,4.5,15.8
2020-02-26,25.0,14.9,0.1,4.55,14.6
2020-02-27,25.5,16.2,1.7,3.88,8.3
2020-02-28,26.0,17.2,0.2,4.41,10.8
2020-02-29,23.9,18.0,0.6,3.18,15.5
2020-03-01,25.9,15.7,0.1,4.33,17.1
2020-03-02,22.6,19.2,0.0,2.84,25.0
2020-03-03,26.0,18.9,0.8,3.36,20.3
2020-03-04,22.5,18.2,1.1,2.38,21.3
2020-03-05,20.2,17.1,3.2,2.28,22.8
2020-03-06,21.0,14.2,0.0,4.05,20.3
2020-03-07,22.3,14.3,0.0,3.88,18.3
2020-03-08,23.6,14.4,0.1,3.96,15.3
2020-03-09,24.0,16.3,10.8,2.16,19.7
2020-03-10,21.0,17.0,0.5,3.84,25.7
2020-03-11,19.7,15.9,2.9,2.92,18.1
2020-03-12,21.9,15.1,2.9,3.4,14.8
2020-03-13,21.4,14.1,0.1,3.75,15.3
2020-03-14,23.0,14.3,0.0,3.95,13.0
2020-03-15,21.9,14.6,0.0,3.77,17.4
2020-03-16,19.5,14.8,0.0,2.48,16.2
2020-03-17,20.5,14.0,0.7,3.83,27.4
2020-03-18,19.4,12.1,0.0,4.19,16.1
2020-03-19,19.6,11.9,1.6,2.87,21.6
2020-03-20,19.9,15.2,6.0,2.46,18.4
2020-03-21,20.8,15.0,0.4,2.74,12.1
2020-03-22,22.4,15.6,1.1,2.94,25.7
2020-03-23,20.6,16.8,9.6,1.89,35.4
2020-03-24,16.7,14.1,0.4,3.04,32.6
2020-03-25,18.1,14.1,1.0,2.76,16.1
2020-03-26,19.0,14.3,0.5,2.84,13.8
2020-03-27,18.7,14.6,4.4,2.44,21.9
2020-03-28,17.2,14.0,0.0,3.28,27.4
2020-03-29,19.1,11.6,0.8,3.11,15.1
2020-03-30,19.7,13.7,4.8,2.14,13.5
2020-03-31,21.0,11.9,0.0,3.06,11.4
2020-04-01,21.6,13.1,0.3,3.06,9.7
2020-04-02,19.9,12.7,0.0,2.9,14.6
2020-04-03,21.0,11.5,0.5,2.84,11.5
2020-04-04,20.2,13.4,0.1,2.73,19.1
2020-04-05,19.6,13.6,0.5,2.94,18.2
2020-04-06,18.6,12.1,0.0,2.47,12.7
2020-04-07,20.5,11.3,0.0,2.97,10.1
2020-04-08,19.2,13.8,12.3,1.65,22.3
2020-04-09,17.1,13.9,1.3,2.88,33.6
2020-04-10,17.4,13.4,0.0,3.3,22.0
2020-04-11,19.1,10.6,0.6,2.29,10.2
2020-04-12,22.1,12.0,5.8,2.97,29.2
2020-04-13,18.6,15.8,25.7,2.48,37.1
2020-04-14,16.5,13.8,1.2,3.66,40.2
2020-04-15,16.1,13.6,1.9,2.67,33.4
2020-04-16,17.2,13.5,2.5,2.13,29.0
2020-04-17,19.9,15.8,4.5,2.0,34.2
2020-04-18,19.5,15.9,10.0,1.96,33.5
2020-04-19,18.2,15.8,3.0,1.47,23.4
2020-04-20,19.4,13.4,5.1,1.41,12.5
2020-04-21,17.6,13.8,0.2,0.95,14.4
2020-04-22,18.2,11.4,0.0,2.3,11.4
2020-04-23,19.1,12.8,10.4,1.67,21.9
2020-04-24,18.8,13.6,3.7,2.11,18.0
2020-04-25,17.7,13.9,0.0,2.23,22.6
2020-04-26,18.2,11.2,0.0,2.12,16.0
2020-04-27,18.2,10.2,0.1,2.08,14.2
2020-04-28,17.4,13.9,0.0,2.27,23.4
2020-04-29,19.1,10.9,0.0,1.95,18.3
2020-04-30,17.9,10.8,0.1,1.73,13.0
2020-05-01,17.8,11.1,0.0,1.75,10.9
2020-05-02,19.9,13.2,1.2,1.85,28.2
2020-05-03,18.5,16.0,15.8,0.76,45.2
2020-05-04,17.1,12.2,10.5,1.74,30.8
2020-05-05,15.1,10.6,17.2,1.63,34.2
2020-05-06,14.0,9.9,1.7,2.31,28.9
2020-05-07,16.2,9.1,0.6,1.8,21.7
2020-05-08,17.2,14.1,0.0,2.34,21.6
2020-05-09,17.0,12.4,0.0,1.82,15.4
2020-05-10,18.1,11.6,0.1,1.56,23.8
2020-05-11,17.1,12.9,0.3,1.76,21.7
2020-05-12,16.9,13.0,0.4,1.69,24.9
2020-05-13,16.2,11.8,0.6,1.58,25.3
2020-05-14,17.0,11.4,0.0,1.58,18.2
2020-05-15,16.6,10.9,0.0,1.52,11.2
2020-05-16,17.4,11.4,0.0,1.81,14.1
2020-05-17,17.0,10.2,0.1,1.71,17.3
2020-05-18,15.8,9.9,0.0,1.71,13.0
2020-05-19,15.3,9.2,0.0,1.75,15.0
2020-05-20,13.9,7.3,0.0,1.65,12.8
2020-05-21,15.4,7.1,0.0,1.59,12.1
2020-05-22,15.6,8.4,0.0,1.68,13.1
2020-05-23,13.4,8.5,0.0,1.2,12.9
2020-05-24,16.0,13.8,5.8,0.44,26.3
2020-05-25,17.6,15.8,12.7,0.33,33.8
2020-05-26,17.9,14.2,2.1,1.12,20.2
2020-05-27,14.6,11.2,29.7,0.36,25.8
2020-05-28,15.6,10.0,0.0,1.24,14.1
2020-05-29,13.6,12.3,9.4,0.39,18.2
2020-05-30,16.9,10.9,1.7,1.23,14.4
2020-05-31,14.7,12.4,26.5,0.55,32.8
2020-06-01,16.2,12.8,11.4,0.71,35.3
2020-06-02,16.2,13.6,0.0,1.69,30.1
2020-06-03,16.9,9.4,4.7,1.35,33.2
2020-06-04,16.7,12.4,2.3,1.13,28.1
2020-06-05,14.4,11.0,14.9,0.81,20.1
2020-06-06,14.7,12.1,0.4,1.6,23.8
2020-06-07,13.2,11.2,2.7,1.82,22.7
2020-06-08,14.0,11.1,0.9,1.69,17.3
2020-06-09,14.8,11.5,0.2,1.77,22.3
2020-06-10,14.9,8.1,0.0,1.35,14.2
2020-06-11,14.7,10.1,0.4,1.26,15.2
2020-06-12,14.8,12.1,0.5,1.17,21.2
2020-06-13,14.1,10.3,1.6,0.72,17.1
2020-06-14,13.9,10.8,0.4,0.88,21.4
2020-06-15,15.2,8.1,0.0,1.45,16.2
2020-06-16,14.9,10.9,0.0,0.99,14.9
2020-06-17,16.8,10.9,0.1,1.41,16.3
2020-06-18,13.9,10.1,38.2,0.36,25.6
2020-06-19,13.9,7.7,1.1,1.17,17.0
2020-06-20,14.9,10.1,1.0,1.01,15.2
2020-06-21,14.4,11.2,5.4,0.68,23.3
2020-06-22,16.8,12.1,0.0,1.64,25.6
2020-06-23,15.9,11.4,0.6,1.42,26.5
2020-06-24,14.6,12.6,13.0,1.02,32.1
2020-06-25,15.4,10.6,31.9,0.99,31.8
2020-06-26,15.2,12.1,3.5,0.74,30.6
2020-06-27,15.6,13.1,19.8,0.59,30.2
2020-06-28,14.4,11.6,2.0,1.59,27.7
2020-06-29,12.8,9.6,6.0,0.87,26.6
2020-06-30,12.1,9.1,0.9,1.23,21.2
2020-07-01,11.6,7.9,0.2,1.64,22.6
2020-07-02,12.8,7.9,0.3,1.89,26.0
2020-07-03,12.8,7.5,0.0,1.27,14.6
2020-07-04,13.5,7.2,0.1,1.25,15.5
2020-07-05,14.8,9.2,8.9,1.44,40.3
2020-07-06,11.9,10.3,10.4,0.67,22.8
2020-07-07,12.9,10.1,11.3,1.32,40.0
2020-07-08,11.2,8.4,10.0,1.38,39.8
2020-07-09,11.8,4.7,3.3,1.43,29.3
2020-07-10,12.5,4.6,0.2,1.03,10.8
2020-07-11,13.2,6.9,0.6,1.0,14.6
2020-07-12,13.9,9.8,0.5,1.37,23.0
2020-07-13,15.6,11.1,0.2,1.07,21.9
2020-07-14,14.6,11.1,2.4,0.58,14.8
2020-07-15,13.4,11.8,12.4,0.32,43.1
2020-07-16,14.8,11.8,19.5,0.63,44.5
2020-07-17,16.1,11.1,0.5,1.17,30.6
2020-07-18,15.4,10.9,1.1,1.01,21.8
2020-07-19,15.2,10.9,0.2,1.34,29.2
2020-07-20,15.9,10.4,2.7,1.02,18.3
2020-07-21,14.1,9.7,12.0,0.79,23.1
2020-07-22,11.9,8.8,11.3,1.76,43.5
2020-07-23,14.4,12.5,0.0,2.44,36.4
2020-07-24,13.3,10.6,1.0,1.89,28.0
2020-07-25,13.0,10.3,0.3,1.69,17.6
2020-07-26,13.7,8.6,0.0,1.51,20.5
2020-07-27,13.6,6.5,0.0,1.52,13.4
2020-07-28,14.1,9.4,0.7,1.18,23.4
2020-07-29,14.2,9.4,0.1,1.35,18.9
2020-07-30,14.1,11.1,0.1,1.36,20.7
2020-07-31,14.1,11.2,1.0,1.76,31.2
2020-08-01,14.5,11.4,1.5,1.6,37.4
2020-08-02,13.9,11.2,1.3,1.29,28.1
2020-08-03,14.5,10.0,0.6,1.42,25.2
2020-08-04,15.4,8.9,0.0,1.64,9.9
2020-08-05,15.9,6.6,0.1,1.59,9.7
2020-08-06,15.8,11.2,5.7,1.34,23.1
2020-08-07,14.3,10.2,12.0,1.22,26.1
2020-08-08,13.1,10.2,15.1,1.58,28.8
2020-08-09,13.7,8.4,0.6,1.69,21.3
2020-08-10,13.5,7.4,0.0,1.7,17.2
2020-08-11,15.1,8.1,25.9,0.44,29.6
2020-08-12,15.8,10.3,0.7,1.34,20.6
2020-08-13,14.2,7.8,0.0,1.86,15.6
2020-08-14,12.9,8.3,0.1,1.33,20.3
2020-08-15,13.2,5.3,0.0,1.9,14.3
2020-08-16,12.6,3.4,0.0,1.81,13.6
2020-08-17,13.3,7.7,0.7,1.52,26.3
2020-08-18,14.4,11.0,2.6,1.77,38.3
2020-08-19,15.7,11.9,48.5,0.71,38.1
2020-08-20,16.4,11.6,5.7,1.34,37.2
2020-08-21,15.6,11.4,11.9,1.58,37.8
2020-08-22,15.8,11.6,3.2,1.95,20.2
2020-08-23,16.8,10.6,16.0,1.42,32.3
2020-08-24,13.6,10.8,9.5,1.68,38.0
2020-08-25,13.6,10.4,16.8,1.67,38.4
2020-08-26,12.4,10.6,0.8,2.62,30.2
2020-08-27,12.7,9.8,17.1,1.93,35.0
2020-08-28,13.7,9.4,0.4,2.06,19.1
2020-08-29,15.7,9.4,0.3,2.03,18.5
2020-08-30,15.4,9.6,0.8,1.88,23.7
2020-08-31,14.6,11.2,0.0,2.07,23.4
2020-09-01,15.8,11.6,3.7,1.8,28.9
2020-09-02,11.8,8.8,1.4,1.52,19.9
2020-09-03,11.5,8.6,0.0,2.59,33.4
2020-09-04,13.2,4.0,0.0,2.49,12.0
2020-09-05,13.6,11.1,0.0,2.27,22.3
2020-09-06,15.1,11.5,0.9,1.86,28.9
2020-09-07,14.4,9.2,3.6,1.81,26.6
2020-09-08,14.2,6.2,0.0,2.74,14.9
2020-09-09,12.9,5.8,0.0,2.27,12.6
2020-09-10,13.7,10.4,5.6,2.13,28.7
2020-09-11,12.8,8.6,0.4,2.63,26.7
2020-09-12,11.9,6.6,0.0,2.99,19.2
2020-09-13,13.8,10.2,0.0,2.72,25.0
2020-09-14,14.1,12.1,1.2,2.59,27.3
2020-09-15,14.9,12.6,2.9,1.94,36.5
2020-09-16,14.6,11.2,0.0,2.79,34.3
2020-09-17,15.5,11.2,0.1,2.5,24.5
2020-09-18,14.8,11.4,6.7,2.0,40.8
2020-09-19,13.9,10.3,0.4,2.63,27.0
2020-09-20,14.6,9.2,0.1,2.27,22.0
2020-09-21,15.9,9.9,1.1,2.38,18.4
2020-09-22,16.8,8.3,0.1,2.8,12.9
2020-09-23,16.8,10.7,0.0,2.25,25.8
2020-09-24,16.5,14.2,5.9,1.35,30.6
2020-09-25,17.4,12.2,0.4,2.68,24.8
2020-09-26,20.6,10.9,0.5,3.04,22.3
2020-09-27,16.8,12.9,16.9,2.15,38.1
2020-09-28,13.9,10.9,5.5,3.21,39.8
2020-09-29,13.1,10.8,6.6,2.9,40.7
2020-09-30,13.3,10.1,0.8,2.58,22.7
2020-10-01,15.1,7.8,0.5,2.83,13.6
2020-10-02,16.0,5.9,3.1,2.37,11.4
2020-10-03,17.2,6.8,0.0,3.4,12.8
2020-10-04,16.8,8.4,0.0,3.01,17.9
2020-10-05,18.0,11.1,0.0,3.36,16.7
2020-10-06,15.0,11.8,0.0,2.21,13.0
2020-10-07,15.9,11.9,0.8,2.2,25.4
2020-10-08,15.6,11.9,1.6,2.8,24.3
2020-10-09,14.7,11.4,0.8,3.08,34.1
2020-10-10,16.3,12.1,0.3,3.76,34.1
2020-10-11,17.5,13.1,0.1,3.73,34.6
2020-10-12,15.9,13.4,18.0,0.98,22.1
2020-10-13,16.2,11.6,19.8,1.97,18.7
2020-10-14,15.7,11.4,0.1,3.25,18.4
2020-10-15,14.9,8.2,6.1,1.99,22.9
2020-10-16,14.8,7.4,0.5,3.44,17.9
2020-10-17,14.4,8.4,0.0,3.56,11.8
2020-10-18,17.4,9.2,0.2,2.71,12.7
2020-10-19,17.7,13.2,0.1,1.85,27.4
2020-10-20,18.4,14.4,0.0,2.95,29.0
2020-10-21,18.6,14.5,1.2,2.78,15.3
2020-10-22,20.4,11.6,1.1,3.64,10.7
2020-10-23,18.2,11.2,7.7,2.04,11.8
2020-10-24,20.2,13.9,4.9,3.12,14.7
2020-10-25,20.0,13.8,1.6,3.58,16.0
2020-10-26,20.2,13.1,0.6,3.97,14.2
2020-10-27,20.8,11.8,0.2,3.94,13.8
2020-10-28,20.1,14.4,6.7,3.14,18.0
2020-10-29,19.7,14.5,15.1,2.55,14.1
2020-10-30,19.7,14.9,1.2,2.38,14.9
2020-10-31,21.0,15.1,15.5,2.58,24.6
2020-11-01,19.0,13.4,0.6,3.56,20.0
2020-11-02,22.5,12.4,2.8,3.76,10.0
2020-11-03,20.0,16.2,2.3,1.96,27.5
2020-11-04,20.2,16.5,1.5,2.62,30.2
2020-11-05,19.2,15.9,35.5,0.88,39.0
2020-11-06,20.0,15.4,3.0,2.82,24.3
2020-11-07,22.0,14.7,7.7,3.41,28.8
2020-11-08,18.8,12.3,12.0,3.31,36.9
2020-11-09,16.9,10.9,15.6,2.75,13.5
2020-11-10,16.1,11.9,24.4,2.36,20.9
2020-11-11,16.6,12.6,1.8,3.42,29.9
2020-11-12,17.8,11.8,0.0,3.88,18.8
2020-11-13,18.5,10.9,0.0,4.05,15.7
2020-11-14,19.1,12.6,0.9,4.47,13.2
2020-11-15,19.5,13.2,0.0,4.49,12.5
2020-11-16,19.5,12.4,0.3,3.8,18.5
2020-11-17,18.8,14.4,0.0,4.21,18.9
2020-11-18,18.6,13.9,4.4,3.24,33.7
2020-11-19,17.4,13.2,0.4,4.47,24.7
2020-11-20,18.5,12.6,0.0,4.8,18.6
2020-11-21,18.1,14.0,0.3,4.02,22.9
2020-11-22,16.8,13.4,5.7,4.28,27.5
2020-11-23,17.9,11.6,0.0,4.18,12.8
2020-11-24,14.7,12.3,21.4,1.02,26.3
2020-11-25,21.8,14.6,22.0,3.86,30.1
2020-11-26,20.1,14.8,1.3,3.49,35.9
2020-11-27,18.0,14.6,0.6,4.2,28.0
2020-11-28,17.0,13.1,0.0,5.24,28.8
2020-11-29,18.3,13.3,4.2,2.65,37.0
2020-11-30,20.2,14.4,6.4,2.13,39.9
2020-12-01,18.5,14.4,0.6,4.16,39.3
2020-12-02,21.3,12.0,0.0,4.89,15.9
2020-12-03,17.8,13.9,2.0,3.35,30.9
2020-12-04,17.1,13.6,0.0,4.31,18.6
2020-12-05,17.9,13.9,1.6,3.39,24.9
2020-12-06,19.0,14.1,1.7,4.06,19.9
2020-12-07,22.0,15.4,1.8,3.09,29.5
2020-12-08,22.9,18.0,3.2,3.56,31.2
2020-12-09,25.3,16.6,6.7,4.03,24.0
2020-12-10,20.8,16.1,12.1,3.78,32.6
2020-12-11,19.1,14.1,0.4,3.84,25.3
2020-12-12,17.8,13.9,0.7,4.63,29.2
2020-12-13,17.2,14.4,0.0,4.29,29.3
2020-12-14,22.0,12.4,0.2,4.99,17.1
2020-12-15,20.8,12.9,0.0,5.05,17.2
2020-12-16,18.2,14.2,0.0,4.55,20.9
2020-12-17,18.1,13.9,0.0,4.45,18.9
2020-12-18,22.5,13.1,0.0,4.62,20.1
2020-12-19,21.8,14.4,1.9,3.94,9.0
2020-12-20,22.1,14.6,0.1,4.66,15.8
2020-12-21,23.0,14.9,0.0,4.54,16.2
2020-12-22,23.1,16.5,0.3,4.05,13.4
2020-12-23,23.6,16.8,4.8,3.83,14.9
2020-12-24,20.4,16.2,3.9,4.01,35.8
2020-12-25,18.6,16.2,0.0,4.34,25.6
2020-12-26,18.5,14.6,0.7,4.96,26.6
2020-12-27,17.3,13.7,0.8,5.13,25.5
2020-12-28,17.3,12.2,0.2,5.28,27.7
2020-12-29,18.5,13.8,0.0,5.24,30.2
2020-12-30,19.3,14.9,0.0,4.97,21.4
2020-12-31,22.0,13.8,0.1,4.97,11.9
2021-01-01,22.8,12.7,0.0,5.2,16.1
2021-01-02,22.4,16.5,13.4,3.85,13.0
2021-01-03,21.5,16.5,28.0,3.3,9.7
2021-01-04,23.5,16.1,4.0,4.64,9.9
2021-01-05,24.7,16.5,0.0,5.45,9.7
2021-01-06,23.8,14.9,0.0,5.29,15.1
2021-01-07,23.1,15.3,3.8,3.24,19.1
2021-01-08,21.4,17.1,14.9,3.46,20.1
2021-01-09,22.2,15.8,2.3,4.8,13.9
2021-01-10,21.5,17.1,0.0,4.64,18.0
2021-01-11,20.4,15.2,0.1,4.79,20.4
2021-01-12,23.7,15.2,0.3,4.86,18.4
2021-01-13,24.1,17.4,1.8,4.47,24.0
2021-01-14,23.5,16.0,0.3,4.71,20.8
2021-01-15,21.6,16.5,0.0,5.16,16.3
2021-01-16,21.7,15.9,0.0,4.76,16.6
2021-01-17,23.5,15.5,4.1,3.3,30.2
2021-01-18,20.4,17.3,0.6,5.4,29.9
2021-01-19,22.0,17.0,4.3,4.62,35.0
2021-01-20,18.0,13.9,11.2,3.18,30.1
2021-01-21,18.2,13.4,0.7,4.78,28.8
2021-01-22,18.9,15.6,0.4,4.37,21.6
2021-01-23,20.2,15.8,1.6,4.07,22.1
2021-01-24,21.0,17.4,2.8,3.27,30.1
2021-01-25,21.4,16.6,0.0,4.96,22.8
2021-01-26,22.0,17.8,0.0,4.03,22.4
2021-01-27,24.2,17.2,0.0,4.9,15.2
2021-01-28,21.5,15.8,0.8,4.06,24.5
2021-01-29,18.4,15.9,0.2,5.05,28.7
2021-01-30,20.9,14.1,0.0,5.33,18.4
2021-01-31,22.5,13.4,0.0,5.09,19.3
2021-02-01,22.5,14.0,0.0,4.86,20.0
2021-02-02,22.9,14.2,0.0,4.77,14.9
2021-02-03,23.3,14.1,0.0,5.1,18.2
2021-02-04,25.0,15.7,0.0,5.39,11.9
2021-02-05,23.9,16.5,1.2,4.31,14.1
2021-02-06,23.4,15.9,0.4,4.12,16.9
2021-02-07,23.2,16.5,0.4,4.35,16.4
2021-02-08,23.4,15.5,0.0,4.6,21.1
2021-02-09,24.5,16.8,2.0,3.36,21.3
2021-02-10,22.3,15.7,10.7,1.59,24.1
2021-02-11,20.6,16.6,0.4,4.72,19.3
2021-02-12,20.2,15.9,0.0,5.0,20.1
2021-02-13,23.4,14.6,0.0,4.98,15.9
2021-02-14,24.1,16.6,1.4,4.25,23.3
2021-02-15,21.4,17.9,68.8,0.93,34.6
2021-02-16,22.4,18.4,7.5,2.29,28.7
2021-02-17,22.7,15.6,0.9,5.05,22.1
2021-02-18,20.6,12.9,0.0,4.21,17.6
2021-02-19,21.0,15.1,0.0,4.29,14.9
2021-02-20,21.4,15.6,0.0,4.33,14.0
2021-02-21,24.1,14.9,0.0,4.66,10.6
2021-02-22,22.6,15.4,0.0,4.43,22.1
2021-02-23,23.2,18.0,0.8,4.53,31.6
2021-02-24,23.8,17.5,0.1,4.69,22.7
2021-02-25,24.4,16.6,0.3,3.97,10.7
2021-02-26,22.9,17.0,1.5,3.48,11.9
2021-02-27,23.4,16.5,0.0,3.88,18.3
2021-02-28,23.5,16.7,1.5,3.9,17.7
2021-03-01,23.0,16.7,22.0,3.3,21.5
2021-03-02,23.5,16.2,18.7,3.5,12.9
2021-03-03,21.0,18.0,8.4,2.11,22.4
2021-03-04,21.8,17.0,7.1,2.89,17.8
2021-03-05,21.5,15.1,0.2,3.44,11.5
2021-03-06,21.1,15.0,3.7,3.0,26.6
2021-03-07,19.4,16.2,1.5,4.22,33.4
2021-03-08,19.1,16.5,0.8,3.99,30.9
2021-03-09,19.5,14.7,0.2,3.15,16.0
2021-03-10,20.5,14.8,5.5,2.53,24.2
2021-03-11,21.0,14.8,10.5,3.3,18.7
2021-03-12,22.0,14.4,0.0,3.79,13.5
2021-03-13,22.1,14.5,0.0,3.8,12.3
2021-03-14,22.2,13.9,0.0,3.75,15.3
2021-03-15,23.1,16.5,0.7,3.45,15.1
2021-03-16,21.3,15.5,1.3,2.29,19.1
2021-03-17,22.5,13.1,0.8,3.5,17.8
2021-03-18,20.5,15.6,4.8,2.83,20.9
2021-03-19,20.2,13.8,0.1,3.29,13.3
2021-03-20,20.0,12.7,0.0,3.6,13.8
2021-03-21,20.0,12.0,0.0,3.22,15.5
2021-03-22,21.1,12.9,0.0,3.55,12.7
2021-03-23,21.0,13.4,0.1,3.23,9.8
2021-03-24,21.0,12.9,0.0,3.31,18.7
2021-03-25,22.6,12.9,0.5,3.41,11.1
2021-03-26,21.5,13.4,1.0,2.96,23.3
2021-03-27,20.9,16.4,0.4,3.04,30.9
2021-03-28,21.2,16.5,3.3,2.57,23.9
2021-03-29,23.1,17.0,19.3,2.08,21.0
2021-03-30,20.8,18.0,24.5,1.48,22.1
2021-03-31,19.4,15.6,19.2,1.48,23.3
2021-04-01,19.5,13.8,14.9,1.89,15.6
2021-04-02,19.0,12.9,0.0,2.85,25.5
2021-04-03,20.8,13.4,1.0,3.13,21.3
2021-04-04,19.2,14.1,0.4,2.67,17.0
2021-04-05,20.1,15.6,0.4,2.7,18.9
2021-04-06,20.3,15.9,0.2,1.93,22.0
2021-04-07,19.2,14.9,0.0,2.89,18.1
2021-04-08,19.9,14.9,3.0,2.0,13.6
2021-04-09,19.2,15.9,0.5,1.8,29.1
2021-04-10,20.1,16.9,21.2,1.01,34.0
2021-04-11,21.3,15.9,2.6,2.68,11.9
2021-04-12,22.2,16.0,1.2,1.97,11.5
2021-04-13,20.5,16.5,0.9,2.54,20.8
2021-04-14,17.0,14.4,23.3,1.83,28.5
2021-04-15,18.5,14.9,0.9,2.63,26.7
2021-04-16,19.1,16.0,1.1,2.78,23.1
2021-04-17,16.4,14.2,5.6,2.31,29.5
2021-04-18,17.3,14.1,0.0,2.59,18.6
2021-04-19,17.4,13.4,1.9,1.72,8.9
2021-04-20,17.8,12.9,17.6,0.86,29.0
2021-04-21,18.8,13.6,0.7,1.79,18.7
2021-04-22,18.6,12.9,0.0,2.42,18.2
2021-04-23,19.8,11.1,5.1,1.91,12.9
2021-04-24,18.1,13.6,2.0,2.23,20.7
2021-04-25,16.6,14.2,1.3,2.57,23.9
2021-04-26,16.5,12.6,2.5,2.44,21.2
2021-04-27,17.0,12.3,13.4,1.79,21.4
2021-04-28,15.6,10.7,0.3,1.79,11.5
2021-04-29,16.8,8.9,0.0,1.99,12.1
2021-04-30,17.0,11.4,2.3,1.68,18.6
2021-05-01,17.8,11.9,0.1,2.38,18.7
2021-05-02,14.9,8.0,0.0,1.93,14.8
2021-05-03,16.2,8.8,0.0,1.88,8.3
2021-05-04,17.0,11.4,0.0,1.84,9.7
2021-05-05,17.5,10.2,0.0,1.99,11.7
2021-05-06,18.2,11.3,0.0,1.63,14.1
2021-05-07,18.2,12.9,0.8,1.81,26.5
2021-05-08,17.2,15.6,1.7,1.13,24.8
2021-05-09,18.9,15.4,3.8,0.78,17.2
2021-05-10,19.0,15.5,2.2,1.04,14.3
2021-05-11,19.1,14.5,2.5,1.31,22.2
2021-05-12,18.6,14.3,15.6,1.37,27.2
2021-05-13,13.9,8.6,0.5,1.72,20.0
2021-05-14,16.3,5.3,0.0,1.65,24.3
2021-05-15,17.9,13.6,24.7,1.61,33.9
2021-05-16,18.5,10.9,0.2,1.67,15.9
2021-05-17,17.0,13.8,2.1,1.47,33.4
2021-05-18,16.1,13.1,6.7,2.39,38.0
2021-05-19,16.9,14.4,0.8,2.47,34.6
2021-05-20,17.2,13.4,0.1,1.32,19.6
2021-05-21,15.9,11.4,0.8,1.07,11.8
2021-05-22,14.9,11.2,0.0,1.32,21.4
2021-05-23,14.6,12.5,1.8,2.23,31.8
2021-05-24,15.6,12.3,0.0,2.56,30.0
2021-05-25,15.5,10.1,0.0,2.38,28.5
2021-05-26,14.1,9.1,0.0,1.77,20.4
2021-05-27,13.8,7.8,0.0,1.42,10.3
2021-05-28,14.9,5.2,10.7,0.79,22.9
2021-05-29,14.9,9.4,5.4,0.74,25.5
2021-05-30,14.4,9.1,2.7,0.95,20.5
2021-05-31,13.8,9.2,3.1,1.15,19.0
2021-06-01,14.8,10.9,0.0,1.62,24.2
2021-06-02,15.4,8.6,0.7,1.32,22.3
2021-06-03,15.9,10.6,0.3,1.28,12.3
2021-06-04,15.8,10.0,0.6,1.23,8.4
2021-06-05,15.9,10.9,0.4,1.27,23.5
2021-06-06,14.6,13.2,10.7,0.53,25.6
2021-06-07,14.4,13.2,10.8,0.68,32.5
2021-06-08,15.6,12.6,0.9,1.64,29.8
2021-06-09,16.9,12.9,0.9,1.44,26.0
2021-06-10,17.0,13.4,0.7,0.96,19.8
2021-06-11,16.5,12.9,0.0,0.9,16.7
2021-06-12,16.6,12.1,0.0,1.24,17.1
2021-06-13,15.8,12.4,1.5,0.7,18.0
2021-06-14,17.0,14.1,20.3,0.39,28.9
2021-06-15,15.6,13.2,6.2,0.44,19.7
2021-06-16,15.6,12.8,2.1,1.19,20.6
2021-06-17,15.1,11.9,1.7,1.04,19.4
2021-06-18,15.4,10.6,0.5,1.01,17.5
2021-06-19,17.8,12.9,19.2,1.2,31.5
2021-06-20,14.7,11.9,29.8,0.79,25.7
2021-06-21,15.1,10.5,4.2,1.19,31.6
2021-06-22,14.4,10.3,0.0,1.76,30.7
2021-06-23,12.7,6.3,0.0,1.31,16.6
2021-06-24,13.3,5.2,0.0,1.27,10.7
2021-06-25,13.6,9.6,1.0,0.77,15.6
2021-06-26,16.4,11.1,0.9,1.0,26.4
2021-06-27,16.5,14.4,19.8,0.65,36.4
2021-06-28,15.4,12.2,1.8,1.51,29.2
2021-06-29,12.4,7.1,0.8,2.28,39.3
2021-06-30,12.6,7.0,0.0,1.98,22.1
2021-07-01,12.9,6.4,0.0,1.27,13.8
2021-07-02,12.7,6.5,0.0,1.22,12.5
2021-07-03,12.2,5.6,0.0,1.21,11.8
2021-07-04,12.3,5.9,0.0,1.21,8.9
2021-07-05,12.6,4.8,0.0,1.23,16.6
2021-07-06,15.4,9.9,1.0,1.42,29.6
2021-07-07,14.0,11.4,17.2,0.95,35.9
2021-07-08,12.4,10.9,0.1,2.1,31.3
2021-07-09,13.1,10.7,2.6,1.65,26.4
2021-07-10,13.8,10.4,0.5,1.89,24.8
2021-07-11,11.8,8.8,0.1,1.05,25.9
2021-07-12,9.6,7.8,4.1,1.2,28.5
2021-07-13,12.4,8.6,0.0,1.78,22.9
2021-07-14,11.9,5.4,0.0,1.36,15.9
2021-07-15,13.9,9.8,0.0,1.76,17.0
2021-07-16,15.9,8.8,0.1,1.98,27.8
2021-07-17,15.6,13.9,36.1,0.91,37.8
2021-07-18,17.4,11.6,14.6,1.35,36.0
2021-07-19,14.0,11.5,10.4,1.53,30.0
2021-07-20,14.3,7.6,1.4,1.54,19.5
2021-07-21,15.1,7.8,10.4,0.82,23.0
2021-07-22,14.9,11.8,1.5,1.32,26.2
2021-07-23,13.0,8.6,3.1,1.0,15.5
2021-07-24,14.1,7.5,0.2,1.32,17.4
2021-07-25,14.3,11.1,0.6,1.38,32.1
2021-07-26,16.6,11.2,13.7,1.24,37.0
2021-07-27,12.6,9.9,8.1,1.77,29.4
2021-07-28,14.8,11.4,0.5,1.91,22.8
2021-07-29,14.4,10.1,1.1,1.05,10.6
2021-07-30,15.2,9.8,0.4,1.17,22.9
2021-07-31,15.2,10.7,0.2,1.33,29.1
2021-08-01,14.0,8.6,0.0,1.53,14.8
2021-08-02,14.5,9.9,4.4,1.23,22.8
2021-08-03,12.6,9.9,7.2,1.68,51.5
2021-08-04,13.4,8.9,0.3,1.75,20.5
2021-08-05,14.6,9.1,5.6,0.88,23.1
2021-08-06,13.7,10.7,10.0,1.23,31.0
2021-08-07,14.3,11.1,1.2,1.98,46.1
2021-08-08,14.1,9.4,13.6,1.67,37.5
2021-08-09,10.2,7.4,0.1,2.65,34.4
2021-08-10,13.1,8.4,0.0,2.66,23.2
2021-08-11,14.3,10.5,0.7,1.76,23.6
2021-08-12,14.2,10.1,0.3,1.64,18.0
2021-08-13,13.7,10.9,7.8,1.17,30.4
2021-08-14,13.6,11.2,0.9,2.09,28.7
2021-08-15,13.2,9.9,0.3,2.11,21.9
2021-08-16,13.7,9.1,0.4,1.67,21.3
2021-08-17,16.1,9.9,19.6,1.26,42.8
2021-08-18,13.0,9.1,7.5,1.76,31.0
2021-08-19,13.2,9.4,0.1,2.25,21.7
2021-08-20,13.9,9.9,0.6,1.9,23.7
2021-08-21,12.9,7.0,1.2,1.25,27.9
2021-08-22,13.2,9.1,0.5,1.8,27.2
2021-08-23,14.0,8.3,0.5,2.02,19.0
2021-08-24,13.9,8.8,0.1,1.91,18.7
2021-08-25,13.7,8.3,0.1,1.85,16.1
2021-08-26,15.0,9.9,0.7,2.11,23.5
2021-08-27,14.0,10.9,13.3,0.74,26.4
2021-08-28,16.9,12.5,27.7,1.3,27.7
2021-08-29,16.1,10.6,6.5,1.66,18.2
2021-08-30,14.4,10.2,43.8,1.04,38.4
2021-08-31,12.4,10.5,32.4,1.24,41.0
2021-09-01,13.3,8.8,2.0,1.8,33.0
2021-09-02,14.2,7.8,0.0,2.14,15.8
2021-09-03,14.6,7.7,0.0,2.2,21.6
2021-09-04,14.4,8.3,0.0,2.39,17.7
2021-09-05,14.3,8.8,0.9,2.02,15.1
2021-09-06,14.6,8.6,0.8,2.05,28.5
2021-09-07,14.3,11.0,12.5,0.84,32.1
2021-09-08,11.4,9.1,14.4,1.87,42.8
2021-09-09,14.1,10.6,1.2,2.87,32.8
2021-09-10,15.4,12.9,3.4,2.25,40.3
2021-09-11,13.9,9.5,6.2,2.55,36.4
2021-09-12,14.5,10.1,0.3,2.34,16.7
2021-09-13,15.8,9.9,0.3,2.51,33.4
2021-09-14,14.4,11.4,17.2,0.89,29.6
2021-09-15,14.8,12.1,11.6,0.68,23.7
2021-09-16,18.1,13.2,31.5,1.67,27.3
2021-09-17,14.2,9.8,2.4,1.73,23.2
2021-09-18,14.3,6.7,0.1,2.77,16.3
2021-09-19,13.4,8.1,0.8,1.9,19.3
2021-09-20,14.9,11.1,4.3,2.52,23.6
2021-09-21,15.1,9.1,0.4,2.34,19.1
2021-09-22,17.4,11.9,10.5,1.83,30.7
2021-09-23,16.3,11.8,46.2,1.42,32.8
2021-09-24,15.4,12.1,3.1,2.31,35.4
2021-09-25,15.5,10.9,0.1,2.68,19.1
2021-09-26,16.2,10.2,6.3,1.75,24.0
2021-09-27,12.7,9.5,0.2,2.26,14.4
2021-09-28,12.5,9.2,1.8,2.81,28.0
2021-09-29,13.8,10.2,1.5,2.92,28.2
2021-09-30,15.5,10.8,5.6,2.6,34.4
2021-10-01,14.4,9.6,0.1,2.8,20.4
2021-10-02,14.4,8.3,0.0,2.74,12.6
2021-10-03,16.2,8.9,3.5,2.29,27.2
2021-10-04,19.3,12.0,24.7,2.0,26.8
2021-10-05,17.8,12.4,1.9,2.41,16.2
2021-10-06,19.9,12.9,1.9,2.19,21.7
2021-10-07,15.4,13.4,30.6,0.7,23.4
2021-10-08,16.0,12.9,7.6,2.54,26.8
2021-10-09,15.4,12.4,1.1,2.85,24.6
2021-10-10,15.6,11.7,1.3,2.99,27.3
2021-10-11,14.9,11.7,0.6,3.21,26.6
2021-10-12,14.4,11.3,16.1,2.99,40.3
2021-10-13,13.6,9.6,1.1,3.79,31.0
2021-10-14,14.2,8.6,0.0,3.83,18.0
2021-10-15,15.2,10.2,0.0,3.54,19.8
2021-10-16,17.5,7.7,0.0,3.9,15.9
2021-10-17,18.4,12.4,11.8,2.15,36.4
2021-10-18,17.6,13.4,13.1,3.07,23.0
2021-10-19,17.5,12.1,0.0,3.48,15.2
2021-10-20,18.4,11.9,0.0,3.72,21.8
2021-10-21,15.6,13.4,3.3,1.65,30.4
2021-10-22,15.4,11.9,7.7,2.25,37.6
2021-10-23,13.9,11.5,10.1,1.41,36.4
2021-10-24,15.2,12.9,16.9,1.01,34.9
2021-10-25,18.5,14.8,7.7,2.59,24.6
2021-10-26,21.1,14.4,2.0,3.6,11.9
2021-10-27,19.8,15.5,22.7,2.04,9.8
2021-10-28,19.1,13.9,27.0,1.89,15.3
2021-10-29,16.3,12.4,7.6,2.95,24.9
2021-10-30,18.6,13.9,17.3,2.26,32.8
2021-10-31,16.9,13.6,18.3,2.65,26.5
2021-11-01,16.5,12.1,0.5,3.9,20.9
2021-11-02,16.3,11.7,0.4,3.46,26.1
2021-11-03,14.4,11.4,9.4,2.0,30.9
2021-11-04,19.1,11.4,0.5,3.76,24.8
2021-11-05,19.5,12.8,23.6,2.54,23.8
2021-11-06,20.3,13.4,8.0,3.92,15.1
2021-11-07,20.9,11.9,0.9,4.35,9.2
2021-11-08,18.9,12.1,0.0,3.46,12.4
2021-11-09,19.9,12.7,0.0,4.39,11.5
2021-11-10,21.6,12.6,0.7,4.41,9.4
2021-11-11,21.2,14.5,0.0,4.42,14.0
2021-11-12,21.0,13.8,0.8,3.25,20.8
2021-11-13,19.5,17.1,27.6,0.84,30.6
2021-11-14,20.0,16.9,9.4,1.93,35.9
2021-11-15,19.6,15.9,4.2,3.75,34.6
2021-11-16,19.6,15.4,6.2,3.68,31.1
2021-11-17,17.4,14.4,3.1,2.56,25.6
2021-11-18,18.1,12.6,0.0,4.62,16.6
2021-11-19,18.6,11.2,0.0,4.51,14.7
2021-11-20,20.5,11.1,1.8,4.61,15.6
2021-11-21,22.8,15.1,2.7,4.27,23.9
2021-11-22,21.7,15.9,1.3,3.75,15.2
2021-11-23,20.9,15.2,4.0,4.72,16.9
2021-11-24,19.9,14.4,9.4,2.98,14.5
2021-11-25,20.5,12.6,1.0,4.31,9.2
2021-11-26,21.3,12.4,0.0,4.94,14.2
2021-11-27,21.0,14.1,0.0,4.48,15.4
2021-11-28,20.6,16.0,0.3,3.51,13.0
2021-11-29,21.2,14.4,0.0,5.02,11.9
2021-11-30,21.5,14.9,2.9,4.28,15.8
2021-12-01,20.5,15.9,1.8,2.54,9.7
2021-12-02,21.5,16.8,3.5,3.17,18.2
2021-12-03,22.5,16.5,0.0,4.74,23.4
2021-12-04,19.8,16.5,5.2,1.92,23.3
2021-12-05,22.5,17.0,2.7,3.71,24.8
2021-12-06,24.4,17.8,17.7,4.15,21.5
2021-12-07,21.5,17.3,1.9,2.51,17.6
2021-12-08,23.6,15.4,0.1,4.86,9.5
2021-12-09,23.6,16.5,2.3,4.42,11.2
2021-12-10,23.8,17.9,3.8,5.02,10.3
2021-12-11,25.6,16.8,0.6,5.04,16.1
2021-12-12,21.2,19.0,19.5,1.44,18.4
2021-12-13,22.2,18.2,76.5,2.05,20.1
2021-12-14,21.7,17.8,29.5,1.71,39.3
2021-12-15,21.9,17.7,3.1,4.24,39.5
2021-12-16,20.6,17.1,4.6,3.6,27.5
2021-12-17,19.7,16.5,3.4,3.98,30.3
2021-12-18,19.4,15.8,0.7,4.78,29.1
2021-12-19,19.3,14.8,0.0,4.5,18.6
2021-12-20,20.5,12.4,0.0,4.97,15.7
2021-12-21,22.1,16.5,0.1,5.15,18.8
2021-12-22,21.2,16.9,0.1,4.69,18.6
2021-12-23,22.0,17.2,0.1,4.31,27.7
2021-12-24,21.0,16.5,0.0,5.15,25.5
2021-12-25,24.8,16.6,0.0,5.82,20.7
2021-12-26,25.4,17.3,0.1,5.57,10.2
2021-12-27,25.8,18.0,0.0,4.41,14.0
2021-12-28,23.4,18.4,2.9,3.51,16.8
2021-12-29,20.5,16.3,2.0,5.18,28.4
2021-12-30,20.2,16.6,0.4,5.14,26.6
2021-12-31,20.9,16.5,0.2,5.09,24.5
2022-01-01,21.5,17.0,0.0,5.43,24.2
2022-01-02,24.5,16.9,0.0,5.79,24.4
2022-01-03,25.0,16.5,0.0,5.55,18.9
2022-01-04,27.0,16.2,0.0,5.9,14.0
2022-01-05,23.1,16.9,0.0,5.32,21.1
2022-01-06,23.0,18.2,0.2,4.87,21.3
2022-01-07,22.5,17.9,4.8,3.73,22.3
2022-01-08,24.2,16.8,2.0,4.98,13.8
2022-01-09,24.2,17.7,0.9,4.99,17.6
2022-01-10,23.7,18.6,0.0,4.14,15.5
2022-01-11,24.1,16.9,0.0,5.49,15.5
2022-01-12,23.1,18.2,1.1,5.32,20.4
2022-01-13,24.8,17.2,0.2,5.84,29.8
2022-01-14,22.4,16.2,0.8,5.66,21.4
2022-01-15,23.7,16.0,0.2,5.41,20.5
2022-01-16,25.1,15.7,0.0,6.0,18.5
2022-01-17,23.5,16.1,0.0,5.66,25.0
2022-01-18,23.1,18.0,0.0,5.37,20.7
2022-01-19,24.3,17.6,0.5,4.94,18.7
2022-01-20,21.4,17.5,1.6,2.96,23.1
2022-01-21,21.2,16.9,0.1,5.45,24.9
2022-01-22,25.3,14.1,0.2,5.32,17.7
2022-01-23,24.0,15.2,0.0,3.77,13.5
2022-01-24,19.4,17.8,9.4,1.35,21.2
2022-01-25,24.0,18.0,7.2,2.94,31.1
2022-01-26,25.2,18.3,5.5,4.55,15.8
2022-01-27,21.4,18.0,0.1,5.33,32.4
2022-01-28,23.8,16.7,0.2,5.74,21.4
2022-01-29,22.9,15.2,0.1,4.26,15.1
2022-01-30,24.2,15.9,0.0,5.15,16.0
2022-01-31,24.4,16.2,0.0,5.29,30.5
2022-02-01,23.8,19.8,1.1,4.71,33.0
2022-02-02,24.4,19.4,0.5,4.51,34.3
2022-02-03,25.0,19.1,0.4,4.36,27.4
2022-02-04,26.9,18.8,0.4,5.23,26.2
2022-02-05,27.3,19.5,0.7,4.18,30.5
2022-02-06,25.9,20.8,28.6,1.65,24.6
2022-02-07,22.5,19.1,44.1,1.96,30.9
2022-02-08,26.0,21.0,4.3,3.47,26.9
2022-02-09,24.8,21.2,3.2,2.92,28.1
2022-02-10,26.5,20.8,0.4,4.47,27.5
2022-02-11,25.9,20.9,15.0,2.22,21.1
2022-02-12,27.5,22.5,1.8,3.39,33.2
2022-02-13,24.9,16.6,3.1,3.72,55.2
2022-02-14,21.3,15.3,0.3,4.59,21.6
2022-02-15,20.2,13.9,0.0,4.66,17.2
2022-02-16,20.9,16.2,0.1,4.45,18.8
2022-02-17,21.2,14.2,0.5,3.23,13.3
2022-02-18,24.1,14.3,1.2,4.27,12.9
2022-02-19,22.8,17.5,3.2,3.5,12.9
2022-02-20,23.5,17.1,0.5,4.19,12.5
2022-02-21,24.6,16.0,1.5,4.47,14.5
2022-02-22,24.5,18.1,2.0,4.27,15.4
2022-02-23,25.8,16.9,0.0,4.56,17.1
2022-02-24,25.2,16.7,0.7,4.56,15.2
2022-02-25,23.8,16.7,2.8,4.54,16.0
2022-02-26,23.0,15.5,0.8,4.25,15.4
2022-02-27,23.9,14.6,1.7,4.08,19.7
2022-02-28,22.2,16.2,1.4,3.58,14.2
2022-03-01,23.2,16.1,3.0,3.65,9.0
2022-03-02,22.1,16.0,2.0,4.03,22.5
2022-03-03,21.6,14.6,0.0,4.66,24.0
2022-03-04,22.5,15.9,0.2,4.03,24.0
2022-03-05,22.8,17.0,0.3,3.92,23.2
2022-03-06,23.9,17.0,0.6,4.29,22.0
2022-03-07,24.2,16.2,0.1,3.74,17.3
2022-03-08,23.9,17.1,1.3,3.74,23.2
2022-03-09,23.7,17.0,0.0,4.25,20.7
2022-03-10,22.8,17.0,0.4,3.83,24.0
2022-03-11,22.5,16.5,0.2,3.49,22.5
2022-03-12,23.5,16.0,0.0,3.39,16.8
2022-03-13,25.2,18.4,0.7,3.27,16.8
2022-03-14,24.3,15.4,0.0,4.52,15.5
2022-03-15,22.8,15.2,1.9,3.66,8.9
2022-03-16,23.5,16.5,0.0,3.75,15.5
2022-03-17,23.0,14.1,0.0,4.09,12.2
2022-03-18,21.0,14.7,4.0,2.81,15.1
2022-03-19,21.3,12.7,2.8,3.08,20.1
2022-03-20,20.9,17.6,9.0,2.83,42.0
2022-03-21,23.1,17.2,38.0,2.68,37.8
2022-03-22,22.0,18.2,3.1,2.33,23.6
2022-03-23,21.7,16.9,3.7,2.5,13.2
2022-03-24,20.4,17.1,5.8,2.9,43.3
2022-03-25,19.6,17.0,0.7,2.88,40.9
2022-03-26,20.3,16.5,0.0,3.76,27.3
2022-03-27,20.0,14.0,0.0,2.38,14.8
2022-03-28,20.3,12.8,0.0,3.35,15.1
2022-03-29,22.7,16.5,0.0,3.23,14.0
2022-03-30,24.2,15.4,0.1,3.24,11.2
2022-03-31,22.5,15.4,0.0,3.0,13.4
2022-04-01,21.3,17.1,0.0,2.56,12.4
2022-04-02,23.4,15.1,0.1,2.85,12.3
2022-04-03,22.5,15.6,0.1,2.71,12.4
2022-04-04,22.1,14.9,0.2,2.86,7.6
2022-04-05,22.4,16.5,3.0,2.17,15.2
2022-04-06,21.5,17.6,3.1,2.23,27.8
2022-04-07,20.0,13.8,0.6,3.37,22.4
2022-04-08,19.9,12.5,0.0,2.8,13.3
2022-04-09,20.0,14.8,0.0,3.43,16.4
2022-04-10,21.7,12.1,0.0,2.79,8.7
2022-04-11,20.1,11.8,0.5,2.64,16.1
2022-04-12,20.2,16.4,0.8,2.06,23.6
2022-04-13,19.6,15.1,1.0,2.33,33.0
2022-04-14,17.6,13.3,0.0,3.33,22.4
2022-04-15,18.2,11.8,0.0,2.67,12.1
2022-04-16,20.5,10.9,0.5,2.39,9.3
2022-04-17,20.2,12.9,0.0,2.81,31.4
2022-04-18,18.0,16.2,22.6,1.24,36.4
2022-04-19,19.8,17.2,28.7,1.03,30.8
2022-04-20,21.0,18.1,3.4,1.96,28.0
2022-04-21,21.4,17.9,1.3,2.11,27.2
2022-04-22,19.8,15.6,2.0,2.03,35.1
2022-04-23,17.1,14.4,0.1,3.22,32.2
2022-04-24,18.2,14.9,2.9,2.85,33.0
2022-04-25,17.5,14.6,3.1,2.0,22.1
2022-04-26,19.0,12.0,0.0,2.23,12.1
2022-04-27,18.4,12.7,0.0,2.21,17.0
2022-04-28,18.5,12.4,0.5,1.98,13.7
2022-04-29,17.5,12.9,0.6,1.96,19.1
2022-04-30,17.5,11.3,0.7,1.99,21.1
2022-05-01,18.5,13.7,0.4,1.9,19.6
2022-05-02,19.8,12.7,0.0,2.05,15.0
2022-05-03,19.1,12.2,0.0,1.82,9.4
2022-05-04,18.3,13.1,0.3,1.63,19.3
2022-05-05,18.9,13.1,0.4,1.91,22.3
2022-05-06,18.7,11.8,0.0,1.99,11.2
2022-05-07,19.1,10.9,0.0,1.84,9.8
2022-05-08,19.2,10.1,0.0,1.9,14.4
2022-05-09,18.4,10.6,8.1,1.22,24.5
2022-05-10,17.6,12.9,1.2,1.83,19.6
2022-05-11,14.8,9.4,0.0,2.05,15.3
2022-05-12,14.8,7.7,0.0,1.73,10.2
2022-05-13,16.5,6.8,0.0,1.63,7.0
2022-05-14,16.9,10.7,0.5,1.78,22.4
2022-05-15,18.7,15.6,2.1,1.82,32.1
2022-05-16,18.6,17.1,5.7,0.99,32.9
2022-05-17,19.5,17.0,3.9,1.13,28.0
2022-05-18,19.2,16.6,3.9,1.21,29.9
2022-05-19,18.1,15.7,13.4,0.65,28.5
2022-05-20,16.9,13.0,1.9,2.78,45.0
2022-05-21,15.8,13.7,0.1,3.33,36.1
2022-05-22,16.1,14.5,0.9,2.42,29.7
2022-05-23,15.9,10.2,1.6,2.17,27.2
2022-05-24,15.4,9.6,0.5,1.44,18.6
2022-05-25,16.5,13.8,0.0,2.1,24.8
2022-05-26,15.9,10.9,0.1,1.51,14.4
2022-05-27,14.2,8.9,0.0,1.15,12.7
2022-05-28,16.3,9.6,0.0,1.6,17.9
2022-05-29,16.9,12.7,7.1,1.7,35.4
2022-05-30,19.5,14.7,40.2,0.97,36.4
2022-05-31,19.1,13.9,6.9,1.61,31.5
2022-06-01,18.9,15.4,6.0,1.68,31.9
2022-06-02,15.2,12.6,12.7,0.81,29.7
2022-06-03,15.7,12.2,17.5,1.24,36.4
2022-06-04,16.3,10.9,0.1,1.41,18.0
2022-06-05,14.5,12.1,3.9,0.57,26.0
2022-06-06,16.1,11.6,12.4,0.95,18.4
2022-06-07,16.9,8.6,10.4,0.93,20.8
2022-06-08,17.1,12.6,3.5,1.38,23.1
2022-06-09,15.0,12.6,3.8,1.32,30.3
2022-06-10,14.9,12.2,19.8,1.44,36.0
2022-06-11,15.4,12.1,11.9,1.02,37.2
2022-06-12,15.8,11.8,11.6,1.27,39.6
2022-06-13,14.0,11.6,6.7,2.52,50.7
2022-06-14,15.2,12.4,0.3,3.05,43.2
2022-06-15,14.9,13.1,3.7,1.78,30.0
2022-06-16,15.4,12.8,0.9,2.03,22.3
2022-06-17,15.8,10.9,0.5,1.12,18.4
2022-06-18,14.5,9.7,10.5,0.38,18.0
2022-06-19,15.4,10.6,3.8,1.24,19.2
2022-06-20,11.8,8.6,0.0,1.74,26.8
2022-06-21,11.1,6.7,0.0,1.51,24.6
2022-06-22,11.9,6.2,0.0,1.25,15.0
2022-06-23,13.3,6.7,0.0,1.17,13.2
2022-06-24,13.8,10.3,9.0,0.9,25.5
2022-06-25,15.3,9.6,4.4,0.92,20.4
2022-06-26,14.7,12.0,3.7,0.98,14.6
2022-06-27,14.4,9.2,0.0,1.4,15.1
2022-06-28,14.8,7.6,0.0,1.06,14.0
2022-06-29,13.7,10.8,9.3,0.45,27.3
2022-06-30,14.6,11.4,0.2,2.12,32.8
2022-07-01,14.9,10.9,5.1,1.45,27.0
2022-07-02,14.1,9.3,0.1,1.41,16.9
2022-07-03,14.1,8.8,0.7,1.37,17.5
2022-07-04,14.5,9.3,0.0,1.37,15.3
2022-07-05,15.4,9.5,33.7,0.45,34.1
2022-07-06,14.9,10.6,1.9,0.74,23.4
2022-07-07,14.8,12.8,13.7,0.76,33.0
2022-07-08,18.5,13.4,34.8,0.54,32.1
2022-07-09,16.4,13.6,1.9,1.6,33.4
2022-07-10,16.8,12.6,1.4,1.17,20.6
2022-07-11,15.6,12.6,18.8,0.39,36.9
2022-07-12,16.5,13.7,25.2,1.15,44.8
2022-07-13,14.9,12.4,8.2,1.26,34.4
2022-07-14,13.6,10.4,15.8,0.48,24.8
2022-07-15,14.9,10.0,2.4,1.35,20.3
2022-07-16,13.0,9.1,0.8,1.63,21.0
2022-07-17,13.6,5.8,0.4,1.41,14.6
2022-07-18,14.0,4.8,0.0,1.1,18.4
2022-07-19,15.6,11.2,8.1,1.07,27.3
2022-07-20,15.0,9.4,6.8,1.02,24.2
2022-07-21,13.1,8.8,3.4,1.69,32.1
2022-07-22,12.3,7.5,0.0,1.58,24.2
2022-07-23,12.8,6.8,0.0,1.58,20.9
2022-07-24,12.5,11.3,13.0,0.75,37.5
2022-07-25,15.3,11.6,35.7,0.53,46.9
2022-07-26,15.0,12.1,11.9,0.99,40.3
2022-07-27,15.1,11.1,2.3,2.16,42.6
2022-07-28,14.2,11.4,7.5,1.57,34.4
2022-07-29,14.4,11.4,0.4,2.28,31.4
2022-07-30,16.0,8.6,0.6,1.84,25.1
2022-07-31,12.2,9.9,4.0,2.22,40.9
2022-08-01,13.7,8.2,0.1,2.15,22.7
2022-08-02,13.9,6.9,0.0,1.39,19.4
2022-08-03,16.3,8.4,0.2,1.77,17.4
2022-08-04,16.5,8.8,0.0,1.67,8.5
2022-08-05,15.6,7.8,0.0,1.66,9.4
2022-08-06,14.8,5.5,0.0,1.49,19.0
2022-08-07,14.4,9.4,18.5,0.52,27.0
2022-08-08,14.2,6.5,3.6,1.27,14.8
2022-08-09,13.4,9.2,10.7,1.08,14.2
2022-08-10,12.8,7.6,8.0,1.22,12.2
2022-08-11,12.4,6.9,0.0,1.74,15.6
2022-08-12,10.9,5.2,0.1,1.97,23.7
2022-08-13,12.4,7.7,2.6,1.24,17.6
2022-08-14,13.6,6.1,0.0,1.65,10.6
2022-08-15,13.9,7.1,1.1,0.98,18.9
2022-08-16,16.8,12.0,1.9,1.65,33.6
2022-08-17,16.1,14.2,11.7,0.89,36.9
2022-08-18,16.4,14.9,65.1,0.36,42.2
2022-08-19,17.5,15.6,20.8,0.98,31.8
2022-08-20,18.5,13.3,10.0,1.47,32.9
2022-08-21,17.2,12.1,1.5,1.63,23.4
2022-08-22,15.6,10.6,18.1,1.59,23.0
2022-08-23,15.1,10.4,0.4,1.88,19.9
2022-08-24,14.4,9.2,0.4,1.41,15.0
2022-08-25,15.2,8.9,19.0,0.65,34.1
2022-08-26,15.6,12.6,3.0,1.43,37.0
2022-08-27,14.6,11.7,0.2,2.25,24.1
2022-08-28,16.5,9.1,0.0,2.32,12.4
2022-08-29,14.6,7.9,0.7,2.39,16.2
2022-08-30,14.2,7.6,0.2,2.07,15.7
2022-08-31,14.8,7.6,0.1,2.11,14.8
2022-09-01,15.9,6.6,0.0,2.43,9.0
2022-09-02,16.0,6.2,0.0,2.53,11.5
2022-09-03,15.8,8.0,14.3,2.12,30.6
2022-09-04,15.1,11.0,1.1,1.98,20.4
2022-09-05,16.1,7.4,39.7,0.47,28.4
2022-09-06,11.1,5.0,0.5,2.64,32.4
2022-09-07,13.9,3.3,0.0,2.03,12.1
2022-09-08,15.2,6.7,0.2,2.51,8.7
2022-09-09,15.1,6.8,0.1,2.42,9.9
2022-09-10,14.2,8.6,1.1,1.86,18.2
2022-09-11,15.9,7.1,2.2,2.06,22.8
2022-09-12,15.5,12.8,11.8,2.08,39.0
2022-09-13,16.1,11.6,3.8,2.62,33.3
2022-09-14,13.9,7.8,0.6,2.93,18.6
2022-09-15,13.2,6.7,0.6,2.57,18.1
2022-09-16,13.9,9.6,0.3,2.65,26.0
2022-09-17,14.6,7.8,0.8,2.33,18.5
2022-09-18,17.1,7.8,0.0,3.0,18.9
2022-09-19,17.3,12.6,8.3,1.61,25.6
2022-09-20,19.3,12.6,6.5,2.29,17.4
2022-09-21,17.8,10.2,0.9,2.53,21.3
2022-09-22,15.4,9.6,11.3,1.85,20.9
2022-09-23,15.9,9.4,10.2,2.08,16.6
2022-09-24,15.8,8.1,1.9,2.39,22.5
2022-09-25,18.5,11.9,0.5,3.13,16.3
2022-09-26,15.1,12.2,1.5,2.75,32.2
2022-09-27,15.6,11.7,2.0,2.4,31.8
2022-09-28,15.9,12.2,2.1,2.33,25.6
2022-09-29,18.2,13.1,2.0,1.83,19.6
2022-09-30,18.8,13.9,10.4,1.51,15.7
2022-10-01,17.1,14.2,43.1,0.67,31.4
2022-10-02,17.0,13.2,12.0,1.7,22.8
2022-10-03,14.8,13.1,4.2,1.44,31.5
2022-10-04,15.9,11.5,7.4,2.4,17.3
2022-10-05,15.1,10.6,1.7,2.63,35.1
2022-10-06,11.8,9.4,1.5,3.63,39.1
2022-10-07,13.6,4.6,0.0,3.52,19.8
2022-10-08,15.7,4.9,0.0,2.8,18.7
2022-10-09,15.6,10.6,1.0,2.42,22.5
2022-10-10,16.0,11.4,1.3,2.83,24.2
2022-10-11,18.6,8.9,0.0,3.54,15.2
2022-10-12,17.2,10.9,1.8,2.19,9.2
2022-10-13,17.9,11.4,3.3,3.04,13.7
2022-10-14,15.1,11.3,6.7,2.35,24.8
2022-10-15,16.6,9.4,0.2,3.49,18.0
2022-10-16,15.1,10.7,0.4,3.26,25.9
2022-10-17,18.5,12.6,18.5,2.27,17.6
2022-10-18,16.1,11.9,1.7,3.11,25.4
2022-10-19,14.6,11.1,0.9,3.67,24.7
2022-10-20,15.9,11.4,1.4,3.49,27.8
2022-10-21,16.3,12.0,1.5,3.43,24.6
2022-10-22,17.2,10.5,0.9,3.81,16.7
2022-10-23,18.0,7.6,0.0,4.02,16.3
2022-10-24,17.1,12.0,0.1,3.54,24.9
2022-10-25,17.4,12.6,0.4,2.85,20.2
2022-10-26,17.6,12.1,2.5,3.21,15.8
2022-10-27,19.5,10.9,0.1,4.02,12.9
2022-10-28,22.5,12.5,1.7,4.06,20.2
2022-10-29,22.3,15.2,14.3,3.4,28.0
2022-10-30,17.6,14.4,33.0,0.84,19.7
2022-10-31,20.7,14.4,2.6,3.45,12.8
2022-11-01,21.1,11.6,0.5,4.31,13.4
2022-11-02,22.7,12.0,0.0,4.67,19.6
2022-11-03,18.8,15.0,3.1,1.6,23.9
2022-11-04,18.6,14.1,0.4,3.94,18.4
2022-11-05,17.2,13.4,0.2,4.09,25.0
2022-11-06,18.3,10.4,2.1,3.54,22.6
2022-11-07,17.8,13.4,0.7,3.89,27.0
2022-11-08,17.7,13.4,29.4,2.12,28.5
2022-11-09,19.5,13.8,8.8,2.99,25.9
2022-11-10,20.3,14.2,3.1,3.59,32.8
2022-11-11,20.0,12.5,20.1,1.74,41.4
2022-11-12,20.1,14.9,1.9,3.75,20.4
2022-11-13,18.2,14.4,1.0,3.5,20.6
2022-11-14,20.3,14.1,1.1,4.11,17.5
2022-11-15,20.2,13.2,4.4,3.21,12.6
2022-11-16,21.4,14.9,5.2,3.9,14.4
2022-11-17,18.6,13.8,46.6,1.54,15.6
2022-11-18,18.8,14.9,24.9,1.79,27.4
2022-11-19,20.8,13.1,27.3,3.52,25.8
2022-11-20,19.0,13.8,20.2,3.08,29.0
2022-11-21,18.6,15.1,3.8,2.12,38.5
2022-11-22,21.2,15.4,27.7,2.4,29.9
2022-11-23,18.1,12.2,4.9,4.58,35.9
2022-11-24,17.0,11.6,30.0,3.68,35.0
2022-11-25,17.0,11.2,4.6,4.71,34.1
2022-11-26,18.2,13.1,0.6,4.14,18.4
2022-11-27,18.4,12.1,22.7,1.87,26.0
2022-11-28,17.0,13.1,2.1,4.0,27.5
2022-11-29,20.0,13.4,3.7,3.84,19.5
2022-11-30,17.9,13.9,20.2,2.63,32.1
2022-12-01,16.8,13.9,2.8,3.95,36.4
2022-12-02,17.5,14.1,0.3,4.45,24.1
2022-12-03,19.5,12.6,3.4,4.95,18.0
2022-12-04,18.0,11.6,0.0,4.73,17.6
2022-12-05,17.5,12.2,0.9,3.49,18.4
2022-12-06,20.5,11.6,3.0,3.43,10.3
2022-12-07,17.2,14.0,13.1,1.64,35.5
2022-12-08,17.8,13.2,5.5,2.76,39.2
2022-12-09,20.9,15.8,8.4,2.12,33.7
2022-12-10,22.6,17.0,18.0,3.32,25.9
2022-12-11,19.7,15.9,12.7,2.04,17.7
2022-12-12,22.8,14.6,0.8,5.32,11.8
2022-12-13,22.3,15.2,0.8,3.71,23.0
2022-12-14,19.5,16.1,28.1,1.41,29.6
2022-12-15,23.2,16.8,6.9,3.43,26.4
2022-12-16,22.6,18.1,0.4,4.11,16.2
2022-12-17,19.8,17.0,17.0,1.22,9.3
2022-12-18,22.5,15.7,3.7,4.14,14.8
2022-12-19,22.0,14.5,0.9,5.17,11.4
2022-12-20,22.2,15.2,2.8,4.75,14.7
2022-12-21,22.6,14.0,0.6,4.58,14.9
2022-12-22,22.0,15.5,0.7,4.66,14.6
2022-12-23,21.7,15.9,2.4,4.59,21.4
2022-12-24,20.9,16.5,1.0,4.12,14.2
2022-12-25,21.0,15.5,2.0,4.64,14.3
2022-12-26,23.0,16.1,1.4,4.52,12.6
2022-12-27,23.0,15.9,3.9,4.92,9.0
2022-12-28,24.2,16.5,0.0,5.24,15.5
2022-12-29,22.0,16.1,1.5,4.67,15.5
2022-12-30,21.9,16.6,0.0,4.92,21.1
2022-12-31,23.0,15.6,2.6,4.94,23.5
2023-01-01,20.9,15.9,0.1,4.64,22.0
2023-01-02,19.6,15.9,1.4,3.89,32.1
2023-01-03,20.2,16.5,4.2,3.69,37.2
2023-01-04,18.8,16.8,26.1,1.37,40.9
2023-01-05,19.4,17.7,34.1,1.34,39.9
2023-01-06,20.6,18.2,12.2,1.34,31.2
2023-01-07,22.0,17.9,11.0,1.76,16.9
2023-01-08,24.8,16.5,3.2,4.82,14.9
2023-01-09,23.1,18.5,4.4,4.25,27.8
2023-01-10,18.9,16.3,38.9,1.3,36.0
2023-01-11,19.5,15.8,17.7,2.4,39.6
2023-01-12,21.1,16.9,5.1,3.75,29.4
2023-01-13,21.1,16.0,1.9,3.53,12.1
2023-01-14,21.3,15.7,13.2,3.89,10.8
2023-01-15,22.0,16.5,1.2,4.29,13.9
2023-01-16,21.0,15.4,1.7,4.36,14.5
2023-01-17,21.0,14.7,4.2,4.1,9.3
2023-01-18,22.0,14.0,0.3,4.77,14.8
2023-01-19,22.7,15.8,0.0,4.98,13.2
2023-01-20,21.6,17.1,0.3,4.84,21.2
2023-01-21,22.0,17.4,1.9,4.15,19.6
2023-01-22,23.0,16.1,0.0,4.75,15.1
2023-01-23,21.2,16.3,0.0,5.14,18.3
2023-01-24,20.8,14.4,1.3,2.96,21.4
2023-01-25,22.0,17.4,0.3,4.72,25.6
2023-01-26,22.1,16.8,1.9,4.71,29.9
2023-01-27,19.9,18.0,58.2,1.02,41.4
2023-01-28,23.5,18.6,29.7,3.07,23.0
2023-01-29,22.9,19.9,4.6,2.78,30.6
2023-01-30,20.5,18.6,8.1,1.7,26.3
2023-01-31,20.0,18.5,17.2,1.45,38.8
2023-02-01,25.5,18.8,25.6,3.81,37.7
2023-02-02,24.3,18.6,5.7,3.77,25.3
2023-02-03,23.5,20.3,11.3,2.58,24.3
2023-02-04,24.0,19.1,2.9,2.84,16.4
2023-02-05,24.5,18.3,3.3,4.09,21.3
2023-02-06,21.2,17.9,4.0,2.1,26.8
2023-02-07,21.6,16.6,0.2,4.52,20.1
2023-02-08,21.5,17.3,0.7,4.29,20.3
2023-02-09,20.2,16.6,0.2,4.8,22.8
2023-02-10,22.2,16.2,1.7,4.79,17.9
2023-02-11,20.3,17.5,1.1,3.57,32.4
2023-02-12,17.9,15.8,26.3,1.14,41.1
2023-02-13,17.0,15.2,108.3,0.83,51.5
2023-02-14,19.0,16.4,32.0,1.94,54.4
2023-02-15,21.4,17.3,1.1,4.24,33.6
2023-02-16,20.2,16.6,2.8,3.7,12.7
2023-02-17,20.9,15.6,0.2,4.47,21.1
2023-02-18,21.6,14.2,1.7,3.95,10.0
2023-02-19,21.9,14.6,0.2,4.16,11.1
2023-02-20,22.3,16.0,0.0,3.99,15.1
2023-02-21,23.1,14.9,0.9,4.14,12.2
2023-02-22,21.7,15.0,1.7,3.65,16.3
2023-02-23,20.5,16.0,4.7,2.74,17.6
2023-02-24,17.4,14.6,39.5,1.27,25.9
2023-02-25,20.4,13.8,2.7,3.07,23.6
2023-02-26,22.6,14.1,3.2,4.1,11.8
2023-02-27,20.2,15.8,11.4,2.57,12.8
2023-02-28,20.9,13.1,0.0,3.78,16.4
2023-03-01,22.1,15.1,0.9,4.05,9.5
2023-03-02,21.5,14.5,0.0,3.96,14.2
2023-03-03,22.0,13.8,0.6,3.61,14.2
2023-03-04,22.2,17.1,0.0,3.8,18.3
2023-03-05,20.3,15.3,0.0,3.78,21.5
2023-03-06,20.9,16.4,1.5,3.47,16.1
2023-03-07,20.7,13.0,2.5,3.57,15.6
2023-03-08,20.1,12.6,0.0,3.83,15.6
2023-03-09,20.8,14.9,0.1,3.09,20.2
2023-03-10,22.1,17.5,26.3,2.23,27.4
2023-03-11,20.3,17.1,0.0,4.13,27.7
2023-03-12,21.0,16.8,0.0,3.73,15.0
2023-03-13,20.4,16.0,3.2,2.25,29.4
2023-03-14,19.4,14.9,0.0,4.27,18.4
2023-03-15,21.5,12.9,0.0,3.62,9.6
2023-03-16,21.5,12.0,2.0,3.04,24.9
2023-03-17,23.1,16.6,30.7,2.55,27.8
2023-03-18,20.7,16.2,4.8,3.25,22.2
2023-03-19,19.8,14.5,0.0,2.99,15.2
2023-03-20,20.3,13.0,0.0,2.88,13.2
2023-03-21,20.2,14.9,12.5,1.72,35.3
2023-03-22,17.6,13.9,0.5,3.78,25.9
2023-03-23,19.2,12.6,0.3,3.4,14.0
2023-03-24,19.1,11.1,0.5,2.77,7.1
2023-03-25,20.0,11.6,0.3,2.58,14.9
2023-03-26,20.9,15.1,0.7,2.62,20.3
2023-03-27,21.1,15.8,2.4,2.39,10.8
2023-03-28,19.3,13.8,3.4,2.42,21.4
2023-03-29,15.8,12.2,0.7,3.7,28.4
2023-03-30,17.6,9.5,0.0,3.13,17.8
2023-03-31,19.4,9.2,0.4,3.16,14.3
2023-04-01,20.9,15.1,14.5,1.46,23.1
2023-04-02,20.6,16.1,0.4,2.66,13.8
2023-04-03,18.5,15.4,0.3,3.22,24.5
2023-04-04,18.5,13.1,0.0,3.11,19.3
2023-04-05,19.4,11.1,0.8,2.61,9.8
2023-04-06,16.7,10.6,29.7,0.69,19.9
2023-04-07,21.0,13.6,5.3,2.88,20.6
2023-04-08,18.7,11.9,0.0,3.12,22.2
2023-04-09,20.0,10.4,12.5,1.52,31.5
2023-04-10,22.4,15.5,3.9,2.47,27.5
2023-04-11,21.9,15.6,11.7,2.35,27.5
2023-04-12,19.1,15.3,7.9,1.72,25.3
2023-04-13,19.5,14.3,3.8,1.95,10.4
2023-04-14,19.9,16.1,2.2,2.14,27.0
2023-04-15,18.4,15.6,0.2,2.93,40.2
2023-04-16,18.5,16.4,1.5,2.67,41.4
2023-04-17,19.5,16.0,0.8,2.81,35.3
2023-04-18,19.9,16.5,0.7,2.17,30.4
2023-04-19,20.6,17.4,1.4,1.69,26.5
2023-04-20,21.5,17.8,1.2,1.88,22.8
2023-04-21,19.3,17.7,6.6,0.96,35.4
2023-04-22,20.5,17.4,4.9,0.9,26.9
2023-04-23,18.9,15.6,1.2,1.47,19.2
2023-04-24,16.8,11.6,0.7,3.0,39.6
2023-04-25,17.0,8.5,0.1,2.49,28.5
2023-04-26,18.1,14.5,1.2,2.58,32.5
2023-04-27,17.5,12.5,0.1,1.83,11.6
2023-04-28,17.5,13.9,0.7,1.92,19.3
2023-04-29,17.6,13.1,0.6,1.8,31.6
2023-04-30,18.2,15.9,9.5,1.0,40.2
2023-05-01,20.9,17.4,18.7,0.99,35.3
2023-05-02,20.4,16.0,1.7,1.41,14.8
2023-05-03,20.0,16.9,28.3,0.81,27.0
2023-05-04,19.1,17.4,35.3,0.6,35.0
2023-05-05,18.6,17.1,8.7,0.72,33.9
2023-05-06,18.5,16.9,0.9,0.94,28.9
2023-05-07,19.2,16.8,0.6,1.38,28.2
2023-05-08,19.2,16.9,1.4,1.49,32.0
2023-05-09,18.2,16.5,42.5,0.55,33.9
2023-05-10,16.7,11.2,3.0,2.02,43.7
2023-05-11,13.5,10.4,9.8,2.38,40.5
2023-05-12,14.3,7.9,0.0,1.97,23.0
2023-05-13,15.9,9.7,0.6,1.51,15.2
2023-05-14,16.5,12.8,0.9,1.64,16.2
2023-05-15,16.4,12.6,3.2,1.62,17.7
2023-05-16,15.4,12.2,1.2,1.87,17.3
2023-05-17,16.6,8.9,0.2,1.77,16.1
2023-05-18,16.1,9.2,6.0,1.31,34.6
2023-05-19,18.8,14.9,9.1,1.79,40.5
2023-05-20,16.6,14.6,19.6,1.71,49.4
2023-05-21,15.6,13.4,1.3,2.46,41.7
2023-05-22,16.1,11.8,14.9,1.03,24.2
2023-05-23,16.5,11.1,4.5,1.38,32.1
2023-05-24,16.5,13.1,0.0,1.96,29.4
2023-05-25,16.2,10.1,0.0,1.55,13.6
2023-05-26,16.2,8.0,0.0,1.44,9.9
2023-05-27,16.2,10.2,0.7,1.01,23.9
2023-05-28,17.5,14.6,2.3,1.85,36.7
2023-05-29,18.5,13.9,15.9,1.12,40.7
2023-05-30,16.9,12.6,5.4,0.94,14.7
2023-05-31,16.0,12.9,0.5,1.69,19.2
2023-06-01,17.1,13.5,0.6,1.4,23.3
2023-06-02,17.0,13.1,7.3,1.03,30.1
2023-06-03,15.4,12.4,0.1,2.18,27.5
2023-06-04,15.4,10.4,3.7,1.42,22.7
2023-06-05,13.2,7.8,2.0,1.2,27.1
2023-06-06,13.2,10.4,5.4,1.28,35.4
2023-06-07,15.0,10.0,0.0,1.94,26.3
2023-06-08,14.8,9.9,0.0,1.68,22.4
2023-06-09,14.6,8.8,0.0,1.45,17.3
2023-06-10,14.1,7.7,0.0,1.34,14.9
2023-06-11,14.5,6.8,0.2,1.48,21.4
2023-06-12,15.3,11.1,0.3,1.58,26.2
2023-06-13,14.4,11.0,0.0,1.62,21.2
2023-06-14,13.3,6.8,0.0,1.42,17.3
2023-06-15,12.9,6.1,0.0,1.13,14.4
2023-06-16,12.9,10.6,6.7,0.79,17.8
2023-06-17,11.5,9.2,10.6,0.38,17.6
2023-06-18,12.9,8.5,12.4,0.68,18.9
2023-06-19,14.5,7.4,0.5,1.19,13.2
2023-06-20,15.6,7.1,4.1,1.15,16.0
2023-06-21,15.1,11.1,4.4,1.07,27.1
2023-06-22,14.1,11.8,10.5,0.74,30.5
2023-06-23,15.0,11.8,5.3,0.86,23.1
2023-06-24,15.4,12.0,11.0,0.88,28.3
2023-06-25,15.6,11.2,5.3,1.2,27.9
2023-06-26,16.1,9.9,12.5,0.91,19.9
2023-06-27,12.7,10.1,4.6,0.92,20.4
2023-06-28,14.6,10.9,1.2,1.64,23.9
2023-06-29,13.9,10.5,4.0,1.49,32.2
2023-06-30,13.4,9.9,19.6,1.6,38.5
2023-07-01,13.4,8.9,5.1,2.31,38.2
2023-07-02,13.1,9.1,8.3,1.52,37.1
2023-07-03,14.3,10.8,2.0,2.33,49.3
2023-07-04,14.4,12.7,0.4,2.08,37.7
2023-07-05,14.3,12.4,0.9,1.48,30.9
2023-07-06,14.4,7.3,0.3,1.38,19.9
2023-07-07,13.3,6.2,25.2,0.64,35.0
2023-07-08,13.6,10.1,9.3,0.6,21.0
2023-07-09,13.6,9.1,14.9,0.93,33.0
2023-07-10,14.3,10.8,2.2,1.32,21.9
2023-07-11,13.6,10.8,4.5,1.32,25.6
2023-07-12,14.6,11.1,1.5,1.6,29.8
2023-07-13,14.2,11.8,0.4,2.12,32.1
2023-07-14,14.6,12.7,1.1,1.46,31.6
2023-07-15,15.1,12.8,1.4,1.64,27.7
2023-07-16,15.4,12.9,1.1,1.73,32.4
2023-07-17,14.2,11.9,0.3,2.17,33.0
2023-07-18,14.6,11.2,0.4,1.48,22.5
2023-07-19,13.9,9.2,0.6,1.12,14.8
2023-07-20,14.5,7.7,5.7,1.13,37.4
2023-07-21,12.6,10.6,41.4,0.69,49.1
2023-07-22,12.9,7.9,0.1,1.67,28.8
2023-07-23,12.9,8.9,1.1,1.61,25.2
2023-07-24,13.8,7.9,2.0,0.94,18.9
2023-07-25,14.2,10.2,1.9,1.37,35.6
2023-07-26,11.6,8.2,5.6,2.04,41.9
2023-07-27,13.0,8.4,11.7,1.88,32.4
2023-07-28,12.0,6.2,0.1,1.77,28.9
2023-07-29,12.8,5.6,0.1,1.32,15.3
2023-07-30,13.1,6.2,0.6,1.26,11.9
2023-07-31,13.4,5.3,0.7,1.09,13.0
2023-08-01,14.6,8.4,1.3,1.42,28.9
2023-08-02,13.0,7.7,10.5,1.83,42.7
2023-08-03,11.8,6.9,0.0,2.22,24.0
2023-08-04,13.8,8.9,0.1,1.78,28.2
2023-08-05,15.6,7.6,0.1,1.83,20.8
2023-08-06,14.4,5.9,0.8,1.52,11.0
2023-08-07,13.4,7.3,1.2,1.25,16.9
2023-08-08,11.6,8.6,4.7,0.92,17.6
2023-08-09,12.4,8.1,0.8,1.91,23.7
2023-08-10,11.8,8.1,3.9,1.53,25.5
2023-08-11,12.1,7.1,0.0,2.21,23.7
2023-08-12,12.4,7.8,0.4,1.14,14.0
2023-08-13,13.9,5.5,1.1,1.22,13.9
2023-08-14,13.5,9.1,5.3,0.89,23.2
2023-08-15,13.2,8.6,0.8,1.74,18.9
2023-08-16,13.2,8.2,5.1,1.73,28.8
2023-08-17,12.9,8.6,2.4,2.13,27.4
2023-08-18,12.9,5.1,0.6,1.72,13.1
2023-08-19,13.6,5.0,3.5,1.01,29.0
2023-08-20,12.9,9.9,23.7,0.74,21.1
2023-08-21,13.1,9.1,7.6,1.81,41.4
2023-08-22,13.4,9.3,0.0,2.23,22.8
2023-08-23,13.3,5.9,0.1,1.71,11.9
2023-08-24,12.1,5.6,0.8,1.44,7.5
2023-08-25,13.3,5.6,0.0,1.91,6.9
2023-08-26,12.6,3.7,0.4,1.79,13.8
2023-08-27,14.1,7.6,1.2,1.76,24.3
2023-08-28,12.6,6.4,0.3,1.98,18.2
2023-08-29,14.1,4.7,0.0,2.34,11.7
2023-08-30,14.2,4.1,6.4,1.71,11.8
2023-08-31,14.9,4.8,0.0,2.15,8.7
2023-09-01,16.2,4.1,0.3,1.97,17.1
2023-09-02,16.5,10.6,0.2,2.28,28.3
2023-09-03,15.1,11.8,2.0,1.54,32.9
2023-09-04,14.4,12.1,16.3,0.88,37.0
2023-09-05,17.2,12.4,2.6,1.88,29.0
2023-09-06,18.5,11.0,5.1,2.07,14.0
2023-09-07,14.9,10.4,7.9,0.84,16.9
2023-09-08,16.7,9.6,0.0,2.55,12.9
2023-09-09,16.2,10.2,0.2,2.26,29.0
2023-09-10,15.5,10.3,1.3,2.11,23.7
2023-09-11,16.0,10.6,21.1,1.57,27.6
2023-09-12,14.6,9.8,0.9,2.4,21.1
2023-09-13,14.6,10.1,0.6,2.72,26.3
2023-09-14,14.4,11.2,0.5,2.68,27.7
2023-09-15,14.4,11.0,3.9,2.5,34.3
2023-09-16,15.3,9.1,0.1,2.48,13.9
2023-09-17,15.3,10.0,0.0,2.68,32.6
2023-09-18,15.5,11.9,6.0,1.74,31.6
2023-09-19,15.9,10.2,0.0,2.74,14.9
2023-09-20,16.9,10.1,0.0,2.25,12.0
2023-09-21,21.1,9.9,0.0,3.17,15.3
2023-09-22,19.0,12.1,2.8,2.39,20.9
2023-09-23,18.5,13.9,27.1,1.32,29.2
2023-09-24,14.9,10.9,5.7,1.84,24.3
2023-09-25,16.5,11.6,9.6,1.46,18.1
2023-09-26,15.5,11.7,6.8,2.36,34.9
2023-09-27,14.3,10.9,3.1,2.6,36.0
2023-09-28,12.9,11.4,21.9,2.26,36.6
2023-09-29,13.9,11.4,1.6,2.94,41.7
2023-09-30,12.7,9.8,24.9,2.5,44.8
2023-10-01,13.9,9.6,0.9,2.87,27.2
2023-10-02,16.0,12.7,3.1,2.69,38.1
2023-10-03,14.3,9.0,0.4,3.2,30.1
2023-10-04,14.1,4.3,0.0,3.14,16.3
2023-10-05,15.1,10.3,0.0,2.68,22.9
2023-10-06,14.9,11.9,0.1,2.28,15.0
2023-10-07,15.4,9.9,4.2,1.18,27.0
2023-10-08,15.1,8.2,8.0,2.71,26.4
2023-10-09,14.6,11.4,0.7,3.2,32.4
2023-10-10,14.5,11.6,2.3,2.6,33.5
2023-10-11,14.5,10.8,0.7,3.22,23.0
2023-10-12,13.7,11.1,0.5,2.73,32.4
2023-10-13,15.9,12.1,0.5,2.91,18.7
2023-10-14,17.5,11.7,5.3,2.9,27.5
2023-10-15,16.6,12.4,2.2,2.83,29.4
2023-10-16,20.0,11.1,0.3,3.18,16.7
2023-10-17,20.5,12.9,3.6,3.52,21.4
2023-10-18,20.4,13.3,1.1,3.22,18.2
2023-10-19,20.0,12.2,0.0,3.61,16.9
2023-10-20,19.1,12.9,2.4,2.33,13.9
2023-10-21,17.9,13.1,0.1,3.33,25.9
2023-10-22,17.1,12.4,0.5,3.19,23.8
2023-10-23,17.5,9.9,12.0,2.82,16.1
2023-10-24,18.9,12.3,4.4,3.09,21.4
2023-10-25,17.4,13.2,3.8,2.54,33.8
2023-10-26,18.5,13.1,1.8,2.81,35.6
2023-10-27,15.8,10.8,5.7,1.87,37.9
2023-10-28,15.9,9.2,0.0,3.4,23.3
2023-10-29,14.5,11.1,5.2,2.81,43.6
2023-10-30,17.1,10.8,28.6,1.45,43.6
2023-10-31,19.9,14.6,28.5,2.49,26.6
2023-11-01,18.4,11.6,0.3,3.29,20.5
2023-11-02,19.1,10.9,3.3,3.24,18.7
2023-11-03,16.7,12.6,12.3,1.78,23.2
2023-11-04,18.3,11.3,0.2,3.51,20.1
2023-11-05,17.6,11.0,0.1,3.87,17.3
2023-11-06,16.5,11.5,0.8,3.63,18.6
2023-11-07,15.1,10.3,2.4,3.68,16.7
2023-11-08,15.3,9.4,4.3,3.39,29.5
2023-11-09,17.1,10.9,0.8,3.83,17.0
2023-11-10,17.8,9.6,1.7,3.95,12.4
2023-11-11,18.3,8.5,0.0,4.26,12.6
2023-11-12,17.0,10.5,0.0,4.23,17.8
2023-11-13,17.3,9.1,0.0,4.33,16.6
2023-11-14,19.0,8.6,5.2,2.45,23.3
2023-11-15,17.5,13.4,1.0,3.3,22.6
2023-11-16,19.1,10.6,0.3,3.84,14.3
2023-11-17,20.0,12.3,3.8,2.83,34.6
2023-11-18,19.0,14.6,12.8,1.51,25.3
2023-11-19,20.6,15.0,18.8,2.48,32.7
2023-11-20,20.4,14.3,23.2,3.04,23.4
2023-11-21,20.5,14.8,2.2,4.2,17.2
2023-11-22,21.2,13.8,2.4,4.17,11.6
2023-11-23,19.0,13.1,0.0,3.99,21.1
2023-11-24,16.2,10.8,2.3,3.76,32.3
2023-11-25,16.9,10.6,0.0,3.98,28.0
2023-11-26,16.6,12.5,0.0,3.68,29.5
2023-11-27,17.1,13.2,0.1,4.05,22.9
2023-11-28,18.4,13.6,1.6,3.47,33.6
2023-11-29,18.0,12.6,0.4,3.94,23.4
2023-11-30,16.4,13.2,0.7,3.48,17.6
2023-12-01,18.5,11.7,0.3,3.81,13.3
2023-12-02,19.4,13.9,2.3,3.41,28.0
2023-12-03,19.2,15.7,6.8,1.5,35.7
2023-12-04,21.0,15.9,26.3,3.08,13.1
2023-12-05,18.9,15.0,10.4,1.64,20.5
2023-12-06,19.6,13.6,0.5,4.27,18.5
2023-12-07,18.1,13.9,2.4,3.46,27.2
2023-12-08,18.2,12.2,0.0,4.64,20.2
2023-12-09,20.4,8.8,0.0,4.51,15.1
2023-12-10,19.0,11.6,2.2,3.34,25.6
2023-12-11,20.6,13.6,0.0,4.74,19.2
2023-12-12,17.0,13.4,0.9,3.71,37.7
2023-12-13,16.6,13.3,1.9,3.68,38.4
2023-12-14,18.2,14.9,0.0,4.23,32.1
2023-12-15,18.2,13.7,0.8,3.58,20.3
2023-12-16,20.0,13.5,0.2,4.17,18.3
2023-12-17,22.2,12.5,0.1,5.04,22.4
2023-12-18,22.5,16.6,0.0,4.04,20.7
2023-12-19,22.0,16.1,2.7,3.59,14.4
2023-12-20,23.0,15.4,2.2,4.13,14.6
2023-12-21,24.3,15.5,0.0,5.12,9.4
2023-12-22,22.9,16.2,0.1,3.83,21.8
2023-12-23,24.8,17.6,7.5,3.3,24.1
2023-12-24,23.5,18.6,26.3,2.82,21.0
2023-12-25,22.3,17.8,9.2,2.46,26.4
2023-12-26,22.3,18.5,1.7,3.92,19.9
2023-12-27,22.0,14.9,0.5,4.67,13.0
2023-12-28,22.7,14.8,3.1,3.71,28.5
2023-12-29,23.0,18.0,11.0,2.81,29.2
2023-12-30,22.9,18.8,3.2,4.12,23.6
2023-12-31,23.4,17.5,19.8,1.99,35.9
2024-01-01,19.0,14.5,0.3,4.91,24.5
2024-01-02,19.2,14.2,0.1,4.1,16.4
2024-01-03,20.9,13.7,0.2,4.55,17.0
2024-01-04,21.3,13.4,4.7,4.47,7.5
2024-01-05,20.8,13.1,1.2,2.85,10.1
2024-01-06,20.9,15.1,20.2,3.27,19.5
2024-01-07,23.1,15.4,3.5,4.63,12.3
2024-01-08,23.5,15.8,1.2,4.68,16.1
2024-01-09,23.2,15.1,1.9,4.59,9.2
2024-01-10,24.1,15.6,0.2,4.96,21.2
2024-01-11,23.2,16.3,0.2,4.66,17.8
2024-01-12,23.7,14.4,0.1,5.21,15.1
2024-01-13,24.8,14.8,0.8,5.13,8.4
2024-01-14,26.8,15.4,0.2,5.41,20.3
2024-01-15,23.8,18.6,14.9,2.16,19.0
2024-01-16,24.6,17.4,3.0,4.67,17.9
2024-01-17,25.5,18.9,1.6,5.05,18.6
2024-01-18,25.0,19.2,1.3,4.52,22.9
2024-01-19,25.1,19.2,8.9,3.62,26.8
2024-01-20,25.9,19.4,0.3,4.89,18.6
2024-01-21,26.5,17.5,1.0,4.95,19.9
2024-01-22,26.0,20.0,1.7,4.26,16.9
2024-01-23,24.0,17.9,15.4,3.47,31.8
2024-01-24,19.9,16.5,0.0,4.81,24.9
2024-01-25,22.0,15.6,1.2,5.31,20.9
2024-01-26,23.3,13.4,0.1,5.16,16.4
2024-01-27,22.5,14.9,3.5,2.57,27.1
2024-01-28,24.0,17.8,28.2,1.82,35.7
2024-01-29,21.0,16.1,1.9,4.8,28.4
2024-01-30,24.0,17.4,0.1,5.02,21.9
2024-01-31,25.8,17.8,0.0,5.32,16.5
2024-02-01,22.1,17.2,0.0,4.95,22.5
2024-02-02,22.5,17.5,5.5,3.49,45.2
2024-02-03,19.7,14.4,10.2,4.32,46.4
2024-02-04,21.2,16.2,0.0,5.53,31.3
2024-02-05,21.3,13.2,0.0,4.29,15.8
2024-02-06,23.8,13.9,0.0,4.73,16.7
2024-02-07,23.0,14.9,0.0,4.76,17.6
2024-02-08,22.6,15.2,0.0,4.82,18.7
2024-02-09,24.7,17.1,0.9,3.83,27.5
2024-02-10,24.0,16.3,3.2,3.58,21.7
2024-02-11,20.0,16.1,0.1,4.99,28.7
2024-02-12,22.5,11.5,0.1,4.77,14.6
2024-02-13,21.9,13.3,0.0,4.64,16.2
2024-02-14,23.5,12.2,0.4,4.33,9.2
2024-02-15,25.0,14.0,0.4,4.65,17.3
2024-02-16,23.5,14.4,4.7,3.85,8.1
2024-02-17,23.9,15.1,7.6,3.59,8.7
2024-02-18,24.1,15.5,0.5,3.86,10.3
2024-02-19,23.5,15.5,0.0,4.43,21.2
2024-02-20,22.8,16.1,1.3,4.32,20.7
2024-02-21,20.5,14.1,0.0,4.88,20.5
2024-02-22,22.6,12.2,0.0,4.52,15.9
2024-02-23,22.1,15.5,1.4,3.37,14.8
2024-02-24,25.5,13.1,0.0,4.6,19.0
2024-02-25,22.1,17.1,15.2,1.55,29.3
2024-02-26,20.2,16.9,13.6,1.33,16.8
2024-02-27,20.9,14.5,0.8,3.34,20.2
2024-02-28,21.6,12.8,0.5,4.07,19.4
2024-02-29,23.2,15.3,0.0,4.43,16.6
2024-03-01,21.3,12.9,0.0,4.17,23.3
2024-03-02,20.4,16.5,2.9,3.25,27.0
2024-03-03,20.8,18.8,11.6,1.72,30.0
2024-03-04,22.1,16.4,22.2,1.49,43.0
2024-03-05,18.0,15.6,0.8,4.34,32.2
2024-03-06,19.0,13.2,0.0,3.83,23.4
2024-03-07,19.2,11.5,0.1,2.89,17.1
2024-03-08,21.0,14.9,1.0,3.11,22.5
2024-03-09,19.2,13.9,0.0,3.58,23.8
2024-03-10,22.0,14.1,0.3,3.58,18.4
2024-03-11,20.0,13.1,0.1,3.27,29.3
2024-03-12,20.4,17.5,6.4,1.92,18.5
2024-03-13,21.0,16.6,1.5,2.15,23.0
2024-03-14,20.8,17.0,2.1,2.39,20.6
2024-03-15,18.5,14.4,15.1,1.55,26.6
2024-03-16,17.0,12.9,0.7,3.76,22.7
2024-03-17,17.9,9.6,0.1,2.27,15.2
2024-03-18,18.3,13.5,0.8,3.07,24.7
2024-03-19,18.9,11.4,0.0,3.77,20.2
2024-03-20,18.1,8.9,0.0,3.64,13.8
2024-03-21,19.0,7.3,0.0,3.14,14.9
2024-03-22,21.0,7.4,0.0,3.18,16.1
2024-03-23,20.2,14.2,5.0,2.5,19.9
2024-03-24,20.8,13.4,4.9,2.58,16.6
2024-03-25,19.7,14.6,1.1,3.02,24.2
2024-03-26,20.1,16.2,2.0,2.84,26.3
2024-03-27,19.9,16.0,5.5,2.16,32.7
2024-03-28,18.6,14.6,2.7,2.58,31.3
2024-03-29,16.1,13.1,3.1,2.97,31.0
2024-03-30,16.4,10.0,0.0,3.3,30.5
2024-03-31,17.1,11.4,0.0,3.37,27.1
2024-04-01,19.3,11.1,0.0,2.9,14.8
2024-04-02,19.9,9.9,0.7,2.74,6.4
2024-04-03,19.9,10.5,1.1,2.18,11.9
2024-04-04,20.8,12.8,0.3,2.68,16.6
2024-04-05,17.9,14.9,3.0,2.31,24.7
2024-04-06,19.4,12.6,0.7,1.97,16.8
2024-04-07,18.5,12.4,1.5,2.22,16.0
2024-04-08,20.0,12.5,0.0,2.72,20.3
2024-04-09,21.2,14.2,1.1,2.45,23.8
2024-04-10,21.4,16.6,0.2,2.54,31.3
2024-04-11,20.2,17.7,5.4,1.12,42.4
2024-04-12,20.5,15.1,12.7,2.09,38.2
2024-04-13,17.5,15.0,1.9,2.62,37.8
2024-04-14,18.1,13.7,0.9,2.39,20.3
2024-04-15,18.3,12.6,1.4,2.23,16.6
2024-04-16,18.4,13.9,0.9,2.34,22.5
2024-04-17,18.8,14.4,1.7,2.38,23.2
2024-04-18,18.0,13.6,1.6,2.04,15.1
2024-04-19,19.5,13.2,9.1,2.03,23.3
2024-04-20,19.1,14.5,27.6,0.83,21.0
2024-04-21,17.0,14.9,0.9,1.79,33.9
2024-04-22,17.5,14.8,1.3,2.38,29.9
2024-04-23,18.5,10.1,0.1,2.21,17.9
2024-04-24,17.1,9.0,0.0,2.14,14.5
2024-04-25,17.6,8.1,0.4,1.11,15.6
2024-04-26,17.5,13.1,3.2,1.8,23.4
2024-04-27,15.9,10.6,0.0,2.31,19.1
2024-04-28,16.8,8.9,0.4,1.88,7.9
2024-04-29,16.9,10.0,0.2,1.77,22.1
2024-04-30,18.6,10.5,0.0,2.1,12.6
2024-05-01,17.5,12.1,2.3,2.01,25.5
2024-05-02,15.6,12.2,3.5,2.32,37.8
2024-05-03,15.4,9.8,0.8,1.6,20.8
2024-05-04,16.8,8.4,0.2,1.64,12.0
2024-05-05,16.9,9.1,0.6,1.77,14.7
2024-05-06,15.6,10.1,9.6,1.24,11.8
2024-05-07,15.3,8.5,0.0,1.65,18.4
2024-05-08,14.2,5.9,0.0,1.92,15.5
2024-05-09,13.9,6.6,0.0,1.96,20.0
2024-05-10,13.1,6.2,0.0,2.1,25.5
2024-05-11,13.5,6.7,0.0,1.88,16.9
2024-05-12,15.1,3.8,0.0,1.65,7.4
2024-05-13,15.4,7.5,1.1,1.42,12.6
2024-05-14,15.2,6.1,1.3,1.1,19.7
2024-05-15,17.6,13.1,10.7,1.43,29.2
2024-05-16,17.0,13.5,8.5,1.81,45.9
2024-05-17,16.5,10.3,0.1,1.6,21.2
2024-05-18,15.6,5.6,0.0,1.54,12.2
2024-05-19,14.9,6.2,0.1,1.4,10.0
2024-05-20,15.7,7.9,18.8,0.7,37.1
2024-05-21,16.6,13.6,5.6,1.2,34.5
2024-05-22,17.6,10.9,7.1,1.29,16.2
2024-05-23,15.7,9.2,2.9,1.35,9.5
2024-05-24,14.1,9.4,7.7,1.03,21.6
2024-05-25,14.7,10.1,1.6,1.73,28.2
2024-05-26,15.4,13.2,1.2,2.24,38.3
2024-05-27,14.4,11.9,2.1,1.28,23.7
2024-05-28,14.6,10.5,5.2,1.7,25.0
2024-05-29,13.2,10.1,8.5,1.93,54.2
2024-05-30,15.2,11.1,0.1,2.61,35.0
2024-05-31,16.5,13.6,0.0,1.6,26.2
2024-06-01,16.1,12.3,0.0,1.32,21.3
2024-06-02,17.0,13.8,1.4,0.96,21.7
2024-06-03,16.5,11.9,0.5,1.13,19.8
2024-06-04,14.6,8.6,0.0,1.11,15.4
2024-06-05,15.4,9.9,0.3,1.4,26.3
2024-06-06,15.6,11.6,0.3,1.31,22.3
2024-06-07,15.9,11.5,2.0,0.83,16.2
2024-06-08,16.9,11.9,0.2,0.86,21.1
2024-06-09,17.0,14.0,10.3,0.72,32.1
2024-06-10,17.5,12.2,18.0,0.99,30.1
2024-06-11,14.6,10.4,0.3,1.16,20.3
2024-06-12,14.0,7.2,0.1,1.08,13.1
2024-06-13,15.1,7.6,7.2,1.12,26.9
2024-06-14,16.8,11.9,25.0,0.83,41.0
2024-06-15,14.3,10.2,1.1,1.87,33.6
2024-06-16,16.4,9.1,8.9,1.26,28.9
2024-06-17,15.8,10.1,1.3,1.06,23.4
2024-06-18,15.6,9.8,0.2,0.95,19.6
2024-06-19,14.6,11.4,0.0,1.3,32.8
2024-06-20,13.8,10.3,0.0,1.55,30.4
2024-06-21,13.8,8.6,0.0,1.13,27.1
2024-06-22,15.3,10.3,5.9,1.24,22.0
2024-06-23,15.9,9.6,10.8,0.89,20.9
2024-06-24,14.2,7.8,0.0,0.87,11.5
2024-06-25,13.9,9.6,1.6,1.33,36.7
2024-06-26,14.4,11.3,0.3,1.8,35.4
2024-06-27,15.1,8.9,0.0,1.3,17.8
2024-06-28,14.4,6.2,0.0,1.2,9.9
2024-06-29,15.2,8.7,0.2,1.07,18.3
2024-06-30,14.6,8.9,0.0,1.23,14.8
2024-07-01,15.6,10.2,11.2,0.76,34.8
2024-07-02,13.6,11.3,3.2,2.14,34.2
2024-07-03,13.8,6.9,0.3,1.66,25.3
2024-07-04,12.4,4.6,0.0,1.21,9.2
2024-07-05,11.4,3.5,0.0,1.34,12.8
2024-07-06,13.2,6.2,0.4,1.56,28.5
2024-07-07,13.1,6.2,0.5,1.22,26.5
2024-07-08,15.1,7.5,0.2,1.24,17.5
2024-07-09,14.4,7.2,0.0,1.12,12.4
2024-07-10,14.4,5.9,0.0,1.29,13.0
2024-07-11,13.4,5.1,0.0,1.17,13.3
2024-07-12,11.8,3.9,0.0,1.41,17.5
2024-07-13,12.4,4.9,0.0,1.38,16.6
2024-07-14,13.6,6.9,0.7,1.37,35.1
2024-07-15,13.9,9.9,27.1,0.53,37.4
2024-07-16,15.4,9.1,0.2,1.09,12.1
2024-07-17,12.4,7.9,13.0,0.41,16.2
2024-07-18,16.0,7.1,0.2,1.23,9.1
2024-07-19,14.5,10.3,13.7,0.45,18.1
2024-07-20,13.9,11.9,21.5,1.0,31.3
2024-07-21,15.9,11.8,6.6,1.15,32.4
2024-07-22,13.6,10.4,9.5,0.95,22.9
2024-07-23,13.6,9.6,2.6,1.71,29.7
2024-07-24,13.6,10.6,2.5,1.42,24.5
2024-07-25,15.0,11.1,0.3,1.54,21.3
2024-07-26,14.8,6.8,0.0,1.44,13.3
2024-07-27,14.6,5.3,0.2,1.38,8.1
2024-07-28,15.0,5.6,0.0,1.55,15.6
2024-07-29,15.1,8.1,13.6,0.91,27.9
2024-07-30,15.1,9.9,31.1,1.16,24.8
2024-07-31,15.2,8.4,7.0,1.07,13.4
2024-08-01,12.3,8.4,7.0,0.93,20.0
2024-08-02,13.1,8.1,1.6,1.55,26.4
2024-08-03,13.1,7.0,0.0,1.87,30.4
2024-08-04,12.9,7.1,0.1,1.38,24.5
2024-08-05,13.4,4.1,0.1,1.51,13.5
2024-08-06,13.5,6.2,0.7,1.48,16.4
2024-08-07,14.2,5.2,0.0,1.64,11.1
2024-08-08,14.4,7.1,8.2,0.92,25.5
2024-08-09,13.4,7.0,1.5,1.5,17.1
2024-08-10,13.5,9.6,0.2,1.59,25.7
2024-08-11,13.8,9.1,0.1,1.54,16.8
2024-08-12,14.1,10.6,2.2,1.83,37.8
2024-08-13,13.4,7.7,0.0,2.04,28.8
2024-08-14,14.0,4.1,0.0,1.81,13.2
2024-08-15,13.4,5.4,1.0,1.25,17.1
2024-08-16,14.9,10.9,1.9,1.52,19.6
2024-08-17,15.8,10.4,19.8,0.48,32.5
2024-08-18,16.5,12.2,17.0,1.01,40.1
2024-08-19,13.6,10.2,7.4,2.42,43.5
2024-08-20,12.9,10.1,0.7,2.11,31.9
2024-08-21,13.7,8.1,0.6,1.65,17.6
2024-08-22,15.3,5.1,0.2,1.87,11.4
2024-08-23,16.9,8.1,0.2,2.01,21.6
2024-08-24,14.6,8.9,6.9,1.11,19.0
2024-08-25,15.1,7.4,0.0,1.91,16.6
2024-08-26,16.5,9.1,1.1,1.71,26.6
2024-08-27,16.2,11.6,13.0,1.46,27.8
2024-08-28,15.1,12.1,1.9,1.74,28.0
2024-08-29,17.8,12.1,7.5,1.23,37.5
2024-08-30,15.8,9.3,0.0,2.2,19.7
2024-08-31,18.2,10.2,6.6,1.6,33.1
2024-09-01,17.4,9.4,7.9,2.2,39.4
2024-09-02,19.4,9.4,0.0,2.0,8.7
2024-09-03,18.0,11.9,4.0,1.62,33.2
2024-09-04,14.1,9.2,2.8,2.28,17.6
2024-09-05,14.0,7.3,0.0,2.55,21.9
2024-09-06,14.3,11.2,1.6,2.27,26.1
2024-09-07,16.1,12.6,4.3,1.76,34.0
2024-09-08,14.7,11.2,5.8,2.61,37.2
2024-09-09,14.4,10.6,0.2,2.59,28.9
2024-09-10,15.4,12.4,2.5,1.93,27.0
2024-09-11,14.3,9.9,0.0,2.81,26.9
2024-09-12,14.9,7.4,0.1,2.37,12.6
2024-09-13,16.1,7.7,0.2,1.86,23.6
2024-09-14,17.4,11.7,22.5,1.04,23.6
2024-09-15,14.3,10.8,5.9,2.43,26.0
2024-09-16,14.2,8.4,6.5,1.61,33.6
2024-09-17,11.1,8.1,9.4,2.5,42.2
2024-09-18,13.0,7.9,1.1,3.02,29.7
2024-09-19,15.1,10.6,2.8,2.57,35.6
2024-09-20,14.9,12.1,14.6,1.4,33.7
2024-09-21,15.8,8.3,0.5,2.55,22.0
2024-09-22,17.6,8.6,1.6,2.51,22.1
2024-09-23,15.6,9.9,0.8,2.74,22.2
2024-09-24,15.7,11.9,2.7,2.5,35.5
2024-09-25,14.2,8.8,0.0,3.04,24.0
2024-09-26,15.1,9.2,0.1,2.71,21.9
2024-09-27,15.6,11.2,3.9,1.75,37.1
2024-09-28,14.6,10.8,0.0,3.65,25.9
2024-09-29,15.0,10.9,0.5,2.73,26.7
2024-09-30,17.0,10.2,0.0,3.09,22.5
2024-10-01,16.9,10.1,0.2,2.59,25.9
2024-10-02,16.7,12.7,16.5,1.84,35.6
2024-10-03,15.1,7.8,30.8,2.46,28.9
2024-10-04,16.9,5.8,0.1,3.18,13.5
2024-10-05,18.2,9.2,18.0,2.53,22.8
2024-10-06,18.5,12.2,5.8,2.69,37.7
2024-10-07,17.8,13.8,13.7,2.14,39.5
2024-10-08,16.7,12.4,0.6,3.08,25.2
2024-10-09,15.4,11.1,9.5,2.09,28.3
2024-10-10,14.1,8.2,3.6,2.85,14.2
2024-10-11,14.9,7.4,2.1,2.79,14.3
2024-10-12,14.6,11.0,0.8,2.87,33.9
2024-10-13,16.0,11.2,4.2,2.75,25.3
2024-10-14,13.9,9.2,2.1,3.09,41.0
2024-10-15,14.8,9.9,0.4,3.13,32.8
2024-10-16,16.2,7.8,2.5,3.09,11.9
2024-10-17,16.8,9.1,0.1,3.05,22.1
2024-10-18,16.3,9.6,0.1,3.09,24.1
2024-10-19,17.0,11.2,1.1,3.11,22.4
2024-10-20,17.4,9.9,0.6,3.15,20.5
2024-10-21,17.0,8.4,0.0,3.44,17.0
2024-10-22,16.5,11.8,0.7,2.97,20.1
2024-10-23,16.5,10.9,1.5,2.63,17.1
2024-10-24,18.2,9.9,0.5,3.56,22.2
2024-10-25,22.4,12.6,0.6,3.83,20.8
2024-10-26,21.9,15.3,13.2,2.6,34.2
2024-10-27,18.2,12.4,3.3,3.56,26.0
2024-10-28,15.6,12.4,1.0,3.9,34.8
2024-10-29,18.2,11.4,7.5,3.75,39.0
2024-10-30,15.4,9.8,2.2,3.6,22.6
2024-10-31,16.1,12.4,1.6,3.22,24.8
2024-11-01,17.0,12.2,0.7,3.4,21.1
2024-11-02,18.2,13.4,4.0,3.28,27.5
2024-11-03,14.6,11.2,0.2,3.99,28.9
2024-11-04,15.9,8.4,0.7,3.61,18.0
2024-11-05,16.3,9.2,0.0,4.09,17.5
2024-11-06,18.6,12.1,0.2,2.94,15.2
2024-11-07,20.3,11.8,4.7,3.84,11.1
2024-11-08,20.7,11.1,1.2,4.27,12.2
2024-11-09,21.1,12.6,0.0,3.7,18.9
2024-11-10,20.6,13.7,0.3,3.02,20.4
2024-11-11,17.4,13.5,5.9,2.86,21.8
2024-11-12,20.6,13.0,3.0,4.36,15.5
2024-11-13,19.0,14.2,5.6,1.69,21.2
2024-11-14,20.2,15.3,2.7,2.18,26.7
2024-11-15,18.2,14.9,34.9,0.99,27.0
2024-11-16,17.0,12.2,0.3,3.97,23.0
2024-11-17,17.6,10.9,1.7,3.1,19.7
2024-11-18,17.6,10.4,0.0,3.79,18.2
2024-11-19,18.8,9.6,0.0,4.3,12.7
2024-11-20,17.9,10.6,5.9,3.34,23.8
2024-11-21,15.8,10.5,2.7,3.39,30.4
2024-11-22,17.0,11.2,0.1,4.54,25.8
2024-11-23,15.7,13.2,1.3,2.69,21.7
2024-11-24,17.3,12.3,0.4,3.95,20.5
2024-11-25,17.5,12.2,0.0,3.82,20.1
2024-11-26,18.5,14.9,0.9,2.91,19.5
2024-11-27,19.0,14.1,0.0,3.47,16.4
2024-11-28,19.5,14.9,0.0,3.92,15.3
2024-11-29,20.2,15.5,0.2,3.82,19.2
2024-11-30,20.0,15.6,13.0,2.07,17.9
2024-12-01,19.5,14.6,5.2,2.27,19.8
2024-12-02,23.2,13.1,1.6,4.96,8.3
2024-12-03,21.9,13.3,0.6,4.92,10.7
2024-12-04,20.3,13.7,0.0,4.73,15.8
2024-12-05,20.7,15.4,0.4,4.54,22.8
2024-12-06,19.8,14.9,0.2,4.2,30.5
2024-12-07,20.8,14.1,0.1,4.18,16.1
2024-12-08,22.3,13.8,3.0,4.06,19.6
2024-12-09,22.2,16.2,12.6,3.14,30.8
2024-12-10,19.5,12.6,2.0,4.14,14.2
2024-12-11,22.5,12.9,1.9,4.25,10.5
2024-12-12,20.5,16.9,16.1,1.67,26.8
2024-12-13,20.5,15.2,1.2,4.39,26.2
2024-12-14,22.2,14.1,0.0,5.1,15.0
2024-12-15,25.1,14.2,0.0,5.54,9.4
2024-12-16,18.9,15.6,28.6,1.07,12.6
2024-12-17,21.1,13.2,1.3,4.92,21.6
2024-12-18,19.9,10.8,0.0,5.21,21.5
2024-12-19,21.1,14.8,0.0,5.31,17.1
2024-12-20,22.1,14.8,1.2,4.38,19.2
2024-12-21,22.0,14.6,9.6,4.1,27.8
2024-12-22,21.7,16.0,1.7,4.77,17.6
2024-12-23,20.4,15.3,4.7,4.17,23.8
2024-12-24,21.0,14.0,0.2,4.8,14.9
2024-12-25,22.6,11.4,8.2,4.33,16.6
2024-12-26,19.5,15.1,5.4,4.36,24.4
2024-12-27,20.1,16.6,0.4,4.83,37.1
2024-12-28,20.2,15.1,0.0,5.58,26.6
2024-12-29,21.2,15.1,0.0,4.89,18.3
2024-12-30,21.3,15.2,3.4,3.78,25.9
2024-12-31,19.8,13.0,13.2,4.1,35.3
2025-01-01,19.4,15.3,2.7,4.25,25.5
2025-01-02,19.4,15.4,3.6,4.18,25.3
2025-01-03,20.0,14.8,7.0,4.28,32.2
2025-01-04,19.1,13.4,3.2,4.4,33.5
2025-01-05,18.7,13.9,2.0,4.04,24.4
2025-01-06,19.1,11.1,0.0,4.83,26.3
2025-01-07,19.9,13.9,0.0,5.13,23.2
2025-01-08,20.5,15.5,2.7,3.48,27.1
2025-01-09,22.9,14.9,0.5,5.3,17.4
2025-01-10,22.1,14.4,2.8,5.05,17.3
2025-01-11,21.4,14.4,0.0,5.25,19.8
2025-01-12,20.4,13.5,0.0,5.61,20.7
2025-01-13,19.8,13.0,0.4,5.08,25.3
2025-01-14,21.1,14.4,0.0,5.18,18.6
2025-01-15,21.5,14.6,0.4,4.88,16.4
2025-01-16,24.1,11.8,0.5,5.26,17.1
2025-01-17,22.6,16.6,0.2,4.16,26.2
2025-01-18,23.7,15.9,0.0,5.22,20.8
2025-01-19,22.1,16.6,3.5,3.89,32.1
2025-01-20,21.3,18.0,0.5,3.95,29.7
2025-01-21,19.4,16.4,32.9,1.66,34.0
2025-01-22,23.3,15.7,0.6,4.85,17.6
2025-01-23,21.4,15.6,1.3,4.16,20.6
2025-01-24,22.6,16.2,0.2,4.49,14.1
2025-01-25,24.5,14.7,5.0,4.02,26.2
2025-01-26,21.8,18.0,23.5,2.74,34.4
2025-01-27,20.3,16.1,0.9,4.85,29.6
2025-01-28,21.3,12.1,5.2,4.15,16.3
2025-01-29,22.0,14.3,0.2,4.38,18.9
2025-01-30,22.1,14.7,0.1,3.93,13.4
2025-01-31,24.4,15.1,1.2,4.88,13.2
2025-02-01,23.8,16.0,2.0,4.19,12.7
2025-02-02,23.7,16.8,0.1,4.5,16.3
2025-02-03,24.1,16.5,9.1,4.05,9.7
2025-02-04,22.5,15.6,0.0,4.74,14.2
2025-02-05,22.0,14.6,0.2,4.38,18.4
2025-02-06,22.0,14.6,1.0,4.01,14.0
2025-02-07,24.6,15.5,1.0,4.68,21.1
2025-02-08,25.5,16.3,0.2,5.17,15.1
2025-02-09,24.2,14.0,1.4,4.76,15.5
2025-02-10,25.5,17.2,1.4,4.88,13.8
2025-02-11,24.6,17.0,2.8,4.26,14.2
2025-02-12,25.2,15.2,0.0,5.08,8.6
2025-02-13,23.5,13.9,4.2,4.41,9.3
2025-02-14,23.0,14.1,7.6,3.46,12.2
2025-02-15,21.8,15.8,0.4,4.23,26.4
2025-02-16,22.5,16.4,5.1,3.63,27.2
2025-02-17,24.2,18.6,5.7,2.91,28.0
2025-02-18,25.0,17.8,0.3,4.4,21.8
2025-02-19,23.0,16.8,0.9,3.47,24.2
2025-02-20,24.6,17.5,0.3,4.18,14.1
2025-02-21,23.0,17.0,2.9,4.5,25.6
2025-02-22,21.8,16.5,0.0,4.75,22.7
2025-02-23,22.1,15.9,0.2,4.33,16.3
2025-02-24,24.4,14.6,0.0,4.52,12.1
2025-02-25,24.0,13.8,2.1,3.83,12.8
2025-02-26,23.0,15.0,0.0,4.43,13.8
2025-02-27,23.3,15.6,1.0,3.8,14.8
2025-02-28,25.9,13.4,0.3,4.41,12.7
2025-03-01,24.0,16.5,1.9,4.09,12.3
2025-03-02,23.2,15.3,0.0,4.24,15.9
2025-03-03,23.2,16.1,0.0,4.15,16.5
2025-03-04,22.3,16.5,2.1,2.33,21.0
2025-03-05,20.6,14.5,0.3,4.99,25.1
2025-03-06,19.0,10.8,0.0,4.5,15.6
2025-03-07,20.2,10.9,0.0,4.38,16.7
2025-03-08,21.4,14.0,0.7,3.66,22.5
2025-03-09,22.2,16.5,0.2,4.74,21.9
2025-03-10,24.0,12.9,0.0,4.56,15.0
2025-03-11,21.6,11.1,0.0,4.06,19.3
2025-03-12,21.0,15.8,2.3,2.91,20.7
2025-03-13,21.4,14.2,0.1,3.61,13.1
2025-03-14,23.2,10.9,0.2,3.67,11.1
2025-03-15,21.6,12.6,0.2,3.58,15.8
2025-03-16,23.9,12.7,0.3,3.5,13.2
2025-03-17,23.0,15.5,1.8,2.3,22.0
2025-03-18,23.0,16.1,5.0,2.68,36.2
2025-03-19,18.8,13.1,11.1,1.74,19.2
2025-03-20,22.2,12.3,0.3,3.29,17.3
2025-03-21,23.3,12.2,0.0,3.69,13.0
2025-03-22,22.5,13.0,0.0,3.28,13.4
2025-03-23,21.8,13.0,0.0,3.39,12.7
2025-03-24,22.2,14.2,0.3,3.13,14.7
2025-03-25,24.1,13.9,0.4,3.31,14.0
2025-03-26,21.7,15.2,0.0,3.23,13.9
2025-03-27,21.6,15.4,0.0,3.21,16.7
2025-03-28,21.2,16.0,1.0,3.13,20.0
2025-03-29,21.3,14.6,4.8,2.53,15.8
2025-03-30,22.2,14.3,0.7,3.12,14.1
2025-03-31,22.2,11.5,0.0,2.84,16.7
2025-04-01,22.0,13.8,0.4,3.02,19.6
2025-04-02,20.9,17.1,6.0,1.63,26.1
2025-04-03,18.7,16.1,18.5,0.63,26.1
2025-04-04,21.0,17.8,59.7,0.59,31.9
2025-04-05,20.5,14.2,1.4,2.7,21.0
2025-04-06,21.9,12.9,1.8,2.81,21.4
2025-04-07,19.8,16.3,1.8,3.11,25.7
2025-04-08,18.2,15.2,6.5,2.21,29.7
2025-04-09,17.7,12.9,0.0,3.09,20.2
2025-04-10,18.6,10.6,0.0,2.51,8.4
2025-04-11,19.5,9.9,0.2,2.26,16.0
2025-04-12,19.9,11.4,0.0,2.79,17.9
2025-04-13,21.1,11.1,0.0,2.52,21.0
2025-04-14,21.3,13.5,0.7,2.28,17.0
2025-04-15,21.2,14.4,0.0,2.49,25.9
2025-04-16,19.4,16.7,14.0,1.86,36.2
2025-04-17,19.0,16.5,24.3,0.85,45.9
2025-04-18,22.0,18.5,12.1,1.77,32.9
2025-04-19,22.5,18.1,8.8,1.93,25.1
2025-04-20,21.9,16.4,14.0,1.68,21.4
2025-04-21,20.1,14.5,2.4,1.78,11.9
2025-04-22,19.4,14.1,0.8,1.87,14.7
2025-04-23,20.5,13.6,0.8,2.47,17.9
2025-04-24,18.0,12.1,0.0,2.57,21.1
2025-04-25,18.5,13.6,0.5,1.83,23.6
2025-04-26,19.3,15.7,3.6,1.8,26.0
2025-04-27,17.5,15.9,32.8,0.43,19.4
2025-04-28,20.7,15.9,6.3,1.76,20.4
2025-04-29,20.1,17.2,16.1,1.48,32.2
2025-04-30,20.0,16.1,22.9,0.91,25.3
2025-05-01,17.1,14.6,13.3,1.5,37.3
2025-05-02,16.1,11.6,3.6,1.61,15.7
2025-05-03,16.0,10.8,0.0,2.27,25.3
2025-05-04,17.2,9.2,0.0,2.04,11.9
2025-05-05,17.3,6.8,0.0,1.93,8.5
2025-05-06,17.4,6.2,0.0,1.79,9.2
2025-05-07,17.9,9.4,0.5,1.52,12.4
2025-05-08,19.3,12.7,3.0,1.37,24.2
2025-05-09,18.4,15.3,13.8,0.45,27.2
2025-05-10,16.8,13.3,0.0,2.44,22.8
2025-05-11,17.8,11.2,0.0,1.69,21.6
2025-05-12,17.8,9.7,0.2,1.7,9.4
2025-05-13,16.7,9.5,0.0,1.51,16.9
2025-05-14,18.0,11.1,0.0,1.46,17.0
2025-05-15,16.9,10.6,0.0,1.94,16.7
2025-05-16,17.9,11.2,0.0,1.66,13.7
2025-05-17,18.4,9.2,0.0,1.58,15.0
2025-05-18,19.5,14.9,17.0,0.99,26.6
2025-05-19,15.9,12.1,7.0,2.15,28.9
2025-05-20,14.9,10.9,0.0,2.11,19.1
2025-05-21,16.8,7.7,0.0,1.59,9.3
2025-05-22,15.6,6.1,0.0,1.47,8.4
2025-05-23,16.5,7.9,0.2,1.3,13.2
2025-05-24,16.6,8.1,0.1,1.41,15.0
2025-05-25,17.3,11.2,0.0,1.51,23.1
2025-05-26,18.8,12.5,13.2,1.22,22.1
2025-05-27,17.5,11.1,8.9,1.28,12.1
2025-05-28,17.2,11.7,9.0,0.48,27.7
2025-05-29,17.0,12.4,15.1,1.06,30.4
2025-05-30,16.6,13.4,3.3,1.8,31.1
2025-05-31,16.5,14.4,0.2,2.23,30.0
2025-06-01,16.1,13.4,0.0,2.06,26.6
2025-06-02,16.1,12.3,0.5,1.32,17.0
2025-06-03,15.8,10.6,0.0,1.23,13.6
2025-06-04,18.5,12.8,22.2,0.73,32.9
2025-06-05,16.9,11.2,2.1,1.14,27.2
2025-06-06,12.4,9.1,21.7,1.09,21.8
2025-06-07,11.9,5.8,3.3,1.03,13.1
2025-06-08,13.8,4.3,3.5,1.16,18.9
2025-06-09,15.8,9.3,23.3,1.0,23.1
2025-06-10,14.8,8.3,22.9,0.36,25.0
2025-06-11,17.5,13.4,5.0,1.37,27.3
2025-06-12,15.1,12.5,5.6,1.0,23.1
2025-06-13,15.7,11.9,4.6,1.53,26.3
2025-06-14,14.6,8.9,9.2,0.93,14.0
2025-06-15,13.2,9.0,3.8,0.72,20.8
2025-06-16,13.6,6.8,0.0,1.23,11.3
2025-06-17,14.1,5.8,0.0,1.26,11.1
2025-06-18,14.6,3.0,0.0,1.2,7.1
2025-06-19,15.9,6.4,4.0,1.34,18.8
2025-06-20,15.5,10.8,5.0,1.24,20.2
2025-06-21,14.2,8.5,0.1,1.23,14.1
2025-06-22,13.4,5.9,0.0,1.7,23.5
2025-06-23,15.8,12.3,2.4,1.71,28.4
2025-06-24,15.4,8.6,0.0,1.31,15.2
2025-06-25,15.4,6.3,0.1,1.3,21.3
2025-06-26,18.0,13.5,3.4,1.39,32.5
2025-06-27,16.0,12.4,26.7,0.48,31.1
2025-06-28,15.1,12.8,6.9,1.06,31.3
2025-06-29,14.9,12.3,0.9,1.68,28.9
2025-06-30,14.9,11.9,0.1,1.69,23.7
2025-07-01,14.4,7.1,0.0,1.23,12.4
2025-07-02,15.3,6.2,0.3,1.01,30.0
2025-07-03,17.0,14.2,24.2,0.54,32.8
2025-07-04,18.5,13.2,7.4,1.19,20.3
2025-07-05,15.7,12.2,6.0,0.82,28.3
2025-07-06,14.8,8.9,0.0,1.33,13.6
2025-07-07,13.0,4.7,0.0,1.1,9.6
2025-07-08,13.8,5.7,0.0,1.19,15.8
2025-07-09,14.6,11.6,3.7,1.1,27.3
2025-07-10,14.9,12.8,5.2,0.52,23.0
2025-07-11,14.6,13.0,67.8,0.25,37.4
2025-07-12,15.1,10.2,2.0,1.18,26.0
2025-07-13,14.4,8.8,2.9,0.89,15.3
2025-07-14,14.7,7.7,0.7,1.26,17.9
2025-07-15,12.7,10.7,9.4,1.37,32.9
2025-07-16,14.7,9.0,1.4,2.28,30.4
2025-07-17,13.4,9.1,37.3,0.67,22.1
2025-07-18,13.5,9.0,3.4,1.48,26.4
2025-07-19,14.9,7.6,0.4,1.35,14.2
2025-07-20,13.8,6.5,0.1,1.33,12.8
2025-07-21,11.2,5.1,0.0,1.41,13.1
2025-07-22,11.9,4.0,0.0,1.36,11.4
2025-07-23,13.4,3.7,0.0,1.51,10.3
2025-07-24,14.5,3.2,0.0,1.47,6.4
2025-07-25,14.0,2.8,0.0,1.49,17.7
2025-07-26,15.1,9.6,0.2,1.42,25.7
2025-07-27,15.6,9.9,0.0,1.63,23.1
2025-07-28,15.8,11.9,0.7,1.98,36.2
2025-07-29,14.9,13.6,66.3,0.5,36.3
2025-07-30,15.1,10.9,3.4,1.35,20.7
2025-07-31,14.2,8.7,3.3,1.25,10.3
2025-08-01,13.6,7.8,0.1,1.59,16.1
2025-08-02,12.8,4.7,0.0,1.56,20.0
2025-08-03,13.4,6.4,0.0,1.7,15.6
2025-08-04,12.6,5.3,0.0,1.52,18.7
2025-08-05,13.1,8.6,0.6,1.25,32.5
2025-08-06,13.9,10.9,0.2,1.58,28.8
2025-08-07,14.9,11.3,1.5,1.44,25.8
2025-08-08,14.1,10.8,14.3,1.38,24.9
2025-08-09,11.4,8.1,2.3,2.25,25.9
2025-08-10,10.8,5.5,0.0,1.81,29.6
2025-08-11,12.4,4.4,0.0,1.76,12.5
2025-08-12,13.2,4.2,0.0,1.69,11.9
2025-08-13,13.8,4.5,0.4,1.75,9.8
2025-08-14,13.7,3.5,0.5,1.61,11.4
2025-08-15,14.0,4.0,0.0,1.84,8.6
2025-08-16,13.6,4.8,13.5,1.05,27.0
2025-08-17,17.1,11.1,13.6,1.23,28.1
2025-08-18,13.5,10.6,13.1,1.35,30.6
2025-08-19,11.3,6.9,20.0,1.34,24.2
2025-08-20,11.2,6.6,0.0,2.15,25.9
2025-08-21,13.3,5.4,0.0,2.1,15.8
2025-08-22,13.1,5.2,0.9,1.75,10.2
2025-08-23,12.2,4.2,3.4,1.66,9.4
2025-08-24,14.0,3.5,18.0,1.36,13.4
2025-08-25,14.6,8.9,1.5,1.55,21.7
2025-08-26,15.5,10.2,0.0,2.34,23.6
2025-08-27,15.8,10.1,0.3,1.71,26.6
2025-08-28,16.0,8.2,4.4,1.63,30.1
2025-08-29,14.4,10.6,14.9,1.65,33.3
2025-08-30,14.9,11.6,2.4,2.31,26.4
2025-08-31,13.6,10.1,26.2,1.59,44.3
2025-09-01,14.7,12.1,0.4,3.11,35.9
2025-09-02,14.6,11.9,0.8,2.21,25.5
2025-09-03,14.8,8.6,0.1,2.06,16.3
2025-09-04,15.1,7.5,0.1,2.22,14.0
2025-09-05,17.2,8.1,0.0,2.27,19.1
2025-09-06,13.1,10.2,8.4,1.06,24.0
2025-09-07,14.0,9.9,0.8,2.86,29.3
2025-09-08,14.3,6.2,0.1,2.51,13.1
2025-09-09,12.7,4.7,1.8,1.58,17.8
2025-09-10,15.9,11.4,4.8,2.65,40.5
2025-09-11,14.3,9.4,6.1,2.76,22.3
2025-09-12,15.1,10.1,21.9,2.03,37.2
2025-09-13,14.4,11.2,8.9,2.64,37.7
2025-09-14,14.4,12.1,3.0,2.64,37.4
2025-09-15,14.8,11.6,1.7,2.32,24.3
2025-09-16,15.2,12.4,3.6,2.28,28.5
2025-09-17,15.9,12.1,1.4,2.26,24.5
2025-09-18,15.0,11.8,10.7,1.13,38.5
2025-09-19,14.2,7.5,0.9,2.79,21.9
2025-09-20,13.9,5.8,0.3,2.4,23.8
2025-09-21,16.1,11.1,0.9,2.5,27.8
2025-09-22,17.9,13.4,4.0,1.95,25.9
2025-09-23,17.2,13.4,24.6,1.16,22.6
2025-09-24,18.0,13.2,26.7,1.26,19.4
2025-09-25,14.9,11.4,1.7,2.3,27.0
2025-09-26,15.8,10.9,1.7,3.03,27.2
2025-09-27,17.7,11.2,3.7,2.73,16.0
2025-09-28,18.2,12.2,1.3,2.19,20.8
2025-09-29,16.6,12.1,7.5,2.03,28.2
2025-09-30,14.9,9.4,0.7,3.22,12.3
2025-10-01,15.4,10.8,1.8,2.58,26.8
2025-10-02,17.0,10.2,3.3,1.74,27.0
2025-10-03,18.6,14.5,23.5,1.06,20.2
2025-10-04,15.3,9.6,29.9,2.31,25.9
2025-10-05,14.6,9.8,4.2,2.71,23.5
2025-10-06,15.2,11.2,4.4,2.62,29.1
2025-10-07,15.3,12.2,10.9,2.63,35.8
2025-10-08,15.8,11.1,0.0,3.3,19.2
2025-10-09,16.7,8.1,2.9,1.81,19.6
2025-10-10,17.2,14.6,2.6,1.73,25.4
2025-10-11,18.7,14.1,0.0,2.81,21.9
2025-10-12,18.6,13.6,1.4,2.73,31.4
2025-10-13,17.5,15.3,6.7,1.23,27.6
2025-10-14,16.3,12.2,33.5,1.13,29.0
2025-10-15,15.4,11.4,0.4,3.3,22.4
2025-10-16,16.1,12.1,2.2,3.04,27.8
2025-10-17,17.3,9.4,0.0,3.45,16.1
2025-10-18,16.6,7.6,0.4,2.75,15.6
2025-10-19,18.2,10.8,0.1,3.25,21.1
2025-10-20,19.1,13.9,0.5,3.61,18.3
2025-10-21,19.2,14.9,0.2,2.94,30.5
2025-10-22,17.1,15.8,13.9,0.83,28.8
2025-10-23,19.9,15.5,14.0,2.0,31.6
2025-10-24,17.8,10.9,7.3,3.61,15.6
2025-10-25,15.9,11.4,0.7,2.95,22.6
2025-10-26,15.5,12.0,2.8,3.75,26.0
2025-10-27,19.5,13.0,2.4,2.44,32.6
2025-10-28,16.8,11.2,43.8,2.51,39.4
2025-10-29,16.0,11.1,0.5,3.61,28.8
2025-10-30,16.6,10.6,0.6,2.38,6.7
2025-10-31,16.1,11.3,0.0,3.91,21.5
2025-11-01,19.0,11.2,1.1,4.08,19.8
2025-11-02,19.0,10.1,0.1,3.87,14.5
2025-11-03,19.0,8.4,0.0,4.34,17.2
2025-11-04,20.6,9.6,2.0,3.9,11.0
2025-11-05,21.8,10.6,0.0,4.7,13.4
2025-11-06,22.0,10.4,1.8,4.18,8.0
2025-11-07,23.2,12.8,0.2,4.75,8.7
2025-11-08,23.1,12.6,3.7,4.11,9.9
2025-11-09,22.2,14.2,10.8,3.61,10.7
2025-11-10,21.4,15.9,4.8,2.8,16.9
2025-11-11,19.1,13.4,1.9,3.84,16.2
2025-11-12,18.6,11.7,19.1,1.7,28.3
2025-11-13,18.5,12.2,11.5,2.94,24.8
2025-11-14,17.2,11.1,1.5,3.58,26.2
2025-11-15,17.3,11.2,4.4,2.67,27.7
2025-11-16,19.5,9.8,0.0,4.52,13.0
2025-11-17,20.6,12.9,0.4,4.07,24.5
2025-11-18,20.6,15.1,32.3,2.04,29.1
2025-11-19,22.7,16.6,19.5,2.36,12.8
2025-11-20,20.0,13.4,0.6,3.71,13.9
2025-11-21,22.1,12.9,0.0,4.86,13.3
2025-11-22,23.0,13.4,0.5,4.92,10.6
2025-11-23,19.9,14.6,1.9,4.22,16.2
2025-11-24,19.1,12.6,0.0,4.61,12.3
2025-11-25,20.5,12.3,2.2,3.25,21.2
2025-11-26,22.9,16.1,6.2,4.29,15.7
2025-11-27,23.2,15.6,0.4,4.4,15.4
2025-11-28,22.6,16.4,8.4,3.58,24.1
2025-11-29,21.6,13.8,0.0,4.98,13.6
2025-11-30,21.5,11.9,11.4,2.36,29.0
2025-12-01,20.0,14.3,0.4,4.54,23.0
2025-12-02,22.1,15.3,2.5,3.51,15.4
2025-12-03,22.0,14.1,18.0,3.22,25.5
2025-12-04,18.2,14.2,2.7,4.55,31.0
2025-12-05,19.4,15.1,0.4,4.29,26.6
2025-12-06,21.5,15.6,0.0,4.91,14.9
2025-12-07,25.3,14.4,0.0,5.77,12.5
2025-12-08,25.4,11.8,0.0,5.84,11.7
2025-12-09,25.5,13.9,0.0,5.74,11.5
2025-12-10,24.6,14.0,0.0,5.47,15.9
2025-12-11,22.9,16.6,0.0,4.68,18.4
2025-12-12,19.5,15.6,0.0,4.53,27.8
2025-12-13,24.1,13.4,0.0,5.95,16.9
2025-12-14,21.8,12.5,0.9,4.87,20.3
2025-12-15,23.1,15.3,0.4,4.23,21.3
2025-12-16,25.3,15.6,9.0,3.78,28.5
2025-12-17,17.5,14.8,0.4,5.14,25.9
2025-12-18,18.5,13.4,0.1,4.21,20.2
2025-12-19,19.0,15.6,2.5,3.4,28.8
2025-12-20,19.4,15.5,4.4,4.32,30.2
2025-12-21,18.9,14.6,0.2,4.43,20.7
2025-12-22,21.1,12.4,5.1,2.88,26.2
2025-12-23,20.7,18.2,6.5,1.6,32.2
2025-12-24,21.2,15.9,5.5,3.36,29.8
2025-12-25,22.5,13.6,0.2,4.88,13.9
2025-12-26,22.8,13.7,1.9,3.77,21.4
2025-12-27,18.4,13.9,2.1,2.33,14.3
2025-12-28,20.8,11.4,0.9,3.9,14.6
2025-12-29,20.8,16.3,13.3,1.65,34.9
2025-12-30,22.9,15.9,3.6,4.3,36.0
2025-12-31,22.9,15.9,21.6,4.15,23.1
2026-01-01,21.2,15.7,1.7,4.26,20.0
2026-01-02,20.8,15.6,21.7,4.4,12.7
2026-01-03,20.0,13.2,19.8,3.82,11.8
2026-01-04,22.3,13.6,1.3,4.75,11.4
2026-01-05,23.0,12.4,1.1,4.98,10.5
2026-01-06,22.9,14.1,0.3,4.39,9.8
2026-01-07,22.9,16.5,0.0,5.15,15.5
2026-01-08,20.9,17.0,0.1,4.37,26.6
2026-01-09,21.8,17.0,0.0,4.91,24.2
2026-01-10,23.0,16.9,0.0,5.06,21.3
2026-01-11,24.0,15.7,0.0,5.41,16.4
2026-01-12,22.9,15.6,0.9,3.86,27.6
2026-01-13,24.4,13.6,0.1,4.96,11.3
2026-01-14,25.4,17.0,0.9,4.15,15.6
2026-01-15,24.0,17.5,22.3,3.08,21.4
2026-01-16,21.5,16.8,10.4,4.19,19.0
2026-01-17,23.0,14.9,1.4,4.58,17.2
2026-01-18,19.4,14.1,30.8,2.92,25.1
2026-01-19,22.1,15.9,4.3,2.61,28.4
2026-01-20,19.4,17.4,41.7,1.5,33.0
2026-01-21,21.0,18.2,58.7,0.78,35.5
2026-01-22,21.5,18.1,2.8,2.85,31.9
2026-01-23,21.0,16.9,4.0,4.21,29.3
2026-01-24,18.0,15.1,10.8,4.26,39.3
2026-01-25,19.6,15.7,2.9,4.28,34.1
2026-01-26,18.5,14.9,3.1,3.12,26.8
2026-01-27,20.0,14.4,1.5,4.06,14.6
2026-01-28,22.8,14.2,0.7,4.65,12.6
2026-01-29,22.7,13.5,0.0,4.75,15.4
2026-01-30,23.6,15.9,0.0,5.05,15.2
2026-01-31,25.0,15.5,0.6,4.94,10.9
2026-02-01,23.0,16.1,0.0,4.04,12.2
2026-02-02,25.7,18.0,8.1,3.29,24.6
2026-02-03,22.5,16.8,4.0,3.88,27.7
2026-02-04,20.9,16.2,6.4,3.65,18.7
2026-02-05,22.1,15.3,1.8,4.26,14.3
2026-02-06,20.9,16.0,0.1,4.13,20.7
2026-02-07,22.0,16.1,0.0,4.32,17.4
2026-02-08,22.6,16.4,0.7,4.04,21.5
2026-02-09,23.8,14.6,0.0,4.17,14.8
2026-02-10,22.8,15.6,4.9,3.38,13.8
2026-02-11,25.0,15.9,1.0,4.7,10.8
2026-02-12,24.4,17.4,0.5,3.97,29.1
2026-02-13,23.6,20.2,10.1,1.64,21.2
2026-02-14,20.1,18.2,14.1,2.04,26.5
2026-02-15,18.5,16.4,2.7,4.41,36.5
2026-02-16,20.1,16.4,0.8,4.52,27.8
2026-02-17,20.3,13.7,0.5,3.05,16.8
2026-02-18,20.5,13.1,1.3,3.83,18.3
2026-02-19,21.0,15.6,2.3,3.7,26.2
2026-02-20,20.6,15.9,0.8,3.59,25.3
2026-02-21,19.9,13.4,0.0,4.59,18.5
2026-02-22,20.6,12.2,0.0,3.93,18.8
2026-02-23,20.4,14.6,0.0,4.28,15.0
2026-02-24,21.4,13.4,0.0,4.2,16.8
2026-02-25,24.1,15.8,0.2,3.91,19.1
2026-02-26,23.5,14.2,0.0,3.53,12.0
2026-02-27,22.7,14.8,0.7,4.03,13.0
2026-02-28,21.5,14.4,6.0,2.94,18.4
2026-03-01,22.9,15.8,10.7,3.59,16.2
2026-03-02,17.4,12.0,0.2,4.54,31.1
2026-03-03,16.1,10.6,0.0,4.27,27.0
2026-03-04,18.0,12.1,0.0,4.32,22.0
2026-03-05,20.0,11.8,0.2,3.34,14.1
2026-03-06,20.0,10.6,0.1,3.52,13.2
2026-03-07,21.5,10.1,0.2,3.37,13.0
2026-03-08,21.4,12.5,0.4,3.37,13.3
2026-03-09,21.9,13.1,0.1,3.4,15.1
2026-03-10,21.5,13.4,2.1,3.64,25.0
2026-03-11,17.3,15.9,5.3,1.61,26.9
2026-03-12,21.5,15.6,1.7,2.67,38.4
2026-03-13,25.0,19.0,15.1,2.61,21.5
2026-03-14,20.4,16.5,1.6,2.93,30.7
2026-03-15,19.4,16.0,0.1,3.59,25.6
2026-03-16,19.4,13.6,0.2,2.58,15.5
2026-03-17,20.7,12.6,0.0,3.43,14.4
2026-03-18,22.4,12.1,0.0,3.68,15.9
2026-03-19,24.2,14.1,0.0,3.74,15.7
2026-03-20,21.4,12.6,0.0,3.29,13.9
2026-03-21,22.3,12.6,3.3,3.16,12.7
2026-03-22,22.4,13.7,1.8,3.29,5.5
2026-03-23,22.0,15.6,1.6,3.1,19.3
2026-03-24,22.2,14.6,0.0,3.55,24.5
2026-03-25,19.8,17.0,9.1,1.35,31.0
2026-03-26,18.1,15.4,75.3,0.5,41.3
2026-03-27,23.8,15.9,6.3,2.99,27.2
2026-03-28,22.2,14.5,0.0,2.74,9.8
2026-03-29,22.7,13.5,3.0,2.4,12.9
2026-03-30,20.8,17.3,4.8,2.05,25.3
2026-03-31,18.5,15.2,0.5,2.67,29.7
2026-04-01,19.2,14.4,1.8,2.19,17.6
2026-04-02,19.8,12.6,0.8,2.57,12.0
2026-04-03,19.2,11.8,0.2,2.47,16.1
2026-04-04,19.1,12.6,0.6,2.04,14.7
2026-04-05,19.8,14.6,0.6,2.24,23.1
2026-04-06,19.6,15.4,1.6,2.36,30.9
2026-04-07,18.5,15.8,21.7,0.74,35.1
2026-04-08,21.5,14.5,7.3,1.82,28.7
2026-04-09,20.7,14.2,0.0,2.83,11.4
2026-04-10,21.8,14.4,2.4,2.17,14.4
2026-04-11,20.6,16.3,15.7,2.08,30.2
2026-04-12,19.5,17.5,69.8,0.69,43.1
2026-04-13,20.1,15.6,5.9,1.58,27.7
2026-04-14,17.5,13.4,19.8,1.53,25.8
2026-04-15,18.2,12.8,11.8,3.02,34.7
2026-04-16,18.2,15.4,0.7,3.12,30.2
2026-04-17,18.6,13.9,0.0,2.75,18.0
2026-04-18,20.8,13.4,6.8,2.41,27.0
2026-04-19,19.6,13.2,11.7,1.95,22.2
2026-04-20,16.2,10.0,11.3,1.6,12.7
2026-04-21,16.1,9.2,0.0,2.01,15.9
2026-04-22,16.5,10.9,0.0,1.72,15.7
2026-04-23,14.6,7.0,4.1,2.31,14.9
2026-04-24,13.8,8.5,24.6,0.57,16.4
2026-04-25,17.3,7.7,0.0,2.13,10.9
2026-04-26,17.5,8.1,0.0,1.9,13.6
2026-04-27,17.8,10.7,0.0,1.97,20.3
2026-04-28,18.1,10.1,0.7,1.71,10.0
2026-04-29,18.3,10.2,0.7,1.78,7.4
2026-04-30,18.1,11.6,0.0,2.04,14.1
2026-05-01,17.1,7.3,0.0,2.06,11.8
2026-05-02,17.1,8.1,0.3,1.76,12.8
2026-05-03,17.4,8.1,0.0,1.9,10.1
2026-05-04,17.1,7.7,0.0,1.82,12.3
2026-05-05,17.9,11.3,0.5,1.34,16.9
2026-05-06,19.0,13.7,0.6,1.51,16.0
2026-05-07,20.3,14.9,0.0,1.9,21.1
2026-05-08,19.4,15.1,16.3,1.19,26.3
2026-05-09,17.8,12.8,5.7,1.47,22.4
2026-05-10,17.2,12.8,1.0,1.69,30.3
2026-05-11,16.1,12.7,2.9,1.67,20.1
2026-05-12,15.6,11.1,3.6,0.98,18.2
2026-05-13,17.3,9.4,0.0,1.74,11.8
2026-05-14,15.8,7.5,0.0,1.7,11.3
2026-05-15,16.0,6.9,0.0,1.64,9.0
2026-05-16,16.0,7.2,0.0,1.61,10.3
2026-05-17,15.0,6.0,0.0,1.54,12.2
2026-05-18,15.6,6.0,0.0,1.56,10.6
2026-05-19,16.6,7.4,0.0,1.57,10.4
2026-05-20,16.4,9.1,0.6,1.45,19.7
2026-05-21,18.0,10.8,0.0,1.53,19.7
2026-05-22,17.2,10.9,0.0,1.57,21.8
2026-05-23,18.0,11.9,1.5,1.4,17.7
2026-05-24,17.6,11.1,0.0,1.53,20.7
2026-05-25,16.1,9.1,0.0,1.42,16.6
2026-05-26,16.4,7.3,0.0,1.41,16.5
2026-05-27,16.4,8.0,2.3,1.02,8.3
2026-05-28,15.9,9.8,0.3,1.14,12.5
2026-05-29,16.1,8.6,0.3,1.14,8.2
2026-05-30,16.9,8.9,0.9,1.25,24.5
2026-05-31,18.0,14.8,2.6,1.22,26.6
2026-06-01,17.8,16.0,6.2,0.71,31.4
2026-06-02,18.1,12.4,18.7,1.12,30.3
2026-06-03,16.1,11.9,9.0,1.06,19.5
2026-06-04,18.5,9.2,3.1,1.14,19.5
2026-06-05,17.5,13.4,15.8,0.64,24.7
2026-06-06,15.7,12.6,6.6,1.14,24.7
2026-06-07,15.8,12.9,0.8,1.95,26.7
2026-06-08,15.9,12.5,1.7,1.87,29.5
